"serviceIdentifierCode","title","url","protocol", "organisation","electronicMailAddress","metadataStandardVersion","operatesOn","datasetIdentifierCode","servicetype"
"0df47f0f-bac2-4283-acf8-970d1282fcbe","Richtlijn Stedelijk Afvalwater (RSA) OGC API Features","https://api.pdok.nl/rws/richtlijn-stedelijk-afvalwater/ogc/v1/","OGC:API features","Beheer PDOK","beheerpdok@kadaster.nl,beheerpdok@kadaster.nl","Nederlands metadata profiel op ISO 19119 voor services 2.1.0","https://nationaalgeoregister.nl/geonetwork/srv/dut/csw?service=CSW&request=GetRecordById&version=2.0.2&outputSchema=http://www.isotc211.org/2005/gmd&elementSetName=full&id=4eee12af-35db-49ff-8bf2-03793c53b739#MD_DataIdentification","4eee12af-35db-49ff-8bf2-03793c53b739","other"
"a22e453d-2dfb-45b0-ae1b-afb813508ddb","CBS Vierkantstatistieken 500m 2020 WFS","https://service.pdok.nl/cbs/vierkantstatistieken500m/2020/wfs/v1_0?request=GetCapabilities&service=WFS","OGC:WFS","Beheer PDOK","beheerpdok@kadaster.nl,beheerpdok@kadaster.nl","Nederlands metadata profiel op ISO 19119 voor services 2.1.0","https://www.nationaalgeoregister.nl/geonetwork/srv/dut/csw?service=CSW&request=GetRecordById&version=2.0.2&outputSchema=http://www.isotc211.org/2005/gmd&elementSetName=full&id=f605a24f-60cd-4c40-94c8-2186aba3ddd0#MD_DataIdentification","f605a24f-60cd-4c40-94c8-2186aba3ddd0","other"
"9f6b5ecb-a8fb-49ef-a51c-9395d687430b","Zeegebieden (INSPIRE geharmoniseerd) WFS","https://service.pdok.nl/kadaster/sr/wfs/v1_0?request=GetCapabilities&service=WFS","OGC:WFS","Beheer PDOK","beheerpdok@kadaster.nl,beheerpdok@kadaster.nl","Nederlands metadata profiel op ISO 19119 voor services 2.1.0","["https:\/\/www.nationaalgeoregister.nl\/geonetwork\/srv\/dut\/csw?service=CSW&request=GetRecordById&version=2.0.2&outputSchema=http:\/\/www.isotc211.org\/2005\/gmd&elementSetName=full&id=791adbe3-772f-42cb-a3be-5a617bcecef0#MD_DataIdentification","https:\/\/www.nationaalgeoregister.nl\/geonetwork\/srv\/dut\/csw?service=CSW&request=GetRecordById&version=2.0.2&outputSchema=http:\/\/www.isotc211.org\/2005\/gmd&elementSetName=full&id=791adbe3-772f-42cb-a3be-5a617bcecef0#MD_DataIdentification","https:\/\/www.nationaalgeoregister.nl\/geonetwork\/srv\/dut\/csw?service=CSW&request=GetRecordById&version=2.0.2&outputSchema=http:\/\/www.isotc211.org\/2005\/gmd&elementSetName=full&id=791adbe3-772f-42cb-a3be-5a617bcecef0#MD_DataIdentification","https:\/\/www.nationaalgeoregister.nl\/geonetwork\/srv\/dut\/csw?service=CSW&request=GetRecordById&version=2.0.2&outputSchema=http:\/\/www.isotc211.org\/2005\/gmd&elementSetName=full&id=791adbe3-772f-42cb-a3be-5a617bcecef0#MD_DataIdentification"]","791adbe3-772f-42cb-a3be-5a617bcecef0 791adbe3-772f-42cb-a3be-5a617bcecef0 791adbe3-772f-42cb-a3be-5a617bcecef0 791adbe3-772f-42cb-a3be-5a617bcecef0","other"
"bef01bd9-ea47-4a7d-9c2c-1832894019a3","CBS Vierkantstatistieken 100m 2013 WFS","https://service.pdok.nl/cbs/vierkantstatistieken100m/2013/wfs/v1_0?request=GetCapabilities&service=WFS","OGC:WFS","Beheer PDOK","beheerpdok@kadaster.nl,beheerpdok@kadaster.nl","Nederlands metadata profiel op ISO 19119 voor services 2.1.0","https://nationaalgeoregister.nl/geonetwork/srv/dut/csw?service=CSW&request=GetRecordById&version=2.0.2&outputSchema=http://www.isotc211.org/2005/gmd&elementSetName=full&id=1462bbce-ccd3-4362-83d8-4535ca8f44eb#MD_DataIdentification","1462bbce-ccd3-4362-83d8-4535ca8f44eb","other"
"1a06274d-c202-448f-8e9b-7cfb492075ac","Wetlands (INSPIRE geharmoniseerd) OGC API Features","https://api.pdok.nl/rvo/wetlands-geharmoniseerd/ogc/v1","OGC:API features","Beheer PDOK","beheerpdok@kadaster.nl,beheerpdok@kadaster.nl","Nederlands metadata profiel op ISO 19119 voor services 2.1.0","https://nationaalgeoregister.nl/geonetwork/srv/dut/csw?service=CSW&request=GetRecordById&version=2.0.2&outputSchema=http://www.isotc211.org/2005/gmd&elementSetName=full&id=19165027-a13a-4c19-9013-ec1fd191019d#MD_DataIdentification","19165027-a13a-4c19-9013-ec1fd191019d","other"
"a4bbba49-6d8c-408d-85cc-30c3fcffeaad","CBS Vierkantstatistieken 100m 2013 WMS","https://service.pdok.nl/cbs/vierkantstatistieken100m/2013/wms/v1_0?request=GetCapabilities&service=WMS","OGC:WMS","Beheer PDOK","beheerpdok@kadaster.nl,beheerpdok@kadaster.nl","Nederlands metadata profiel op ISO 19119 voor services 2.1.0","https://nationaalgeoregister.nl/geonetwork/srv/dut/csw?service=CSW&request=GetRecordById&version=2.0.2&outputSchema=http://www.isotc211.org/2005/gmd&elementSetName=full&id=1462bbce-ccd3-4362-83d8-4535ca8f44eb#MD_DataIdentification","1462bbce-ccd3-4362-83d8-4535ca8f44eb","view"
"57b47cd8-ef75-458d-b5bf-2c3b48f07e17","Hydrografie: Netwerk (INSPIRE geharmoniseerd) WMS","https://service.pdok.nl/rws/hydrografie/netwerk/wms/v1_0?request=GetCapabilities&service=WMS","OGC:WMS","Beheer PDOK","beheerpdok@kadaster.nl,beheerpdok@kadaster.nl","Nederlands metadata profiel op ISO 19119 voor services 2.1.0","["https:\/\/www.nationaalgeoregister.nl\/geonetwork\/srv\/dut\/csw?service=CSW&request=GetRecordById&version=2.0.2&outputSchema=http:\/\/www.isotc211.org\/2005\/gmd&elementSetName=full&id=c3955762-73a3-4c16-a15c-f3869487a1ea#MD_DataIdentification","https:\/\/www.nationaalgeoregister.nl\/geonetwork\/srv\/dut\/csw?service=CSW&request=GetRecordById&version=2.0.2&outputSchema=http:\/\/www.isotc211.org\/2005\/gmd&elementSetName=full&id=c3955762-73a3-4c16-a15c-f3869487a1ea#MD_DataIdentification","https:\/\/www.nationaalgeoregister.nl\/geonetwork\/srv\/dut\/csw?service=CSW&request=GetRecordById&version=2.0.2&outputSchema=http:\/\/www.isotc211.org\/2005\/gmd&elementSetName=full&id=c3955762-73a3-4c16-a15c-f3869487a1ea#MD_DataIdentification"]","c3955762-73a3-4c16-a15c-f3869487a1ea c3955762-73a3-4c16-a15c-f3869487a1ea c3955762-73a3-4c16-a15c-f3869487a1ea","view"
"b965603f-7354-4d5c-9357-68c1c3777117","CBS Gebiedsindelingen 2019 WMS","https://service.pdok.nl/cbs/gebiedsindelingen/2019/wms/v1_0?request=GetCapabilities&service=WMS","OGC:WMS","Beheer PDOK","beheerpdok@kadaster.nl,beheerpdok@kadaster.nl","Nederlands metadata profiel op ISO 19119 voor services 2.1.0","https://www.nationaalgeoregister.nl/geonetwork/srv/dut/csw?service=CSW&request=GetRecordById&version=2.0.2&outputSchema=http://www.isotc211.org/2005/gmd&elementSetName=full&id=effe1ab0-073d-437c-af13-df5c5e07d6cd#MD_DataIdentification","effe1ab0-073d-437c-af13-df5c5e07d6cd","view"
"3f498900-56f5-4b23-8d05-0d665498662b","CBS Vierkantstatistieken 500m 2014 WFS","https://service.pdok.nl/cbs/vierkantstatistieken500m/2014/wfs/v1_0?request=GetCapabilities&service=WFS","OGC:WFS","Beheer PDOK","beheerpdok@kadaster.nl,beheerpdok@kadaster.nl","Nederlands metadata profiel op ISO 19119 voor services 2.1.0","https://www.nationaalgeoregister.nl/geonetwork/srv/dut/csw?service=CSW&request=GetRecordById&version=2.0.2&outputSchema=http://www.isotc211.org/2005/gmd&elementSetName=full&id=f605a24f-60cd-4c40-94c8-2186aba3ddd0#MD_DataIdentification","f605a24f-60cd-4c40-94c8-2186aba3ddd0","other"
"557f39e4-faa8-4b9b-a6fa-6b929b67e0ae","CBS Vierkantstatistieken 100m 2016 WMS","https://service.pdok.nl/cbs/vierkantstatistieken100m/2016/wms/v1_0?request=GetCapabilities&service=WMS","OGC:WMS","Beheer PDOK","beheerpdok@kadaster.nl,beheerpdok@kadaster.nl","Nederlands metadata profiel op ISO 19119 voor services 2.1.0","https://nationaalgeoregister.nl/geonetwork/srv/dut/csw?service=CSW&request=GetRecordById&version=2.0.2&outputSchema=http://www.isotc211.org/2005/gmd&elementSetName=full&id=1462bbce-ccd3-4362-83d8-4535ca8f44eb#MD_DataIdentification","1462bbce-ccd3-4362-83d8-4535ca8f44eb","view"
"4b717eaa-1086-4235-b0bd-b4af1d4e4c1e","CBS Vierkantstatistieken 500m 2004 WMS","https://service.pdok.nl/cbs/vierkantstatistieken500m/2004/wms/v1_0?request=GetCapabilities&service=WMS","OGC:WMS","Beheer PDOK","beheerpdok@kadaster.nl,beheerpdok@kadaster.nl","Nederlands metadata profiel op ISO 19119 voor services 2.1.0","https://www.nationaalgeoregister.nl/geonetwork/srv/dut/csw?service=CSW&request=GetRecordById&version=2.0.2&outputSchema=http://www.isotc211.org/2005/gmd&elementSetName=full&id=f605a24f-60cd-4c40-94c8-2186aba3ddd0#MD_DataIdentification","f605a24f-60cd-4c40-94c8-2186aba3ddd0","view"
"5d4b2ced-bc3c-4941-a89d-f5dfc618effb","CBS Vierkantstatistieken 100m 2007 WMS","https://service.pdok.nl/cbs/vierkantstatistieken100m/2007/wms/v1_0?request=GetCapabilities&service=WMS","OGC:WMS","Beheer PDOK","beheerpdok@kadaster.nl,beheerpdok@kadaster.nl","Nederlands metadata profiel op ISO 19119 voor services 2.1.0","https://nationaalgeoregister.nl/geonetwork/srv/dut/csw?service=CSW&request=GetRecordById&version=2.0.2&outputSchema=http://www.isotc211.org/2005/gmd&elementSetName=full&id=1462bbce-ccd3-4362-83d8-4535ca8f44eb#MD_DataIdentification","1462bbce-ccd3-4362-83d8-4535ca8f44eb","view"
"0ab016b5-f7d1-47ee-852e-565f5efe4427","CBS Vierkantstatistieken 500m 2009 WMS","https://service.pdok.nl/cbs/vierkantstatistieken500m/2009/wms/v1_0?request=GetCapabilities&service=WMS","OGC:WMS","Beheer PDOK","beheerpdok@kadaster.nl,beheerpdok@kadaster.nl","Nederlands metadata profiel op ISO 19119 voor services 2.1.0","https://www.nationaalgeoregister.nl/geonetwork/srv/dut/csw?service=CSW&request=GetRecordById&version=2.0.2&outputSchema=http://www.isotc211.org/2005/gmd&elementSetName=full&id=f605a24f-60cd-4c40-94c8-2186aba3ddd0#MD_DataIdentification","f605a24f-60cd-4c40-94c8-2186aba3ddd0","view"
"f05c3641-0d6b-4988-9757-ec42e80f3688","CBS Vierkantstatistieken 500m 2012 WFS","https://service.pdok.nl/cbs/vierkantstatistieken500m/2012/wfs/v1_0?request=GetCapabilities&service=WFS","OGC:WFS","Beheer PDOK","beheerpdok@kadaster.nl,beheerpdok@kadaster.nl","Nederlands metadata profiel op ISO 19119 voor services 2.1.0","https://www.nationaalgeoregister.nl/geonetwork/srv/dut/csw?service=CSW&request=GetRecordById&version=2.0.2&outputSchema=http://www.isotc211.org/2005/gmd&elementSetName=full&id=f605a24f-60cd-4c40-94c8-2186aba3ddd0#MD_DataIdentification","f605a24f-60cd-4c40-94c8-2186aba3ddd0","other"
"6aa19280-e67c-4184-b916-6d47e9414bbc","Vogelrichtlijn verspreidingsgebied van soorten WMS","https://service.pdok.nl/rvo/vogelrichtlijngebieds/wms/v1_0?request=GetCapabilities&service=WMS","OGC:WMS","Beheer PDOK","beheerpdok@kadaster.nl,beheerpdok@kadaster.nl","Nederlands metadata profiel op ISO 19119 voor services 2.1.0","https://www.nationaalgeoregister.nl/geonetwork/srv/dut/csw?service=CSW&request=GetRecordById&version=2.0.2&outputSchema=http://www.isotc211.org/2005/gmd&elementSetName=full&id=cbeaebc3-815a-48af-a978-0e16892865fc#MD_DataIdentification","cbeaebc3-815a-48af-a978-0e16892865fc","view"
"0f87998b-e629-4ee3-96ad-7c48c3d318bc","CBS Vierkantstatistieken 100m 2017 WMS","https://service.pdok.nl/cbs/vierkantstatistieken100m/2017/wms/v1_0?request=GetCapabilities&service=WMS","OGC:WMS","Beheer PDOK","beheerpdok@kadaster.nl,beheerpdok@kadaster.nl","Nederlands metadata profiel op ISO 19119 voor services 2.1.0","https://nationaalgeoregister.nl/geonetwork/srv/dut/csw?service=CSW&request=GetRecordById&version=2.0.2&outputSchema=http://www.isotc211.org/2005/gmd&elementSetName=full&id=1462bbce-ccd3-4362-83d8-4535ca8f44eb#MD_DataIdentification","1462bbce-ccd3-4362-83d8-4535ca8f44eb","view"
"512b60f2-6ebc-47c1-8683-215bd72c2294","CBS Vierkantstatistieken 500m 2010 WMS","https://service.pdok.nl/cbs/vierkantstatistieken500m/2010/wms/v1_0?request=GetCapabilities&service=WMS","OGC:WMS","Beheer PDOK","beheerpdok@kadaster.nl,beheerpdok@kadaster.nl","Nederlands metadata profiel op ISO 19119 voor services 2.1.0","https://www.nationaalgeoregister.nl/geonetwork/srv/dut/csw?service=CSW&request=GetRecordById&version=2.0.2&outputSchema=http://www.isotc211.org/2005/gmd&elementSetName=full&id=f605a24f-60cd-4c40-94c8-2186aba3ddd0#MD_DataIdentification","f605a24f-60cd-4c40-94c8-2186aba3ddd0","view"
"3e169cbc-b78d-473d-9f1d-34c3f629134a","CBS Vierkantstatistieken 100m 2002 WFS","https://service.pdok.nl/cbs/vierkantstatistieken100m/2002/wfs/v1_0?request=GetCapabilities&service=WFS","OGC:WFS","Beheer PDOK","beheerpdok@kadaster.nl,beheerpdok@kadaster.nl","Nederlands metadata profiel op ISO 19119 voor services 2.1.0","https://nationaalgeoregister.nl/geonetwork/srv/dut/csw?service=CSW&request=GetRecordById&version=2.0.2&outputSchema=http://www.isotc211.org/2005/gmd&elementSetName=full&id=1462bbce-ccd3-4362-83d8-4535ca8f44eb#MD_DataIdentification","1462bbce-ccd3-4362-83d8-4535ca8f44eb","other"
"59486207-3ab7-47f9-b4e6-6bb91656718e","CBS Vierkantstatistieken 500m 2013 WFS","https://service.pdok.nl/cbs/vierkantstatistieken500m/2013/wfs/v1_0?request=GetCapabilities&service=WFS","OGC:WFS","Beheer PDOK","beheerpdok@kadaster.nl,beheerpdok@kadaster.nl","Nederlands metadata profiel op ISO 19119 voor services 2.1.0","https://www.nationaalgeoregister.nl/geonetwork/srv/dut/csw?service=CSW&request=GetRecordById&version=2.0.2&outputSchema=http://www.isotc211.org/2005/gmd&elementSetName=full&id=f605a24f-60cd-4c40-94c8-2186aba3ddd0#MD_DataIdentification","f605a24f-60cd-4c40-94c8-2186aba3ddd0","other"
"3514d891-7e11-43df-b25f-f339ec45bda8","CBS Vierkantstatistieken 500m 2014 WMS","https://service.pdok.nl/cbs/vierkantstatistieken500m/2014/wms/v1_0?request=GetCapabilities&service=WMS","OGC:WMS","Beheer PDOK","beheerpdok@kadaster.nl,beheerpdok@kadaster.nl","Nederlands metadata profiel op ISO 19119 voor services 2.1.0","https://www.nationaalgeoregister.nl/geonetwork/srv/dut/csw?service=CSW&request=GetRecordById&version=2.0.2&outputSchema=http://www.isotc211.org/2005/gmd&elementSetName=full&id=f605a24f-60cd-4c40-94c8-2186aba3ddd0#MD_DataIdentification","f605a24f-60cd-4c40-94c8-2186aba3ddd0","view"
"3e6e285e-f0f0-4bb8-b14f-a9d1b9ea62a7","Vogelrichtlijn verspreiding van soorten WMS","https://service.pdok.nl/rvo/vogelrichtlijnsoorten/wms/v1_0?request=GetCapabilities&service=WMS","OGC:WMS","Beheer PDOK","beheerpdok@kadaster.nl,beheerpdok@kadaster.nl","Nederlands metadata profiel op ISO 19119 voor services 2.1.0","https://www.nationaalgeoregister.nl/geonetwork/srv/dut/csw?service=CSW&request=GetRecordById&version=2.0.2&outputSchema=http://www.isotc211.org/2005/gmd&elementSetName=full&id=fcefa13c-44e2-4953-b6d6-1ddceebc57fc#MD_DataIdentification","fcefa13c-44e2-4953-b6d6-1ddceebc57fc","view"
"0c1bc4a2-79eb-451d-9475-6e7c4adb10b0","CBS Vierkantstatistieken 100m 2003 WMS","https://service.pdok.nl/cbs/vierkantstatistieken100m/2003/wms/v1_0?request=GetCapabilities&service=WMS","OGC:WMS","Beheer PDOK","beheerpdok@kadaster.nl,beheerpdok@kadaster.nl","Nederlands metadata profiel op ISO 19119 voor services 2.1.0","https://nationaalgeoregister.nl/geonetwork/srv/dut/csw?service=CSW&request=GetRecordById&version=2.0.2&outputSchema=http://www.isotc211.org/2005/gmd&elementSetName=full&id=1462bbce-ccd3-4362-83d8-4535ca8f44eb#MD_DataIdentification","1462bbce-ccd3-4362-83d8-4535ca8f44eb","view"
"84975aa1-4357-43cd-a774-d31a482a6d35","CBS Vierkantstatistieken 100m 2001 WMS","https://service.pdok.nl/cbs/vierkantstatistieken100m/2001/wms/v1_0?request=GetCapabilities&service=WMS","OGC:WMS","Beheer PDOK","beheerpdok@kadaster.nl,beheerpdok@kadaster.nl","Nederlands metadata profiel op ISO 19119 voor services 2.1.0","https://nationaalgeoregister.nl/geonetwork/srv/dut/csw?service=CSW&request=GetRecordById&version=2.0.2&outputSchema=http://www.isotc211.org/2005/gmd&elementSetName=full&id=1462bbce-ccd3-4362-83d8-4535ca8f44eb#MD_DataIdentification","1462bbce-ccd3-4362-83d8-4535ca8f44eb","view"
"f95af5dd-e469-43b5-8d67-e4511b29b66b","Schelpdierpercelen (INSPIRE geharmoniseerd) WFS","https://service.pdok.nl/rvo/landbouw-en-aquacultuur/schelpdierpercelen/wfs/v1_0?request=GetCapabilities&service=WFS","OGC:WFS","Beheer PDOK","beheerpdok@kadaster.nl,beheerpdok@kadaster.nl","Nederlands metadata profiel op ISO 19119 voor services 2.1.0","https://www.nationaalgeoregister.nl/geonetwork/srv/dut/csw?service=CSW&request=GetRecordById&version=2.0.2&outputSchema=http://www.isotc211.org/2005/gmd&elementSetName=full&id=c4b4e95a-12d7-4c74-933c-cb267cfe0bcf#MD_DataIdentification","c4b4e95a-12d7-4c74-933c-cb267cfe0bcf","other"
"a09d5ffc-e448-44af-ad41-f2346a659953","Nuts- en Overheidsdiensten - Riool - Leidingelementen - RSA (INSPIRE geharmoniseerd) WFS","https://service.pdok.nl/rws/nutsdiensten-en-overheidsdiensten/riool-leidingelementen/wfs/v1_0?request=GetCapabilities&service=WFS","OGC:WFS","Beheer PDOK","beheerpdok@kadaster.nl,beheerpdok@kadaster.nl","Nederlands metadata profiel op ISO 19119 voor services 2.1.0","https://www.nationaalgeoregister.nl/geonetwork/srv/dut/csw?service=CSW&request=GetRecordById&version=2.0.2&outputSchema=http://www.isotc211.org/2005/gmd&elementSetName=full&id=917b5ba0-4fdd-4654-8c18-b3ccdadaa55a#MD_DataIdentification","917b5ba0-4fdd-4654-8c18-b3ccdadaa55a","other"
"743a9d19-b478-4f34-b596-f8bbe1dd8ee7","Vervoersnetwerken (INSPIRE geharmoniseerd) WFS","https://service.pdok.nl/kadaster/tn/wfs/v1_0?request=GetCapabilities&service=WFS","OGC:WFS","Beheer PDOK","beheerpdok@kadaster.nl,beheerpdok@kadaster.nl","Nederlands metadata profiel op ISO 19119 voor services 2.1.0","["https:\/\/www.nationaalgeoregister.nl\/geonetwork\/srv\/dut\/csw?service=CSW&request=GetRecordById&version=2.0.2&outputSchema=http:\/\/www.isotc211.org\/2005\/gmd&elementSetName=full&id=6c06740d-058f-4a12-bb3f-bf68efd03d09#MD_DataIdentification","https:\/\/www.nationaalgeoregister.nl\/geonetwork\/srv\/dut\/csw?service=CSW&request=GetRecordById&version=2.0.2&outputSchema=http:\/\/www.isotc211.org\/2005\/gmd&elementSetName=full&id=6c06740d-058f-4a12-bb3f-bf68efd03d09#MD_DataIdentification","https:\/\/www.nationaalgeoregister.nl\/geonetwork\/srv\/dut\/csw?service=CSW&request=GetRecordById&version=2.0.2&outputSchema=http:\/\/www.isotc211.org\/2005\/gmd&elementSetName=full&id=6c06740d-058f-4a12-bb3f-bf68efd03d09#MD_DataIdentification","https:\/\/www.nationaalgeoregister.nl\/geonetwork\/srv\/dut\/csw?service=CSW&request=GetRecordById&version=2.0.2&outputSchema=http:\/\/www.isotc211.org\/2005\/gmd&elementSetName=full&id=6c06740d-058f-4a12-bb3f-bf68efd03d09#MD_DataIdentification","https:\/\/www.nationaalgeoregister.nl\/geonetwork\/srv\/dut\/csw?service=CSW&request=GetRecordById&version=2.0.2&outputSchema=http:\/\/www.isotc211.org\/2005\/gmd&elementSetName=full&id=6c06740d-058f-4a12-bb3f-bf68efd03d09#MD_DataIdentification","https:\/\/www.nationaalgeoregister.nl\/geonetwork\/srv\/dut\/csw?service=CSW&request=GetRecordById&version=2.0.2&outputSchema=http:\/\/www.isotc211.org\/2005\/gmd&elementSetName=full&id=6c06740d-058f-4a12-bb3f-bf68efd03d09#MD_DataIdentification","https:\/\/www.nationaalgeoregister.nl\/geonetwork\/srv\/dut\/csw?service=CSW&request=GetRecordById&version=2.0.2&outputSchema=http:\/\/www.isotc211.org\/2005\/gmd&elementSetName=full&id=6c06740d-058f-4a12-bb3f-bf68efd03d09#MD_DataIdentification","https:\/\/www.nationaalgeoregister.nl\/geonetwork\/srv\/dut\/csw?service=CSW&request=GetRecordById&version=2.0.2&outputSchema=http:\/\/www.isotc211.org\/2005\/gmd&elementSetName=full&id=6c06740d-058f-4a12-bb3f-bf68efd03d09#MD_DataIdentification","https:\/\/www.nationaalgeoregister.nl\/geonetwork\/srv\/dut\/csw?service=CSW&request=GetRecordById&version=2.0.2&outputSchema=http:\/\/www.isotc211.org\/2005\/gmd&elementSetName=full&id=6c06740d-058f-4a12-bb3f-bf68efd03d09#MD_DataIdentification"]","6c06740d-058f-4a12-bb3f-bf68efd03d09 6c06740d-058f-4a12-bb3f-bf68efd03d09 6c06740d-058f-4a12-bb3f-bf68efd03d09 6c06740d-058f-4a12-bb3f-bf68efd03d09 6c06740d-058f-4a12-bb3f-bf68efd03d09 6c06740d-058f-4a12-bb3f-bf68efd03d09 6c06740d-058f-4a12-bb3f-bf68efd03d09 6c06740d-058f-4a12-bb3f-bf68efd03d09 6c06740d-058f-4a12-bb3f-bf68efd03d09","other"
"f7d74ce4-9a56-4cdc-ab46-0bf7ec318eeb","Gebieden met Natuurrisico's - Overstromingen - Geobserveerde gebeurtenis - Richtlijn Overstromingsrisico's (ROR) (INSPIRE geharmoniseerd) WFS","https://service.pdok.nl/rws/overstromingen-gebeurtenis/wfs/v1_0?request=GetCapabilities&service=WFS","OGC:WFS","Beheer PDOK","beheerpdok@kadaster.nl,beheerpdok@kadaster.nl","Nederlands metadata profiel op ISO 19119 voor services 2.1.0","https://www.nationaalgeoregister.nl/geonetwork/srv/dut/csw?service=CSW&request=GetRecordById&version=2.0.2&outputSchema=http://www.isotc211.org/2005/gmd&elementSetName=full&id=18e2f49d-bf90-48b4-9a8f-81db44d97ecd#MD_DataIdentification","18e2f49d-bf90-48b4-9a8f-81db44d97ecd","other"
"1b35425c-c1ed-431d-9250-42b7d7bb028f","Faciliteiten voor productie en industrie - Productie-installaties - REV (INSPIRE geharmoniseerd) WMS","https://service.pdok.nl/rws/faciliteiten-voor-productie-en-industrie/productie-installaties/wms/v1_0?request=GetCapabilities&service=WMS","OGC:WMS","Beheer PDOK","beheerpdok@kadaster.nl,beheerpdok@kadaster.nl","Nederlands metadata profiel op ISO 19119 voor services 2.1.0","["https:\/\/www.nationaalgeoregister.nl\/geonetwork\/srv\/dut\/csw?service=CSW&request=GetRecordById&version=2.0.2&outputSchema=http:\/\/www.isotc211.org\/2005\/gmd&elementSetName=full&id=f319b406-0829-41db-bea5-7b644040df32#MD_DataIdentification","https:\/\/www.nationaalgeoregister.nl\/geonetwork\/srv\/dut\/csw?service=CSW&request=GetRecordById&version=2.0.2&outputSchema=http:\/\/www.isotc211.org\/2005\/gmd&elementSetName=full&id=f319b406-0829-41db-bea5-7b644040df32#MD_DataIdentification","https:\/\/www.nationaalgeoregister.nl\/geonetwork\/srv\/dut\/csw?service=CSW&request=GetRecordById&version=2.0.2&outputSchema=http:\/\/www.isotc211.org\/2005\/gmd&elementSetName=full&id=f319b406-0829-41db-bea5-7b644040df32#MD_DataIdentification"]","f319b406-0829-41db-bea5-7b644040df32 f319b406-0829-41db-bea5-7b644040df32 f319b406-0829-41db-bea5-7b644040df32","view"
"de3cfe07-2c7d-4e41-be5b-c53cb5ffacba","Faciliteiten voor productie en industrie - Productiefaciliteiten - REV (INSPIRE geharmoniseerd) WFS","https://service.pdok.nl/rws/faciliteiten-voor-productie-en-industrie/productiefaciliteiten/wfs/v1_0?request=GetCapabilities&service=WFS","OGC:WFS","Beheer PDOK","beheerpdok@kadaster.nl,beheerpdok@kadaster.nl","Nederlands metadata profiel op ISO 19119 voor services 2.1.0","["https:\/\/www.nationaalgeoregister.nl\/geonetwork\/srv\/dut\/csw?service=CSW&request=GetRecordById&version=2.0.2&outputSchema=http:\/\/www.isotc211.org\/2005\/gmd&elementSetName=full&id=3d27178e-ecff-4977-b30e-5231634cd596#MD_DataIdentification","https:\/\/www.nationaalgeoregister.nl\/geonetwork\/srv\/dut\/csw?service=CSW&request=GetRecordById&version=2.0.2&outputSchema=http:\/\/www.isotc211.org\/2005\/gmd&elementSetName=full&id=3d27178e-ecff-4977-b30e-5231634cd596#MD_DataIdentification","https:\/\/www.nationaalgeoregister.nl\/geonetwork\/srv\/dut\/csw?service=CSW&request=GetRecordById&version=2.0.2&outputSchema=http:\/\/www.isotc211.org\/2005\/gmd&elementSetName=full&id=3d27178e-ecff-4977-b30e-5231634cd596#MD_DataIdentification","https:\/\/www.nationaalgeoregister.nl\/geonetwork\/srv\/dut\/csw?service=CSW&request=GetRecordById&version=2.0.2&outputSchema=http:\/\/www.isotc211.org\/2005\/gmd&elementSetName=full&id=3d27178e-ecff-4977-b30e-5231634cd596#MD_DataIdentification","https:\/\/www.nationaalgeoregister.nl\/geonetwork\/srv\/dut\/csw?service=CSW&request=GetRecordById&version=2.0.2&outputSchema=http:\/\/www.isotc211.org\/2005\/gmd&elementSetName=full&id=3d27178e-ecff-4977-b30e-5231634cd596#MD_DataIdentification","https:\/\/www.nationaalgeoregister.nl\/geonetwork\/srv\/dut\/csw?service=CSW&request=GetRecordById&version=2.0.2&outputSchema=http:\/\/www.isotc211.org\/2005\/gmd&elementSetName=full&id=3d27178e-ecff-4977-b30e-5231634cd596#MD_DataIdentification"]","3d27178e-ecff-4977-b30e-5231634cd596 3d27178e-ecff-4977-b30e-5231634cd596 3d27178e-ecff-4977-b30e-5231634cd596 3d27178e-ecff-4977-b30e-5231634cd596 3d27178e-ecff-4977-b30e-5231634cd596 3d27178e-ecff-4977-b30e-5231634cd596","other"
"3b9680cc-f9d2-4d1b-b5dc-180d14d79051","Hoogte Nederland - land - DTM (INSPIRE geharmoniseerd) WCS","https://service.pdok.nl/rws/hoogte/dtm/wcs/v1_0?request=GetCapabilities&service=WCS","OGC:WCS","Beheer PDOK","beheerpdok@kadaster.nl,beheerpdok@kadaster.nl","Nederlands metadata profiel op ISO 19119 voor services 2.1.0","https://nationaalgeoregister.nl/geonetwork/srv/dut/csw?service=CSW&request=GetRecordById&version=2.0.2&outputSchema=http://www.isotc211.org/2005/gmd&elementSetName=full&id=d0ee9220-8010-4a6c-8f2c-3e78ad1c7dbf#MD_DataIdentification","d0ee9220-8010-4a6c-8f2c-3e78ad1c7dbf","download"
"eddb4021-dabf-45f7-a1f9-b6b0646429d9","Weggegevens (WEGGEG) OGC API Features","https://api.pdok.nl/rws/weggegevens/ogc/v1","OGC:API features","Beheer PDOK","beheerpdok@kadaster.nl,beheerpdok@kadaster.nl","Nederlands metadata profiel op ISO 19119 voor services 2.1.0","https://nationaalgeoregister.nl/geonetwork/srv/dut/csw?service=CSW&request=GetRecordById&version=2.0.2&outputSchema=http://www.isotc211.org/2005/gmd&elementSetName=full&id=abaf1e22-55aa-4a11-a855-7ac963e4a82b#MD_DataIdentification","abaf1e22-55aa-4a11-a855-7ac963e4a82b","other"
"8b5d9630-f9d1-4d8f-af3d-731e9bfd352a","Faciliteiten voor productie en industrie - Productie-installaties - REV (INSPIRE geharmoniseerd) OGC API Features","https://api.pdok.nl/rws/productie-en-industrie-productie-installaties/ogc/v1","OGC:API features","Beheer PDOK","beheerpdok@kadaster.nl,beheerpdok@kadaster.nl","Nederlands metadata profiel op ISO 19119 voor services 2.1.0","https://nationaalgeoregister.nl/geonetwork/srv/dut/csw?service=CSW&request=GetRecordById&version=2.0.2&outputSchema=http://www.isotc211.org/2005/gmd&elementSetName=full&id=f319b406-0829-41db-bea5-7b644040df32#MD_DataIdentification","f319b406-0829-41db-bea5-7b644040df32","other"
"362f35a2-771e-443e-804c-5b1e693ab7ee","Faciliteiten voor productie en industrie - Productiefaciliteiten - REV (INSPIRE geharmoniseerd) OGC API Features","https://api.pdok.nl/rws/productie-en-industrie-productiefaciliteiten/ogc/v1","OGC:API features","Beheer PDOK","beheerpdok@kadaster.nl,beheerpdok@kadaster.nl","Nederlands metadata profiel op ISO 19119 voor services 2.1.0","https://nationaalgeoregister.nl/geonetwork/srv/dut/csw?service=CSW&request=GetRecordById&version=2.0.2&outputSchema=http://www.isotc211.org/2005/gmd&elementSetName=full&id=3d27178e-ecff-4977-b30e-5231634cd596#MD_DataIdentification","3d27178e-ecff-4977-b30e-5231634cd596","other"
"983c059f-2cd2-4808-b11c-abf446eac658","Vogelrichtlijn verspreidingsgebied van soorten OGC API Features","https://api.pdok.nl/rvo/vogelrichtlijn-verspreidingsgebied-soorten/ogc/v1","OGC:API features","Beheer PDOK","beheerpdok@kadaster.nl,beheerpdok@kadaster.nl","Nederlands metadata profiel op ISO 19119 voor services 2.1.0","https://nationaalgeoregister.nl/geonetwork/srv/dut/csw?service=CSW&request=GetRecordById&version=2.0.2&outputSchema=http://www.isotc211.org/2005/gmd&elementSetName=full&id=cbeaebc3-815a-48af-a978-0e16892865fc#MD_DataIdentification","cbeaebc3-815a-48af-a978-0e16892865fc","other"
"5d453fdd-3535-44ab-a119-89babf8a1bcd","KRW Register Beschermde Gebieden - Schelpdierwater (INSPIRE geharmoniseerd) WMS","https://service.pdok.nl/ihw/gebiedsbeheer/krw-beschermde-gebieden-schelpdierwater/wms/v1_0?SERVICE=WMS&VERSION=1.3.0&request=getcapabilities","OGC:WMS","Beheer PDOK","beheerpdok@kadaster.nl,beheerpdok@kadaster.nl","Nederlands metadata profiel op ISO 19119 voor services 2.1.0","https://www.nationaalgeoregister.nl/geonetwork/srv/dut/csw?service=CSW&request=GetRecordById&version=2.0.2&outputSchema=http://www.isotc211.org/2005/gmd&elementSetName=full&id=5e5a2689-d407-4e10-8d8d-d3e738e81c3e#MD_DataIdentification","5e5a2689-d407-4e10-8d8d-d3e738e81c3e","view"
"d4f4ebb4-dea0-4f32-b2c4-f1f733091b75","Vogelrichtlijn verspreiding van soorten OGC API Features","https://api.pdok.nl/rvo/vogelrichtlijn-verspreidingsgebied-soorten/ogc/v1","OGC:API features","Beheer PDOK","beheerpdok@kadaster.nl,beheerpdok@kadaster.nl","Nederlands metadata profiel op ISO 19119 voor services 2.1.0","https://nationaalgeoregister.nl/geonetwork/srv/dut/csw?service=CSW&request=GetRecordById&version=2.0.2&outputSchema=http://www.isotc211.org/2005/gmd&elementSetName=full&id=fcefa13c-44e2-4953-b6d6-1ddceebc57fc#MD_DataIdentification","fcefa13c-44e2-4953-b6d6-1ddceebc57fc","other"
"51fea735-04b2-46db-a05f-17985ba30555","Mossel- en oesterhabitats OGC API Features","https://api.pdok.nl/rvo/mossel-en-oesterhabitats/ogc/v1","OGC:API features","Beheer PDOK","beheerpdok@kadaster.nl,beheerpdok@kadaster.nl","Nederlands metadata profiel op ISO 19119 voor services 2.1.0","https://nationaalgeoregister.nl/geonetwork/srv/dut/csw?service=CSW&request=GetRecordById&version=2.0.2&outputSchema=http://www.isotc211.org/2005/gmd&elementSetName=full&id=3d59fd06-9aec-4744-91e7-65e119f74569#MD_DataIdentification","3d59fd06-9aec-4744-91e7-65e119f74569","other"
"c80811ae-343d-4262-9615-abcbd9066c21","Windsnelheden op 100m hoogte (m/s) OGC API Features","https://api.pdok.nl/rvo/windsnelheden/ogc/v1","OGC:API features","Beheer PDOK","beheerpdok@kadaster.nl,beheerpdok@kadaster.nl","Nederlands metadata profiel op ISO 19119 voor services 2.1.0","https://nationaalgeoregister.nl/geonetwork/srv/dut/csw?service=CSW&request=GetRecordById&version=2.0.2&outputSchema=http://www.isotc211.org/2005/gmd&elementSetName=full&id=d845cef6-0e23-4212-a951-b69763e39ef0#MD_DataIdentification","d845cef6-0e23-4212-a951-b69763e39ef0","other"
"9aaf3fd1-271b-4367-bb41-742b5a30be83","KRW Deelstroomgebieddistricten Nederland (INSPIRE geharmoniseerd) WMS","https://service.pdok.nl/ihw/gebiedsbeheer/krw-deelstroomgebieddistricten/wms/v1_0?SERVICE=WMS&VERSION=1.3.0&request=getcapabilities","OGC:WMS","Beheer PDOK","beheerpdok@kadaster.nl,beheerpdok@kadaster.nl","Nederlands metadata profiel op ISO 19119 voor services 2.1.0","https://www.nationaalgeoregister.nl/geonetwork/srv/dut/csw?service=CSW&request=GetRecordById&version=2.0.2&outputSchema=http://www.isotc211.org/2005/gmd&elementSetName=full&id=47093e3c-4696-4ba2-b792-fa42a12052f0#MD_DataIdentification","47093e3c-4696-4ba2-b792-fa42a12052f0","view"
"9cb1badf-81e1-42b2-9864-af42a0872097","Wetlands OGC API Features","https://api.pdok.nl/rvo/wetlands/ogc/v1","OGC:API features","Beheer PDOK","beheerpdok@kadaster.nl,beheerpdok@kadaster.nl","Nederlands metadata profiel op ISO 19119 voor services 2.1.0","https://nationaalgeoregister.nl/geonetwork/srv/dut/csw?service=CSW&request=GetRecordById&version=2.0.2&outputSchema=http://www.isotc211.org/2005/gmd&elementSetName=full&id=07d73b60-dfd6-4c54-9c82-9fac70c6c48e#MD_DataIdentification","07d73b60-dfd6-4c54-9c82-9fac70c6c48e","other"
"b27a3576-c1e5-48c2-940a-e4d587ac4d80","Kaderrichtlijn Mariene Strategie OGC API Features","https://api.pdok.nl/rws/kaderrichtlijn-mariene-strategie/ogc/v1","OGC:API features","Beheer PDOK","beheerpdok@kadaster.nl,beheerpdok@kadaster.nl","Nederlands metadata profiel op ISO 19119 voor services 2.1.0","https://nationaalgeoregister.nl/geonetwork/srv/dut/csw?service=CSW&request=GetRecordById&version=2.0.2&outputSchema=http://www.isotc211.org/2005/gmd&elementSetName=full&id=0deb6c22-a6ae-453d-a956-205f52141ca1#MD_DataIdentification","0deb6c22-a6ae-453d-a956-205f52141ca1","other"
"1dbe13ad-d92c-448e-8ec7-4b5c9e99e59a","Nationale Parken (INSPIRE geharmoniseerd) OGC API Features","https://api.pdok.nl/rvo/nationale-parken-geharmoniseerd/ogc/v1","OGC:API features","Beheer PDOK","beheerpdok@kadaster.nl,beheerpdok@kadaster.nl","Nederlands metadata profiel op ISO 19119 voor services 2.1.0","https://nationaalgeoregister.nl/geonetwork/srv/dut/csw?service=CSW&request=GetRecordById&version=2.0.2&outputSchema=http://www.isotc211.org/2005/gmd&elementSetName=full&id=247a1d15-0a67-40ce-85be-1403c08f15a8#MD_DataIdentification","247a1d15-0a67-40ce-85be-1403c08f15a8","other"
"cec728f0-48de-41cc-ae9e-3d2c68d6c95f","Schelpdierpercelen (INSPIRE geharmoniseerd) OGC API Features","https://api.pdok.nl/rvo/schelpdierpercelen-geharmoniseerd/ogc/v1","OGC:API features","Beheer PDOK","beheerpdok@kadaster.nl,beheerpdok@kadaster.nl","Nederlands metadata profiel op ISO 19119 voor services 2.1.0","https://nationaalgeoregister.nl/geonetwork/srv/dut/csw?service=CSW&request=GetRecordById&version=2.0.2&outputSchema=http://www.isotc211.org/2005/gmd&elementSetName=full&id=c4b4e95a-12d7-4c74-933c-cb267cfe0bcf#MD_DataIdentification","c4b4e95a-12d7-4c74-933c-cb267cfe0bcf","other"
"f02c357c-9a5c-48b9-8d32-458ca7b9a058","Nationaal Hydrologisch Instrumentarium (NHI) OGC API Features","https://api.pdok.nl/rws/nationaal-hydrologisch-instrumentarium-netwerkschematisatie/ogc/v1","OGC:API features","Beheer PDOK","beheerpdok@kadaster.nl,beheerpdok@kadaster.nl","Nederlands metadata profiel op ISO 19119 voor services 2.1.0","https://nationaalgeoregister.nl/geonetwork/srv/dut/csw?service=CSW&request=GetRecordById&version=2.0.2&outputSchema=http://www.isotc211.org/2005/gmd&elementSetName=full&id=710c381c-ab2d-45d5-a45d-af2eba811e5f#MD_DataIdentification","710c381c-ab2d-45d5-a45d-af2eba811e5f","other"
"0c0b4db6-3d20-4726-bca2-a6bc89f7ad26","Human Health Statistics Netherlands (INSPIRE geharmoniseerd) OGC API Features","https://api.pdok.nl/cbs/human-health-statistics/ogc/v1","OGC:API features","Beheer PDOK","beheerpdok@kadaster.nl,beheerpdok@kadaster.nl","Nederlands metadata profiel op ISO 19119 voor services 2.1.0","https://nationaalgeoregister.nl/geonetwork/srv/dut/csw?service=CSW&request=GetRecordById&version=2.0.2&outputSchema=http://www.isotc211.org/2005/gmd&elementSetName=full&id=12bb57cd-73e0-41ba-a1e9-6d986b9109d3#MD_DataIdentification","12bb57cd-73e0-41ba-a1e9-6d986b9109d3","other"
"b8ccb347-66cc-4c98-a205-75574c07c9f6","Nuts- en Overheidsdiensten - Riool - Milieu management voorziening - RSA (INSPIRE geharmoniseerd) OGC API Features","https://api.pdok.nl/rws/rioolnetwerk-milieumanagementvoorziening/ogc/v1","OGC:API features","Beheer PDOK","beheerpdok@kadaster.nl,beheerpdok@kadaster.nl","Nederlands metadata profiel op ISO 19119 voor services 2.1.0","https://nationaalgeoregister.nl/geonetwork/srv/dut/csw?service=CSW&request=GetRecordById&version=2.0.2&outputSchema=http://www.isotc211.org/2005/gmd&elementSetName=full&id=cefad637-5ffd-4dd0-b475-bc125a11f7ea#MD_DataIdentification","cefad637-5ffd-4dd0-b475-bc125a11f7ea","other"
"66bee60e-c5e4-48bf-8da5-edcccadcb310","Statistical Units Vector (INSPIRE geharmoniseerd) OGC API Features","https://api.pdok.nl/cbs/statistical-units-vector/ogc/v1","OGC:API features","Beheer PDOK","beheerpdok@kadaster.nl,beheerpdok@kadaster.nl","Nederlands metadata profiel op ISO 19119 voor services 2.1.0","https://nationaalgeoregister.nl/geonetwork/srv/dut/csw?service=CSW&request=GetRecordById&version=2.0.2&outputSchema=http://www.isotc211.org/2005/gmd&elementSetName=full&id=10d1153e-778f-4995-9b6c-7c69b196cccb#MD_DataIdentification","10d1153e-778f-4995-9b6c-7c69b196cccb","other"
"b0bd4f48-c7ac-4fac-9d4b-4ac6fd3365ee","Scheepvaart verkeersscheidingsstelsel Noordzee (Nederlands Continentaal Plat) OGC API Features","https://api.pdok.nl/rws/scheepvaart-verkeersscheidingsstelsel-noordzee/ogc/v1","OGC:API features","Beheer PDOK","beheerpdok@kadaster.nl,beheerpdok@kadaster.nl","Nederlands metadata profiel op ISO 19119 voor services 2.1.0","https://nationaalgeoregister.nl/geonetwork/srv/dut/csw?service=CSW&request=GetRecordById&version=2.0.2&outputSchema=http://www.isotc211.org/2005/gmd&elementSetName=full&id=5996e444-f7f3-40d2-b485-8b9af6e8aa89#MD_DataIdentification","5996e444-f7f3-40d2-b485-8b9af6e8aa89","other"
"8cf3c8cd-6e42-4b29-86b8-deb04b2e7750","Nuts- en Overheidsdiensten - Riool - Milieu management voorziening - RSA (INSPIRE geharmoniseerd) WFS","https://service.pdok.nl/rws/nutsdiensten-en-overheidsdiensten/riool-milieumanagementvoorzieningen/wfs/v1_0?request=GetCapabilities&service=WFS","OGC:WFS","Beheer PDOK","beheerpdok@kadaster.nl,beheerpdok@kadaster.nl","Nederlands metadata profiel op ISO 19119 voor services 2.1.0","https://www.nationaalgeoregister.nl/geonetwork/srv/dut/csw?service=CSW&request=GetRecordById&version=2.0.2&outputSchema=http://www.isotc211.org/2005/gmd&elementSetName=full&id=cefad637-5ffd-4dd0-b475-bc125a11f7ea#MD_DataIdentification","cefad637-5ffd-4dd0-b475-bc125a11f7ea","other"
"39d03482-fef0-4706-8f66-16ffb2617155","Gebiedsbeheer eenheden - Kwetsbaar gebied - Agglomeraties - RSA (INSPIRE geharmoniseerd) WFS","https://service.pdok.nl/rws/gebiedsbeheer/kwetsbaargebied-agglomeraties/wfs/v1_0?request=GetCapabilities&service=WFS","OGC:WFS","Beheer PDOK","beheerpdok@kadaster.nl,beheerpdok@kadaster.nl","Nederlands metadata profiel op ISO 19119 voor services 2.1.0","https://www.nationaalgeoregister.nl/geonetwork/srv/dut/csw?service=CSW&request=GetRecordById&version=2.0.2&outputSchema=http://www.isotc211.org/2005/gmd&elementSetName=full&id=2350b86b-3efd-47e4-883e-519bfa8d0abd#MD_DataIdentification","2350b86b-3efd-47e4-883e-519bfa8d0abd","other"
"5bc4e496-4b75-4f6e-ae69-083911db5c8d","Gebieden met Natuurrisico's - Overstromingen - Risicogebied - Richtlijn Overstromingsrisico's (ROR) (INSPIRE geharmoniseerd) WFS","https://service.pdok.nl/rws/overstromingen-risicogebied/wfs/v1_0?request=GetCapabilities&service=WFS","OGC:WFS","Beheer PDOK","beheerpdok@kadaster.nl,beheerpdok@kadaster.nl","Nederlands metadata profiel op ISO 19119 voor services 2.1.0","https://www.nationaalgeoregister.nl/geonetwork/srv/dut/csw?service=CSW&request=GetRecordById&version=2.0.2&outputSchema=http://www.isotc211.org/2005/gmd&elementSetName=full&id=c66acb58-7534-453a-9fc4-b5d3faa7b41c#MD_DataIdentification","c66acb58-7534-453a-9fc4-b5d3faa7b41c","other"
"887c892f-9ef5-4869-b424-3215cb2b5697","Kaderrichtlijn Mariene Strategie WFS","https://service.pdok.nl/rws/richtlijnmarienestrategienederland/wfs/v1_0?request=GetCapabilities&service=WFS","OGC:WFS","Beheer PDOK","beheerpdok@kadaster.nl,beheerpdok@kadaster.nl","Nederlands metadata profiel op ISO 19119 voor services 2.1.0","["https:\/\/www.nationaalgeoregister.nl\/geonetwork\/srv\/dut\/csw?service=CSW&request=GetRecordById&version=2.0.2&outputSchema=http:\/\/www.isotc211.org\/2005\/gmd&elementSetName=full&id=0deb6c22-a6ae-453d-a956-205f52141ca1#MD_DataIdentification","https:\/\/www.nationaalgeoregister.nl\/geonetwork\/srv\/dut\/csw?service=CSW&request=GetRecordById&version=2.0.2&outputSchema=http:\/\/www.isotc211.org\/2005\/gmd&elementSetName=full&id=0deb6c22-a6ae-453d-a956-205f52141ca1#MD_DataIdentification","https:\/\/www.nationaalgeoregister.nl\/geonetwork\/srv\/dut\/csw?service=CSW&request=GetRecordById&version=2.0.2&outputSchema=http:\/\/www.isotc211.org\/2005\/gmd&elementSetName=full&id=0deb6c22-a6ae-453d-a956-205f52141ca1#MD_DataIdentification"]","0deb6c22-a6ae-453d-a956-205f52141ca1 0deb6c22-a6ae-453d-a956-205f52141ca1 0deb6c22-a6ae-453d-a956-205f52141ca1","other"
"4287e696-18d5-4b01-a79e-6a805cffb860","Faciliteiten voor productie en industrie - Productie-installaties - REV (INSPIRE geharmoniseerd) WFS","https://service.pdok.nl/rws/faciliteiten-voor-productie-en-industrie/productie-installaties/wfs/v1_0?request=GetCapabilities&service=WFS","OGC:WFS","Beheer PDOK","beheerpdok@kadaster.nl,beheerpdok@kadaster.nl","Nederlands metadata profiel op ISO 19119 voor services 2.1.0","["https:\/\/www.nationaalgeoregister.nl\/geonetwork\/srv\/dut\/csw?service=CSW&request=GetRecordById&version=2.0.2&outputSchema=http:\/\/www.isotc211.org\/2005\/gmd&elementSetName=full&id=f319b406-0829-41db-bea5-7b644040df32#MD_DataIdentification","https:\/\/www.nationaalgeoregister.nl\/geonetwork\/srv\/dut\/csw?service=CSW&request=GetRecordById&version=2.0.2&outputSchema=http:\/\/www.isotc211.org\/2005\/gmd&elementSetName=full&id=f319b406-0829-41db-bea5-7b644040df32#MD_DataIdentification"]","f319b406-0829-41db-bea5-7b644040df32 f319b406-0829-41db-bea5-7b644040df32","other"
"da35b15d-9484-4f0a-b854-f94553a1b294","Gebiedsbeheer eenheden - Kwetsbaar gebied - RSA (INSPIRE geharmoniseerd) WFS","https://service.pdok.nl/rws/gebiedsbeheer/kwetsbaargebied/wfs/v1_0?request=GetCapabilities&service=WFS","OGC:WFS","Beheer PDOK","beheerpdok@kadaster.nl,beheerpdok@kadaster.nl","Nederlands metadata profiel op ISO 19119 voor services 2.1.0","https://www.nationaalgeoregister.nl/geonetwork/srv/dut/csw?service=CSW&request=GetRecordById&version=2.0.2&outputSchema=http://www.isotc211.org/2005/gmd&elementSetName=full&id=aa13c390-6b6c-407f-bae9-dae2ee8628fd#MD_DataIdentification","aa13c390-6b6c-407f-bae9-dae2ee8628fd","other"
"b9b34ddc-27fe-47bd-9d05-1344f9de8ebe","Nationaal Hydrologisch Instrumentarium (NHI) WFS","https://service.pdok.nl/rws/nhi/wfs/v1_0?request=GetCapabilities&service=WFS","OGC:WFS","Beheer PDOK","beheerpdok@kadaster.nl,beheerpdok@kadaster.nl","Nederlands metadata profiel op ISO 19119 voor services 2.1.0","["https:\/\/www.nationaalgeoregister.nl\/geonetwork\/srv\/dut\/csw?service=CSW&request=GetRecordById&version=2.0.2&outputSchema=http:\/\/www.isotc211.org\/2005\/gmd&elementSetName=full&id=710c381c-ab2d-45d5-a45d-af2eba811e5f#MD_DataIdentification","https:\/\/www.nationaalgeoregister.nl\/geonetwork\/srv\/dut\/csw?service=CSW&request=GetRecordById&version=2.0.2&outputSchema=http:\/\/www.isotc211.org\/2005\/gmd&elementSetName=full&id=710c381c-ab2d-45d5-a45d-af2eba811e5f#MD_DataIdentification"]","710c381c-ab2d-45d5-a45d-af2eba811e5f 710c381c-ab2d-45d5-a45d-af2eba811e5f","other"
"8665fd45-d7d3-4341-a177-1788be9ec571","Hydrografie: Netwerk (INSPIRE geharmoniseerd) WFS","https://service.pdok.nl/rws/hydrografie/netwerk/wfs/v1_0?request=GetCapabilities&service=WFS","OGC:WFS","Beheer PDOK","beheerpdok@kadaster.nl,beheerpdok@kadaster.nl","Nederlands metadata profiel op ISO 19119 voor services 2.1.0","["https:\/\/www.nationaalgeoregister.nl\/geonetwork\/srv\/dut\/csw?service=CSW&request=GetRecordById&version=2.0.2&outputSchema=http:\/\/www.isotc211.org\/2005\/gmd&elementSetName=full&id=c3955762-73a3-4c16-a15c-f3869487a1ea#MD_DataIdentification","https:\/\/www.nationaalgeoregister.nl\/geonetwork\/srv\/dut\/csw?service=CSW&request=GetRecordById&version=2.0.2&outputSchema=http:\/\/www.isotc211.org\/2005\/gmd&elementSetName=full&id=c3955762-73a3-4c16-a15c-f3869487a1ea#MD_DataIdentification"]","c3955762-73a3-4c16-a15c-f3869487a1ea c3955762-73a3-4c16-a15c-f3869487a1ea","other"
"9528f5f8-66b9-4376-aaa0-8b4836c8cc99","Geografische Namen (INSPIRE geharmoniseerd) WFS","https://service.pdok.nl/kadaster/gn/wfs/v1_0?request=GetCapabilities&service=WFS","OGC:WFS","Beheer PDOK","beheerpdok@kadaster.nl,beheerpdok@kadaster.nl","Nederlands metadata profiel op ISO 19119 voor services 2.1.0","["https:\/\/www.nationaalgeoregister.nl\/geonetwork\/srv\/dut\/csw?service=CSW&request=GetRecordById&version=2.0.2&outputSchema=http:\/\/www.isotc211.org\/2005\/gmd&elementSetName=full&id=1a40eb6f-4f33-4e15-a0b1-2d350ad2636e#MD_DataIdentification","https:\/\/www.nationaalgeoregister.nl\/geonetwork\/srv\/dut\/csw?service=CSW&request=GetRecordById&version=2.0.2&outputSchema=http:\/\/www.isotc211.org\/2005\/gmd&elementSetName=full&id=1a40eb6f-4f33-4e15-a0b1-2d350ad2636e#MD_DataIdentification","https:\/\/www.nationaalgeoregister.nl\/geonetwork\/srv\/dut\/csw?service=CSW&request=GetRecordById&version=2.0.2&outputSchema=http:\/\/www.isotc211.org\/2005\/gmd&elementSetName=full&id=1a40eb6f-4f33-4e15-a0b1-2d350ad2636e#MD_DataIdentification","https:\/\/www.nationaalgeoregister.nl\/geonetwork\/srv\/dut\/csw?service=CSW&request=GetRecordById&version=2.0.2&outputSchema=http:\/\/www.isotc211.org\/2005\/gmd&elementSetName=full&id=1a40eb6f-4f33-4e15-a0b1-2d350ad2636e#MD_DataIdentification","https:\/\/www.nationaalgeoregister.nl\/geonetwork\/srv\/dut\/csw?service=CSW&request=GetRecordById&version=2.0.2&outputSchema=http:\/\/www.isotc211.org\/2005\/gmd&elementSetName=full&id=1a40eb6f-4f33-4e15-a0b1-2d350ad2636e#MD_DataIdentification"]","1a40eb6f-4f33-4e15-a0b1-2d350ad2636e 1a40eb6f-4f33-4e15-a0b1-2d350ad2636e 1a40eb6f-4f33-4e15-a0b1-2d350ad2636e 1a40eb6f-4f33-4e15-a0b1-2d350ad2636e 1a40eb6f-4f33-4e15-a0b1-2d350ad2636e","other"
"1e3ac76b-67e8-4696-aa7d-e7a6aa7e45b9","Gebiedsbeheer eenheden - Kwetsbaar gebied - Agglomeraties - RSA (INSPIRE geharmoniseerd) OGC API Features","https://api.pdok.nl/rws/kwetsbaar-gebied-agglomeraties/ogc/v1","OGC:API features","Beheer PDOK","beheerpdok@kadaster.nl,beheerpdok@kadaster.nl","Nederlands metadata profiel op ISO 19119 voor services 2.1.0","https://nationaalgeoregister.nl/geonetwork/srv/dut/csw?service=CSW&request=GetRecordById&version=2.0.2&outputSchema=http://www.isotc211.org/2005/gmd&elementSetName=full&id=2350b86b-3efd-47e4-883e-519bfa8d0abd#MD_DataIdentification","2350b86b-3efd-47e4-883e-519bfa8d0abd","other"
"da643310-e376-4c1d-b478-df62e54b8122","Referentiepercelen OGC API Features","https://api.pdok.nl/rvo/referentiepercelen/ogc/v1","OGC:API features","Beheer PDOK","beheerpdok@kadaster.nl,beheerpdok@kadaster.nl","Nederlands metadata profiel op ISO 19119 voor services 2.1.0","https://nationaalgeoregister.nl/geonetwork/srv/dut/csw?service=CSW&request=GetRecordById&version=2.0.2&outputSchema=http://www.isotc211.org/2005/gmd&elementSetName=full&id=4fa03182-df71-4c39-87da-e7d5c0b82d88#MD_DataIdentification","4fa03182-df71-4c39-87da-e7d5c0b82d88","other"
"da6b0798-6040-427c-8cf9-88fa3387342b","KRW Monitoringlocaties (INSPIRE geharmoniseerd) WMS","https://service.pdok.nl/ihw/milieubewakingsvoorzieningen/krw-monitoringlocaties/wms/v1_0?SERVICE=WMS&VERSION=1.3.0&request=getcapabilities","OGC:WMS","Beheer PDOK","beheerpdok@kadaster.nl,beheerpdok@kadaster.nl","Nederlands metadata profiel op ISO 19119 voor services 2.1.0","https://www.nationaalgeoregister.nl/geonetwork/srv/dut/csw?service=CSW&request=GetRecordById&version=2.0.2&outputSchema=http://www.isotc211.org/2005/gmd&elementSetName=full&id=6244610d-a33c-4a4c-8071-2c656196a449#MD_DataIdentification","6244610d-a33c-4a4c-8071-2c656196a449","view"
"5b4769af-d36d-4fc1-b209-f93979806c6c","Spreiding van soorten - Invasieve Exoten (INSPIRE geharmoniseerd) OGC API Features","https://api.pdok.nl/rvo/invasieve-exoten-geharmoniseerd/ogc/v1","OGC:API features","Beheer PDOK","beheerpdok@kadaster.nl,beheerpdok@kadaster.nl","Nederlands metadata profiel op ISO 19119 voor services 2.1.0","https://nationaalgeoregister.nl/geonetwork/srv/dut/csw?service=CSW&request=GetRecordById&version=2.0.2&outputSchema=http://www.isotc211.org/2005/gmd&elementSetName=full&id=3703b249-a0eb-484e-ba7a-10e31a55bcec#MD_DataIdentification","3703b249-a0eb-484e-ba7a-10e31a55bcec","other"
"488ce96d-2571-4ec2-ac7c-a350c55c5d70","Beschermde Gebieden - Cultuurhistorie (INSPIRE geharmoniseerd) OGC API Features","https://api.pdok.nl/rce/beschermde-gebieden-cultuurhistorie/ogc/v1/","OGC:API features","Beheer PDOK","beheerpdok@kadaster.nl,beheerpdok@kadaster.nl","Nederlands metadata profiel op ISO 19119 voor services 2.1.0","https://nationaalgeoregister.nl/geonetwork/srv/dut/csw?service=CSW&request=GetRecordById&version=2.0.2&outputSchema=http://www.isotc211.org/2005/gmd&elementSetName=full&id=493ab81b-75f8-4205-b030-6b2fd9eb4295#MD_DataIdentification","493ab81b-75f8-4205-b030-6b2fd9eb4295","other"
"f2badb60-3133-4b34-8d47-fbf3b41b9ea3","Habitatrichtlijn verspreiding van soorten OGC API Features","https://api.pdok.nl/rvo/habitatrichtlijn-verspreiding-soorten/ogc/v1","OGC:API features","Beheer PDOK","beheerpdok@kadaster.nl,beheerpdok@kadaster.nl","Nederlands metadata profiel op ISO 19119 voor services 2.1.0","https://nationaalgeoregister.nl/geonetwork/srv/dut/csw?service=CSW&request=GetRecordById&version=2.0.2&outputSchema=http://www.isotc211.org/2005/gmd&elementSetName=full&id=28c4780a-1a44-4376-b283-14a50a481729#MD_DataIdentification","28c4780a-1a44-4376-b283-14a50a481729","other"
"0ceba006-67a6-4b6f-8096-9b66e33c7f83","Gebiedsbeheer eenheden - Kwetsbaar gebied - RSA (INSPIRE geharmoniseerd) OGC API Features","https://api.pdok.nl/rws/kwetsbaar-gebied/ogc/v1/","OGC:API features","Beheer PDOK","beheerpdok@kadaster.nl,beheerpdok@kadaster.nl","Nederlands metadata profiel op ISO 19119 voor services 2.1.0","https://nationaalgeoregister.nl/geonetwork/srv/dut/csw?service=CSW&request=GetRecordById&version=2.0.2&outputSchema=http://www.isotc211.org/2005/gmd&elementSetName=full&id=aa13c390-6b6c-407f-bae9-dae2ee8628fd#MD_DataIdentification","aa13c390-6b6c-407f-bae9-dae2ee8628fd","other"
"86fd7ee0-bdb8-4c6a-8114-01b79e3cb38b","KRW Register Beschermd Gebied - Drinkwateronttrekking (INSPIRE geharmoniseerd) WMS","https://service.pdok.nl/ihw/gebiedsbeheer/krw-beschermde-gebieden-drinkwateronttrekking/wms/v1_0?SERVICE=WMS&VERSION=1.3.0&request=getcapabilities","OGC:WMS","Beheer PDOK","beheerpdok@kadaster.nl,beheerpdok@kadaster.nl","Nederlands metadata profiel op ISO 19119 voor services 2.1.0","["https:\/\/www.nationaalgeoregister.nl\/geonetwork\/srv\/dut\/csw?service=CSW&request=GetRecordById&version=2.0.2&outputSchema=http:\/\/www.isotc211.org\/2005\/gmd&elementSetName=full&id=f1dc518b-1fc5-43ec-aa5d-e4a160091649#MD_DataIdentification","https:\/\/www.nationaalgeoregister.nl\/geonetwork\/srv\/dut\/csw?service=CSW&request=GetRecordById&version=2.0.2&outputSchema=http:\/\/www.isotc211.org\/2005\/gmd&elementSetName=full&id=f1dc518b-1fc5-43ec-aa5d-e4a160091649#MD_DataIdentification","https:\/\/www.nationaalgeoregister.nl\/geonetwork\/srv\/dut\/csw?service=CSW&request=GetRecordById&version=2.0.2&outputSchema=http:\/\/www.isotc211.org\/2005\/gmd&elementSetName=full&id=f1dc518b-1fc5-43ec-aa5d-e4a160091649#MD_DataIdentification"]","f1dc518b-1fc5-43ec-aa5d-e4a160091649 f1dc518b-1fc5-43ec-aa5d-e4a160091649 f1dc518b-1fc5-43ec-aa5d-e4a160091649","view"
"53607349-a178-4129-b9c1-4d993b157fd6","Vervoersnetwerken - Wegen - Netwerk (INSPIRE geharmoniseerd) WMS","https://service.pdok.nl/rws/vervoersnetwerken/wegen/wms/v1_0?request=GetCapabilities&service=WMS","OGC:WMS","Beheer PDOK","beheerpdok@kadaster.nl,beheerpdok@kadaster.nl","Nederlands metadata profiel op ISO 19119 voor services 2.1.0","["https:\/\/www.nationaalgeoregister.nl\/geonetwork\/srv\/dut\/csw?service=CSW&request=GetRecordById&version=2.0.2&outputSchema=http:\/\/www.isotc211.org\/2005\/gmd&elementSetName=full&id=f4520ae7-9229-4132-8d42-37b4f962212a#MD_DataIdentification","https:\/\/www.nationaalgeoregister.nl\/geonetwork\/srv\/dut\/csw?service=CSW&request=GetRecordById&version=2.0.2&outputSchema=http:\/\/www.isotc211.org\/2005\/gmd&elementSetName=full&id=f4520ae7-9229-4132-8d42-37b4f962212a#MD_DataIdentification","https:\/\/www.nationaalgeoregister.nl\/geonetwork\/srv\/dut\/csw?service=CSW&request=GetRecordById&version=2.0.2&outputSchema=http:\/\/www.isotc211.org\/2005\/gmd&elementSetName=full&id=f4520ae7-9229-4132-8d42-37b4f962212a#MD_DataIdentification","https:\/\/www.nationaalgeoregister.nl\/geonetwork\/srv\/dut\/csw?service=CSW&request=GetRecordById&version=2.0.2&outputSchema=http:\/\/www.isotc211.org\/2005\/gmd&elementSetName=full&id=f4520ae7-9229-4132-8d42-37b4f962212a#MD_DataIdentification"]","f4520ae7-9229-4132-8d42-37b4f962212a f4520ae7-9229-4132-8d42-37b4f962212a f4520ae7-9229-4132-8d42-37b4f962212a f4520ae7-9229-4132-8d42-37b4f962212a","view"
"973d494b-184f-4edb-8a67-c96283415783","Bodemgebruik - Land Cover (INSPIRE geharmoniseerd) WFS","https://service.pdok.nl/kadaster/lc/wfs/v1_0?request=GetCapabilities&service=WFS","OGC:WFS","Beheer PDOK","beheerpdok@kadaster.nl,beheerpdok@kadaster.nl","Nederlands metadata profiel op ISO 19119 voor services 2.1.0","https://www.nationaalgeoregister.nl/geonetwork/srv/dut/csw?service=CSW&request=GetRecordById&version=2.0.2&outputSchema=http://www.isotc211.org/2005/gmd&elementSetName=full&id=1689d1b7-ef22-417a-becd-d8d9a8a90a10#MD_DataIdentification","1689d1b7-ef22-417a-becd-d8d9a8a90a10","other"
"21226249-b3cc-4ed8-be7c-83298c72d1b5","CBS Vierkantstatistieken 100m 2010 WMS","https://service.pdok.nl/cbs/vierkantstatistieken100m/2010/wms/v1_0?request=GetCapabilities&service=WMS","OGC:WMS","Beheer PDOK","beheerpdok@kadaster.nl,beheerpdok@kadaster.nl","Nederlands metadata profiel op ISO 19119 voor services 2.1.0","https://nationaalgeoregister.nl/geonetwork/srv/dut/csw?service=CSW&request=GetRecordById&version=2.0.2&outputSchema=http://www.isotc211.org/2005/gmd&elementSetName=full&id=1462bbce-ccd3-4362-83d8-4535ca8f44eb#MD_DataIdentification","1462bbce-ccd3-4362-83d8-4535ca8f44eb","view"
"5b34d56a-ce9e-48f6-bb36-39d850a8f741","Administratieve Eenheden (INSPIRE geharmoniseerd) WFS","https://service.pdok.nl/kadaster/au/wfs/v2_0?request=GetCapabilities&service=WFS","OGC:WFS","Beheer PDOK","beheerpdok@kadaster.nl,beheerpdok@kadaster.nl","Nederlands metadata profiel op ISO 19119 voor services 2.1.0","["https:\/\/www.nationaalgeoregister.nl\/geonetwork\/srv\/dut\/csw?service=CSW&request=GetRecordById&version=2.0.2&outputSchema=http:\/\/www.isotc211.org\/2005\/gmd&elementSetName=full&id=7dd1fd45-ace5-41e0-93a6-64e3be231717#MD_DataIdentification","https:\/\/www.nationaalgeoregister.nl\/geonetwork\/srv\/dut\/csw?service=CSW&request=GetRecordById&version=2.0.2&outputSchema=http:\/\/www.isotc211.org\/2005\/gmd&elementSetName=full&id=7dd1fd45-ace5-41e0-93a6-64e3be231717#MD_DataIdentification"]","7dd1fd45-ace5-41e0-93a6-64e3be231717 7dd1fd45-ace5-41e0-93a6-64e3be231717","other"
"4bb1a3a9-22a2-47b0-85e9-72b913c07ecb","CBS Vierkantstatistieken 100m 2019 WMS","https://service.pdok.nl/cbs/vierkantstatistieken100m/2019/wms/v1_0?request=GetCapabilities&service=WMS","OGC:WMS","Beheer PDOK","beheerpdok@kadaster.nl,beheerpdok@kadaster.nl","Nederlands metadata profiel op ISO 19119 voor services 2.1.0","https://nationaalgeoregister.nl/geonetwork/srv/dut/csw?service=CSW&request=GetRecordById&version=2.0.2&outputSchema=http://www.isotc211.org/2005/gmd&elementSetName=full&id=1462bbce-ccd3-4362-83d8-4535ca8f44eb#MD_DataIdentification","1462bbce-ccd3-4362-83d8-4535ca8f44eb","view"
"f311b050-a50d-4111-92bb-a5ccd51c54b5","Nationale Parken OGC API Features","https://api.pdok.nl/rvo/nationale-parken/ogc/v1","OGC:API features","Beheer PDOK","beheerpdok@kadaster.nl,beheerpdok@kadaster.nl","Nederlands metadata profiel op ISO 19119 voor services 2.1.0","https://nationaalgeoregister.nl/geonetwork/srv/dut/csw?service=CSW&request=GetRecordById&version=2.0.2&outputSchema=http://www.isotc211.org/2005/gmd&elementSetName=full&id=4961d305-fbb5-426a-9ba3-53e1ca5f3b18#MD_DataIdentification","4961d305-fbb5-426a-9ba3-53e1ca5f3b18","other"
"575569de-c5d1-4250-991c-4c7ef0b8d3f7","CBS Vierkantstatistieken 100m 2020 WFS","https://service.pdok.nl/cbs/vierkantstatistieken100m/2020/wfs/v1_0?request=GetCapabilities&service=WFS","OGC:WFS","Beheer PDOK","beheerpdok@kadaster.nl,beheerpdok@kadaster.nl","Nederlands metadata profiel op ISO 19119 voor services 2.1.0","https://nationaalgeoregister.nl/geonetwork/srv/dut/csw?service=CSW&request=GetRecordById&version=2.0.2&outputSchema=http://www.isotc211.org/2005/gmd&elementSetName=full&id=1462bbce-ccd3-4362-83d8-4535ca8f44eb#MD_DataIdentification","1462bbce-ccd3-4362-83d8-4535ca8f44eb","other"
"913abeb7-82f8-4573-96c4-a3d6edf70814","Gepland landgebruik DSO-LV Omgevingswet (INSPIRE geharmoniseerd) WMS","https://service.pdok.nl/kadaster/landgebruik/gepland-landgebruik-dso-lv/wms/v1_0?request=GetCapabilities&service=WMS","OGC:WMS","Beheer PDOK","beheerpdok@kadaster.nl,beheerpdok@kadaster.nl","Nederlands metadata profiel op ISO 19119 voor services 2.1.0","["https:\/\/www.nationaalgeoregister.nl\/geonetwork\/srv\/dut\/csw?service=CSW&request=GetRecordById&version=2.0.2&outputSchema=http:\/\/www.isotc211.org\/2005\/gmd&elementSetName=full&id=e0cb0dd4-3cef-4661-840d-c1d3ba4c9dd6#MD_DataIdentification","https:\/\/www.nationaalgeoregister.nl\/geonetwork\/srv\/dut\/csw?service=CSW&request=GetRecordById&version=2.0.2&outputSchema=http:\/\/www.isotc211.org\/2005\/gmd&elementSetName=full&id=e0cb0dd4-3cef-4661-840d-c1d3ba4c9dd6#MD_DataIdentification","https:\/\/www.nationaalgeoregister.nl\/geonetwork\/srv\/dut\/csw?service=CSW&request=GetRecordById&version=2.0.2&outputSchema=http:\/\/www.isotc211.org\/2005\/gmd&elementSetName=full&id=e0cb0dd4-3cef-4661-840d-c1d3ba4c9dd6#MD_DataIdentification"]","e0cb0dd4-3cef-4661-840d-c1d3ba4c9dd6 e0cb0dd4-3cef-4661-840d-c1d3ba4c9dd6 e0cb0dd4-3cef-4661-840d-c1d3ba4c9dd6","view"
"5b7cf3ea-862f-4cfa-a368-6eecdf49ad11","Gebieden met Natuurrisico's - Overstromingen - Risicogebied - Richtlijn Overstromingsrisico's (ROR) (INSPIRE geharmoniseerd) OGC API Features","https://api.pdok.nl/rws/overstromingen-risicogebied/ogc/v1","OGC:API features","Beheer PDOK","beheerpdok@kadaster.nl,beheerpdok@kadaster.nl","Nederlands metadata profiel op ISO 19119 voor services 2.1.0","https://nationaalgeoregister.nl/geonetwork/srv/dut/csw?service=CSW&request=GetRecordById&version=2.0.2&outputSchema=http://www.isotc211.org/2005/gmd&elementSetName=full&id=c66acb58-7534-453a-9fc4-b5d3faa7b41c#MD_DataIdentification","c66acb58-7534-453a-9fc4-b5d3faa7b41c","other"
"0f7fe0b8-0293-4ec5-9d38-742b0209dc76","BRO Grondwatergebruiksysteem (GUF) - Faciliteiten voor productie en industrie (INSPIRE geharmoniseerd) WMS","https://service.pdok.nl/bzk/faciliteiten-voor-productie-en-industrie/bro-grondwatergebruiksysteem/wms/v1_0?request=GetCapabilities&service=WMS","OGC:WMS","Beheer PDOK","beheerpdok@kadaster.nl,beheerpdok@kadaster.nl","Nederlands metadata profiel op ISO 19119 voor services 2.1.0","["https:\/\/www.nationaalgeoregister.nl\/geonetwork\/srv\/dut\/csw?service=CSW&request=GetRecordById&version=2.0.2&outputSchema=http:\/\/www.isotc211.org\/2005\/gmd&elementSetName=full&id=d1481a5f-be34-42b7-b9d8-257a46e0d17c#MD_DataIdentification","https:\/\/www.nationaalgeoregister.nl\/geonetwork\/srv\/dut\/csw?service=CSW&request=GetRecordById&version=2.0.2&outputSchema=http:\/\/www.isotc211.org\/2005\/gmd&elementSetName=full&id=d1481a5f-be34-42b7-b9d8-257a46e0d17c#MD_DataIdentification","https:\/\/www.nationaalgeoregister.nl\/geonetwork\/srv\/dut\/csw?service=CSW&request=GetRecordById&version=2.0.2&outputSchema=http:\/\/www.isotc211.org\/2005\/gmd&elementSetName=full&id=d1481a5f-be34-42b7-b9d8-257a46e0d17c#MD_DataIdentification"]","d1481a5f-be34-42b7-b9d8-257a46e0d17c d1481a5f-be34-42b7-b9d8-257a46e0d17c d1481a5f-be34-42b7-b9d8-257a46e0d17c","view"
"a13dfbbf-5357-47af-b787-13fac42aa795","Potentiekaart Restwarmte OGC API Features","https://api.pdok.nl/rvo/potentiekaart-restwarmte/ogc/v1","OGC:API features","Beheer PDOK","beheerpdok@kadaster.nl,beheerpdok@kadaster.nl","Nederlands metadata profiel op ISO 19119 voor services 2.1.0","https://nationaalgeoregister.nl/geonetwork/srv/dut/csw?service=CSW&request=GetRecordById&version=2.0.2&outputSchema=http://www.isotc211.org/2005/gmd&elementSetName=full&id=d6b85d84-cdb9-4a6e-b799-cf8826e22a94#MD_DataIdentification","d6b85d84-cdb9-4a6e-b799-cf8826e22a94","other"
"b3235d11-1c24-4afe-8baf-2f4f15a7d9bd","BRO Grondwatergebruik (GU) - Milieubewakingsvoorzieningen (INSPIRE geharmoniseerd) WMS","https://service.pdok.nl/bzk/milieubewakingsvoorzieningen/bro-grondwatergebruik/wms/v1_0?request=GetCapabilities&service=WMS","OGC:WMS","Beheer PDOK","beheerpdok@kadaster.nl,beheerpdok@kadaster.nl","Nederlands metadata profiel op ISO 19119 voor services 2.1.0","https://www.nationaalgeoregister.nl/geonetwork/srv/dut/csw?service=CSW&request=GetRecordById&version=2.0.2&outputSchema=http://www.isotc211.org/2005/gmd&elementSetName=full&id=bc6a24a1-846f-4448-a97d-79e601ff6666#MD_DataIdentification","bc6a24a1-846f-4448-a97d-79e601ff6666","view"
"c39f6bad-579b-49c2-95e4-249fe997f0cb","CBS Vierkantstatistieken 100m 2004 WFS","https://service.pdok.nl/cbs/vierkantstatistieken100m/2004/wfs/v1_0?request=GetCapabilities&service=WFS","OGC:WFS","Beheer PDOK","beheerpdok@kadaster.nl,beheerpdok@kadaster.nl","Nederlands metadata profiel op ISO 19119 voor services 2.1.0","https://nationaalgeoregister.nl/geonetwork/srv/dut/csw?service=CSW&request=GetRecordById&version=2.0.2&outputSchema=http://www.isotc211.org/2005/gmd&elementSetName=full&id=1462bbce-ccd3-4362-83d8-4535ca8f44eb#MD_DataIdentification","1462bbce-ccd3-4362-83d8-4535ca8f44eb","other"
"b838c96b-c9fa-4798-821b-9a3e49c10dbb","Potentiekaart Reststromen OGC API Features","https://api.pdok.nl/rvo/potentiekaart-reststromen/ogc/v1","OGC:API features","Beheer PDOK","beheerpdok@kadaster.nl,beheerpdok@kadaster.nl","Nederlands metadata profiel op ISO 19119 voor services 2.1.0","https://nationaalgeoregister.nl/geonetwork/srv/dut/csw?service=CSW&request=GetRecordById&version=2.0.2&outputSchema=http://www.isotc211.org/2005/gmd&elementSetName=full&id=24eb504e-f5f3-4ecf-b760-cc5630e82a57#MD_DataIdentification","24eb504e-f5f3-4ecf-b760-cc5630e82a57","other"
"311e8509-179c-429e-8faa-8e99ae45f7ce","Waterschappen Hydrografie (INSPIRE geharmoniseerd) WFS","https://service.pdok.nl/hwh/hydrografie/wfs/v2_0?request=GetCapabilities&service=WFS","OGC:WFS","Beheer PDOK","beheerpdok@kadaster.nl,beheerpdok@kadaster.nl","Nederlands metadata profiel op ISO 19119 voor services 2.1.0","https://www.nationaalgeoregister.nl/geonetwork/srv/dut/csw?service=CSW&request=GetRecordById&version=2.0.2&outputSchema=http://www.isotc211.org/2005/gmd&elementSetName=full&id=07575774-57a1-4419-bab4-6c88fdeb02b2#MD_DataIdentification","07575774-57a1-4419-bab4-6c88fdeb02b2","other"
"ca3f849f-b303-4757-aa30-e5cdd692e07a","CBS Vierkantstatistieken 100m 2017 WFS","https://service.pdok.nl/cbs/vierkantstatistieken100m/2017/wfs/v1_0?request=GetCapabilities&service=WFS","OGC:WFS","Beheer PDOK","beheerpdok@kadaster.nl,beheerpdok@kadaster.nl","Nederlands metadata profiel op ISO 19119 voor services 2.1.0","https://nationaalgeoregister.nl/geonetwork/srv/dut/csw?service=CSW&request=GetRecordById&version=2.0.2&outputSchema=http://www.isotc211.org/2005/gmd&elementSetName=full&id=1462bbce-ccd3-4362-83d8-4535ca8f44eb#MD_DataIdentification","1462bbce-ccd3-4362-83d8-4535ca8f44eb","other"
"e9ba7d7f-6cd1-4271-bce4-56432924b338","Mosselzaadinvanginstallaties WFS","https://service.pdok.nl/rvo/mosselzaadinvanginstallaties/wfs/v1_0?service=wfs&request=getcapabilities","OGC:WFS","Beheer PDOK","beheerPDOK@kadaster.nl,beheerPDOK@kadaster.nl","Nederlands metadata profiel op ISO 19119 voor services 2.1.0","https://www.nationaalgeoregister.nl/geonetwork/srv/dut/csw?service=CSW&request=GetRecordById&version=2.0.2&outputSchema=http://www.isotc211.org/2005/gmd&elementSetName=full&id=a04afee4-47d5-45b7-b7a0-a6f86106af11#MD_DataIdentification","a04afee4-47d5-45b7-b7a0-a6f86106af11","download"
"f0c6fbfe-a172-4223-8af3-58f6a28c881d","Human Health Statistics Netherlands (INSPIRE geharmoniseerd) WMS","https://service.pdok.nl/cbs/hh/wms/v1_0?request=GetCapabilities&service=WMS","OGC:WMS","Beheer PDOK","beheerpdok@kadaster.nl,beheerpdok@kadaster.nl","Nederlands metadata profiel op ISO 19119 voor services 2.1.0","https://www.nationaalgeoregister.nl/geonetwork/srv/dut/csw?service=CSW&request=GetRecordById&version=2.0.2&outputSchema=http://www.isotc211.org/2005/gmd&elementSetName=full&id=12bb57cd-73e0-41ba-a1e9-6d986b9109d3#MD_DataIdentification","12bb57cd-73e0-41ba-a1e9-6d986b9109d3","view"
"89dbce66-d2c5-44d8-9d5d-ed3f7cbb85fa","Schelpdierpercelen OGC API Features","https://api.pdok.nl/rvo/schelpdierpercelen/ogc/v1","OGC:API features","Beheer PDOK","beheerpdok@kadaster.nl,beheerpdok@kadaster.nl","Nederlands metadata profiel op ISO 19119 voor services 2.1.0","https://nationaalgeoregister.nl/geonetwork/srv/dut/csw?service=CSW&request=GetRecordById&version=2.0.2&outputSchema=http://www.isotc211.org/2005/gmd&elementSetName=full&id=fe0e1e5f-512f-4bb1-bbf8-4028d3dfa24f#MD_DataIdentification","fe0e1e5f-512f-4bb1-bbf8-4028d3dfa24f","other"
"1b07ba6f-3877-4a13-82db-17a601300d8a","Schelpdierpercelen WFS","https://service.pdok.nl/rvo/schelpdierpercelen/wfs/v3_0?request=getcapabilities&service=WFS","OGC:WFS","Beheer PDOK","beheerpdok@kadaster.nl,beheerpdok@kadaster.nl","Nederlands metadata profiel op ISO 19119 voor services 2.1.0","https://www.nationaalgeoregister.nl/geonetwork/srv/dut/csw?service=CSW&request=GetRecordById&version=2.0.2&outputSchema=http://www.isotc211.org/2005/gmd&elementSetName=full&id=fe0e1e5f-512f-4bb1-bbf8-4028d3dfa24f#MD_DataIdentification","fe0e1e5f-512f-4bb1-bbf8-4028d3dfa24f","other"
"a4eec686-ce4d-443a-bb52-f5a5384f640e","KRW Stroomgebieddistricten Nederland (INSPIRE geharmoniseerd) WMS","https://service.pdok.nl/ihw/gebiedsbeheer/krw-stroomgebieddistricten/wms/v1_0?SERVICE=WMS&VERSION=1.3.0&request=getcapabilities","OGC:WMS","Beheer PDOK","beheerpdok@kadaster.nl,beheerpdok@kadaster.nl","Nederlands metadata profiel op ISO 19119 voor services 2.1.0","https://www.nationaalgeoregister.nl/geonetwork/srv/dut/csw?service=CSW&request=GetRecordById&version=2.0.2&outputSchema=http://www.isotc211.org/2005/gmd&elementSetName=full&id=973b09e9-6904-48cd-aee1-827c529cdf02#MD_DataIdentification","973b09e9-6904-48cd-aee1-827c529cdf02","view"
"43bb4581-0720-426f-a771-b7f9ded50fd5","CBS Gebiedsindelingen 2021 WMS","https://service.pdok.nl/cbs/gebiedsindelingen/2021/wms/v1_0?request=GetCapabilities&service=WMS","OGC:WMS","Beheer PDOK","beheerpdok@kadaster.nl,beheerpdok@kadaster.nl","Nederlands metadata profiel op ISO 19119 voor services 2.1.0","https://www.nationaalgeoregister.nl/geonetwork/srv/dut/csw?service=CSW&request=GetRecordById&version=2.0.2&outputSchema=http://www.isotc211.org/2005/gmd&elementSetName=full&id=effe1ab0-073d-437c-af13-df5c5e07d6cd#MD_DataIdentification","effe1ab0-073d-437c-af13-df5c5e07d6cd","view"
"1d518d10-4828-11f0-9fe2-0242ac120002","CBS Bestand Bodemgebruik 2017 OGC API Features","https://api.pdok.nl/cbs/bestand-bodemgebruik-2017/ogc/v1","OGC:API features","Beheer PDOK","beheerpdok@kadaster.nl,beheerpdok@kadaster.nl","Nederlands metadata profiel op ISO 19119 voor services 2.1.0","https://nationaalgeoregister.nl/geonetwork/srv/dut/csw?service=CSW&request=GetRecordById&version=2.0.2&outputSchema=http://www.isotc211.org/2005/gmd&elementSetName=full&id=d9bf1ce1-5197-409e-b19e-340e50afafc4#MD_DataIdentification","d9bf1ce1-5197-409e-b19e-340e50afafc4","other"
"bc4277fe-7d0b-4d5e-9782-cccb1753f5f5","BRO - Wandonderzoek (SFR) - Bodem (INSPIRE geharmoniseerd) WMS","https://service.pdok.nl/bzk/bodem/bro-wandonderzoek/wms/v1_0?request=getcapabilities&service=WMS","OGC:WMS","Beheer PDOK","beheerpdok@kadaster.nl,beheerpdok@kadaster.nl","Nederlands metadata profiel op ISO 19119 voor services 2.1.0","https://www.nationaalgeoregister.nl/geonetwork/srv/dut/csw?service=CSW&request=GetRecordById&version=2.0.2&outputSchema=http://www.isotc211.org/2005/gmd&elementSetName=full&id=7400a9d7-7bf1-48da-8d81-a38e75723ea5#MD_DataIdentification","7400a9d7-7bf1-48da-8d81-a38e75723ea5","view"
"4ce823b4-94b4-4d24-8512-519179315878","Provinciale Monumenten - Provincies (INSPIRE geharmoniseerd) WMS","https://service.pdok.nl/provincies/provinciale-monumenten/wms/v1_0?request=GetCapabilities&service=WMS","OGC:WMS","Beheer PDOK","beheerpdok@kadaster.nl,beheerpdok@kadaster.nl","Nederlands metadata profiel op ISO 19119 voor services 2.1.0","https://nationaalgeoregister.nl/geonetwork/srv/dut/csw?service=CSW&request=GetRecordById&version=2.0.2&outputSchema=http://www.isotc211.org/2005/gmd&elementSetName=full&id=ca94a0cb-7561-4a10-a7d6-b840e56c33ff#MD_DataIdentification","ca94a0cb-7561-4a10-a7d6-b840e56c33ff","view"
"5fe3b6a2-fb5b-4f0d-a050-91fe45cb5b37","Natura 2000 (INSPIRE geharmoniseerd) OGC API Features","https://api.pdok.nl/rvo/natura2000-geharmoniseerd/ogc/v1","OGC:API features","Beheer PDOK","beheerpdok@kadaster.nl,beheerpdok@kadaster.nl","Nederlands metadata profiel op ISO 19119 voor services 2.1.0","https://nationaalgeoregister.nl/geonetwork/srv/dut/csw?service=CSW&request=GetRecordById&version=2.0.2&outputSchema=http://www.isotc211.org/2005/gmd&elementSetName=full&id=280ed37a-b8d2-4ac5-8567-04d84fad3a41#MD_DataIdentification","280ed37a-b8d2-4ac5-8567-04d84fad3a41","other"
"45f9ddb3-8929-4c6c-aa99-dc99f7cedb04","CBS Vierkantstatistieken 500m 2021 WMS","https://service.pdok.nl/cbs/vierkantstatistieken500m/2021/wms/v1_0?request=GetCapabilities&service=WMS","OGC:WMS","Beheer PDOK","beheerpdok@kadaster.nl,beheerpdok@kadaster.nl","Nederlands metadata profiel op ISO 19119 voor services 2.1.0","https://www.nationaalgeoregister.nl/geonetwork/srv/dut/csw?service=CSW&request=GetRecordById&version=2.0.2&outputSchema=http://www.isotc211.org/2005/gmd&elementSetName=full&id=f605a24f-60cd-4c40-94c8-2186aba3ddd0#MD_DataIdentification","f605a24f-60cd-4c40-94c8-2186aba3ddd0","view"
"e79ffdbb-f5cf-44ce-b5c2-ff4cbdf0abf4","CBS Vierkantstatistieken 100m 2000 WFS","https://service.pdok.nl/cbs/vierkantstatistieken100m/2000/wfs/v1_0?request=GetCapabilities&service=WFS","OGC:WFS","Beheer PDOK","beheerpdok@kadaster.nl,beheerpdok@kadaster.nl","Nederlands metadata profiel op ISO 19119 voor services 2.1.0","https://nationaalgeoregister.nl/geonetwork/srv/dut/csw?service=CSW&request=GetRecordById&version=2.0.2&outputSchema=http://www.isotc211.org/2005/gmd&elementSetName=full&id=1462bbce-ccd3-4362-83d8-4535ca8f44eb#MD_DataIdentification","1462bbce-ccd3-4362-83d8-4535ca8f44eb","other"
"991033b9-73de-4abb-9e5e-269a39152852","CBS Gebiedsindelingen 2020 WMS","https://service.pdok.nl/cbs/gebiedsindelingen/2020/wms/v1_0?request=GetCapabilities&service=WMS","OGC:WMS","Beheer PDOK","beheerpdok@kadaster.nl,beheerpdok@kadaster.nl","Nederlands metadata profiel op ISO 19119 voor services 2.1.0","https://www.nationaalgeoregister.nl/geonetwork/srv/dut/csw?service=CSW&request=GetRecordById&version=2.0.2&outputSchema=http://www.isotc211.org/2005/gmd&elementSetName=full&id=effe1ab0-073d-437c-af13-df5c5e07d6cd#MD_DataIdentification","effe1ab0-073d-437c-af13-df5c5e07d6cd","view"
"924cfdc3-71cc-40fc-8581-abe9b2332547","Gebieden met Natuurrisico's - Overstromingen - Geobserveerde gebeurtenis - Richtlijn Overstromingsrisico's (ROR) (INSPIRE geharmoniseerd) OGC API Features","https://api.pdok.nl/rws/overstromingen-gebeurtenis/ogc/v1","OGC:API features","Beheer PDOK","beheerpdok@kadaster.nl,beheerpdok@kadaster.nl","Nederlands metadata profiel op ISO 19119 voor services 2.1.0","https://nationaalgeoregister.nl/geonetwork/srv/dut/csw?service=CSW&request=GetRecordById&version=2.0.2&outputSchema=http://www.isotc211.org/2005/gmd&elementSetName=full&id=18e2f49d-bf90-48b4-9a8f-81db44d97ecd#MD_DataIdentification","18e2f49d-bf90-48b4-9a8f-81db44d97ecd","other"
"2148f2fa-ab3c-44df-b66f-ac42ce6f1eed","CBS Vierkantstatistieken 100m 2011 WMS","https://service.pdok.nl/cbs/vierkantstatistieken100m/2011/wms/v1_0?request=GetCapabilities&service=WMS","OGC:WMS","Beheer PDOK","beheerpdok@kadaster.nl,beheerpdok@kadaster.nl","Nederlands metadata profiel op ISO 19119 voor services 2.1.0","https://nationaalgeoregister.nl/geonetwork/srv/dut/csw?service=CSW&request=GetRecordById&version=2.0.2&outputSchema=http://www.isotc211.org/2005/gmd&elementSetName=full&id=1462bbce-ccd3-4362-83d8-4535ca8f44eb#MD_DataIdentification","1462bbce-ccd3-4362-83d8-4535ca8f44eb","view"
"150e3a18-44ed-43bd-b0fd-70ff7a3e6906","CBS Gebiedsindelingen 2016 WFS","https://service.pdok.nl/cbs/gebiedsindelingen/2016/wfs/v1_0?request=GetCapabilities&service=WFS","OGC:WFS","Beheer PDOK","beheerpdok@kadaster.nl,beheerpdok@kadaster.nl","Nederlands metadata profiel op ISO 19119 voor services 2.1.0","https://www.nationaalgeoregister.nl/geonetwork/srv/dut/csw?service=CSW&request=GetRecordById&version=2.0.2&outputSchema=http://www.isotc211.org/2005/gmd&elementSetName=full&id=effe1ab0-073d-437c-af13-df5c5e07d6cd#MD_DataIdentification","effe1ab0-073d-437c-af13-df5c5e07d6cd","other"
"aa01985b-a910-46cb-8f30-dd97acd3d7b4","CBS Vierkantstatistieken 500m OGC API Features","https://api.pdok.nl/cbs/vierkantstatistieken500m/ogc/v1","OGC:API features","Beheer PDOK","beheerpdok@kadaster.nl,beheerpdok@kadaster.nl","Nederlands metadata profiel op ISO 19119 voor services 2.1.0","https://nationaalgeoregister.nl/geonetwork/srv/dut/csw?service=CSW&request=GetRecordById&version=2.0.2&outputSchema=http://www.isotc211.org/2005/gmd&elementSetName=full&id=f605a24f-60cd-4c40-94c8-2186aba3ddd0#MD_DataIdentification","f605a24f-60cd-4c40-94c8-2186aba3ddd0","other"
"6776cafe-a7a9-45af-b370-6a8f638a12d5","CBS Vierkantstatistieken 500m 2015 WMS","https://service.pdok.nl/cbs/vierkantstatistieken500m/2015/wms/v1_0?request=GetCapabilities&service=WMS","OGC:WMS","Beheer PDOK","beheerpdok@kadaster.nl,beheerpdok@kadaster.nl","Nederlands metadata profiel op ISO 19119 voor services 2.1.0","https://www.nationaalgeoregister.nl/geonetwork/srv/dut/csw?service=CSW&request=GetRecordById&version=2.0.2&outputSchema=http://www.isotc211.org/2005/gmd&elementSetName=full&id=f605a24f-60cd-4c40-94c8-2186aba3ddd0#MD_DataIdentification","f605a24f-60cd-4c40-94c8-2186aba3ddd0","view"
"f874407b-25f9-4c1b-abe6-363467683bb1","CBS Gebiedsindelingen 2017 WMS","https://service.pdok.nl/cbs/gebiedsindelingen/2017/wms/v1_0?request=GetCapabilities&service=WMS","OGC:WMS","Beheer PDOK","beheerpdok@kadaster.nl,beheerpdok@kadaster.nl","Nederlands metadata profiel op ISO 19119 voor services 2.1.0","https://www.nationaalgeoregister.nl/geonetwork/srv/dut/csw?service=CSW&request=GetRecordById&version=2.0.2&outputSchema=http://www.isotc211.org/2005/gmd&elementSetName=full&id=effe1ab0-073d-437c-af13-df5c5e07d6cd#MD_DataIdentification","effe1ab0-073d-437c-af13-df5c5e07d6cd","view"
"7cfc30d6-f291-4f6e-9111-472c05538fb9","CBS Vierkantstatistieken 500m 2008 WMS","https:\/\/service.pdok.nl\/cbs\/vierkantstatistieken500m\/2008\/wms\/v1_0?request=GetCapabilities&service=WMS","["OGC:WMS","OGC:WMS"]","Beheer PDOK","beheerpdok@kadaster.nl,beheerpdok@kadaster.nl","Nederlands metadata profiel op ISO 19119 voor services 2.1.0","https://www.nationaalgeoregister.nl/geonetwork/srv/dut/csw?service=CSW&request=GetRecordById&version=2.0.2&outputSchema=http://www.isotc211.org/2005/gmd&elementSetName=full&id=f605a24f-60cd-4c40-94c8-2186aba3ddd0#MD_DataIdentification","f605a24f-60cd-4c40-94c8-2186aba3ddd0","view"
"16f60687-7f46-4f58-9d09-f99458c9cd66","CBS Vierkantstatistieken 500m 2000 WMS","https://service.pdok.nl/cbs/vierkantstatistieken500m/2000/wms/v1_0?request=GetCapabilities&service=WMS","OGC:WMS","Beheer PDOK","beheerpdok@kadaster.nl,beheerpdok@kadaster.nl","Nederlands metadata profiel op ISO 19119 voor services 2.1.0","https://www.nationaalgeoregister.nl/geonetwork/srv/dut/csw?service=CSW&request=GetRecordById&version=2.0.2&outputSchema=http://www.isotc211.org/2005/gmd&elementSetName=full&id=f605a24f-60cd-4c40-94c8-2186aba3ddd0#MD_DataIdentification","f605a24f-60cd-4c40-94c8-2186aba3ddd0","view"
"d664846d-8b6d-43dc-acd2-f06eb751056d","CBS Vierkantstatistieken 100m 2022 WMS","https://service.pdok.nl/cbs/vierkantstatistieken100m/2022/wms/v1_0?request=GetCapabilities&service=WMS","OGC:WMS","Beheer PDOK","beheerpdok@kadaster.nl,beheerpdok@kadaster.nl","Nederlands metadata profiel op ISO 19119 voor services 2.1.0","https://nationaalgeoregister.nl/geonetwork/srv/dut/csw?service=CSW&request=GetRecordById&version=2.0.2&outputSchema=http://www.isotc211.org/2005/gmd&elementSetName=full&id=1462bbce-ccd3-4362-83d8-4535ca8f44eb#MD_DataIdentification","1462bbce-ccd3-4362-83d8-4535ca8f44eb","view"
"0c140d6b-91f2-4ebf-8bcf-e016f928f6ad","CBS Vierkantstatistieken 500m 2010 WFS","https://service.pdok.nl/cbs/vierkantstatistieken500m/2010/wfs/v1_0?request=GetCapabilities&service=WFS","OGC:WFS","Beheer PDOK","beheerpdok@kadaster.nl,beheerpdok@kadaster.nl","Nederlands metadata profiel op ISO 19119 voor services 2.1.0","https://www.nationaalgeoregister.nl/geonetwork/srv/dut/csw?service=CSW&request=GetRecordById&version=2.0.2&outputSchema=http://www.isotc211.org/2005/gmd&elementSetName=full&id=f605a24f-60cd-4c40-94c8-2186aba3ddd0#MD_DataIdentification","f605a24f-60cd-4c40-94c8-2186aba3ddd0","other"
"dae8f9e3-99af-4d21-9feb-29f2a1693077","Vervoersnetwerken (INSPIRE geharmoniseerd) WMS","https://service.pdok.nl/kadaster/tn/wms/v1_0?request=GetCapabilities&service=WMS","OGC:WMS","Beheer PDOK","beheerpdok@kadaster.nl,beheerpdok@kadaster.nl","Nederlands metadata profiel op ISO 19119 voor services 2.1.0","["https:\/\/nationaalgeoregister.nl\/geonetwork\/srv\/dut\/csw?service=CSW&request=GetRecordById&version=2.0.2&outputSchema=http:\/\/www.isotc211.org\/2005\/gmd&elementSetName=full&id=31de946d-85d4-4c93-bb97-e25f4ef1401a#MD_DataIdentification","https:\/\/nationaalgeoregister.nl\/geonetwork\/srv\/dut\/csw?service=CSW&request=GetRecordById&version=2.0.2&outputSchema=http:\/\/www.isotc211.org\/2005\/gmd&elementSetName=full&id=5951efa2-1ff3-4763-a966-a2f5497679ee#MD_DataIdentification","https:\/\/nationaalgeoregister.nl\/geonetwork\/srv\/dut\/csw?service=CSW&request=GetRecordById&version=2.0.2&outputSchema=http:\/\/www.isotc211.org\/2005\/gmd&elementSetName=full&id=6c06740d-058f-4a12-bb3f-bf68efd03d09#MD_DataIdentification","https:\/\/nationaalgeoregister.nl\/geonetwork\/srv\/dut\/csw?service=CSW&request=GetRecordById&version=2.0.2&outputSchema=http:\/\/www.isotc211.org\/2005\/gmd&elementSetName=full&id=31de946d-85d4-4c93-bb97-e25f4ef1401a#MD_DataIdentification","https:\/\/nationaalgeoregister.nl\/geonetwork\/srv\/dut\/csw?service=CSW&request=GetRecordById&version=2.0.2&outputSchema=http:\/\/www.isotc211.org\/2005\/gmd&elementSetName=full&id=31de946d-85d4-4c93-bb97-e25f4ef1401a#MD_DataIdentification","https:\/\/nationaalgeoregister.nl\/geonetwork\/srv\/dut\/csw?service=CSW&request=GetRecordById&version=2.0.2&outputSchema=http:\/\/www.isotc211.org\/2005\/gmd&elementSetName=full&id=3a7dd0a6-d130-4c4c-b0ba-24365cf036e2#MD_DataIdentification","https:\/\/nationaalgeoregister.nl\/geonetwork\/srv\/dut\/csw?service=CSW&request=GetRecordById&version=2.0.2&outputSchema=http:\/\/www.isotc211.org\/2005\/gmd&elementSetName=full&id=3a7dd0a6-d130-4c4c-b0ba-24365cf036e2#MD_DataIdentification","https:\/\/nationaalgeoregister.nl\/geonetwork\/srv\/dut\/csw?service=CSW&request=GetRecordById&version=2.0.2&outputSchema=http:\/\/www.isotc211.org\/2005\/gmd&elementSetName=full&id=5951efa2-1ff3-4763-a966-a2f5497679ee#MD_DataIdentification","https:\/\/nationaalgeoregister.nl\/geonetwork\/srv\/dut\/csw?service=CSW&request=GetRecordById&version=2.0.2&outputSchema=http:\/\/www.isotc211.org\/2005\/gmd&elementSetName=full&id=8f45b8ef-0ce8-463a-9059-5efdcecb785c#MD_DataIdentification"]","31de946d-85d4-4c93-bb97-e25f4ef1401a 5951efa2-1ff3-4763-a966-a2f5497679ee 6c06740d-058f-4a12-bb3f-bf68efd03d09 31de946d-85d4-4c93-bb97-e25f4ef1401a 31de946d-85d4-4c93-bb97-e25f4ef1401a 3a7dd0a6-d130-4c4c-b0ba-24365cf036e2 3a7dd0a6-d130-4c4c-b0ba-24365cf036e2 5951efa2-1ff3-4763-a966-a2f5497679ee 8f45b8ef-0ce8-463a-9059-5efdcecb785c","view"
"783f5c73-193c-43d5-a158-3ff4db4c77c0","CBS Vierkantstatistieken 100m 2001 WFS","https://service.pdok.nl/cbs/vierkantstatistieken100m/2001/wfs/v1_0?request=GetCapabilities&service=WFS","OGC:WFS","Beheer PDOK","beheerpdok@kadaster.nl,beheerpdok@kadaster.nl","Nederlands metadata profiel op ISO 19119 voor services 2.1.0","https://nationaalgeoregister.nl/geonetwork/srv/dut/csw?service=CSW&request=GetRecordById&version=2.0.2&outputSchema=http://www.isotc211.org/2005/gmd&elementSetName=full&id=1462bbce-ccd3-4362-83d8-4535ca8f44eb#MD_DataIdentification","1462bbce-ccd3-4362-83d8-4535ca8f44eb","other"
"3c71cf77-fea5-4cc9-96db-66c5cc301a4e","CBS Vierkantstatistieken 500m 2011 WFS","https://service.pdok.nl/cbs/vierkantstatistieken500m/2011/wfs/v1_0?request=GetCapabilities&service=WFS","OGC:WFS","Beheer PDOK","beheerpdok@kadaster.nl,beheerpdok@kadaster.nl","Nederlands metadata profiel op ISO 19119 voor services 2.1.0","https://www.nationaalgeoregister.nl/geonetwork/srv/dut/csw?service=CSW&request=GetRecordById&version=2.0.2&outputSchema=http://www.isotc211.org/2005/gmd&elementSetName=full&id=f605a24f-60cd-4c40-94c8-2186aba3ddd0#MD_DataIdentification","f605a24f-60cd-4c40-94c8-2186aba3ddd0","other"
"c78a99eb-9ba3-4307-a21b-2a64ad5da039","Mosselzaadinvanginstallaties WMS","https://service.pdok.nl/rvo/mosselzaadinvanginstallaties/wms/v1_0?service=wms&request=getcapabilities","OGC:WMS","Beheer PDOK","beheerPDOK@kadaster.nl,beheerPDOK@kadaster.nl","Nederlands metadata profiel op ISO 19119 voor services 2.1.0","http://nationaalgeoregister.nl/geonetwork/srv/dut/csw?service=CSW&version=2.0.2&request=GetRecordById&outputschema=http://www.isotc211.org/2005/gmd&elementsetname=full&id=a04afee4-47d5-45b7-b7a0-a6f86106af11#MD_DataIdentification","a04afee4-47d5-45b7-b7a0-a6f86106af11","view"
"371b7fc3-8a7d-4fb4-b9a6-0159b6574a7a","CBS Vierkantstatistieken 500m 2012 WMS","https://service.pdok.nl/cbs/vierkantstatistieken500m/2012/wms/v1_0?request=GetCapabilities&service=WMS","OGC:WMS","Beheer PDOK","beheerpdok@kadaster.nl,beheerpdok@kadaster.nl","Nederlands metadata profiel op ISO 19119 voor services 2.1.0","https://www.nationaalgeoregister.nl/geonetwork/srv/dut/csw?service=CSW&request=GetRecordById&version=2.0.2&outputSchema=http://www.isotc211.org/2005/gmd&elementSetName=full&id=f605a24f-60cd-4c40-94c8-2186aba3ddd0#MD_DataIdentification","f605a24f-60cd-4c40-94c8-2186aba3ddd0","view"
"35ebe5b7-510a-462d-8dbb-0bc45f07dc23","CBS Vierkantstatistieken 500m 2002 WFS","https://service.pdok.nl/cbs/vierkantstatistieken500m/2002/wfs/v1_0?request=GetCapabilities&service=WFS","OGC:WFS","Beheer PDOK","beheerpdok@kadaster.nl,beheerpdok@kadaster.nl","Nederlands metadata profiel op ISO 19119 voor services 2.1.0","https://www.nationaalgeoregister.nl/geonetwork/srv/dut/csw?service=CSW&request=GetRecordById&version=2.0.2&outputSchema=http://www.isotc211.org/2005/gmd&elementSetName=full&id=f605a24f-60cd-4c40-94c8-2186aba3ddd0#MD_DataIdentification","f605a24f-60cd-4c40-94c8-2186aba3ddd0","other"
"52e5cf69-fdef-4092-8ee0-d7103b156bb5","CBS Vierkantstatistieken 100m 2015 WMS","https://service.pdok.nl/cbs/vierkantstatistieken100m/2015/wms/v1_0?request=GetCapabilities&service=WMS","OGC:WMS","Beheer PDOK","beheerpdok@kadaster.nl,beheerpdok@kadaster.nl","Nederlands metadata profiel op ISO 19119 voor services 2.1.0","https://nationaalgeoregister.nl/geonetwork/srv/dut/csw?service=CSW&request=GetRecordById&version=2.0.2&outputSchema=http://www.isotc211.org/2005/gmd&elementSetName=full&id=1462bbce-ccd3-4362-83d8-4535ca8f44eb#MD_DataIdentification","1462bbce-ccd3-4362-83d8-4535ca8f44eb","view"
"2d8e9629-0073-4e28-9284-4f72f91f2f58","CBS Vierkantstatistieken 500m 2016 WFS","https://service.pdok.nl/cbs/vierkantstatistieken500m/2016/wfs/v1_0?request=GetCapabilities&service=WFS","OGC:WFS","Beheer PDOK","beheerpdok@kadaster.nl,beheerpdok@kadaster.nl","Nederlands metadata profiel op ISO 19119 voor services 2.1.0","https://www.nationaalgeoregister.nl/geonetwork/srv/dut/csw?service=CSW&request=GetRecordById&version=2.0.2&outputSchema=http://www.isotc211.org/2005/gmd&elementSetName=full&id=f605a24f-60cd-4c40-94c8-2186aba3ddd0#MD_DataIdentification","f605a24f-60cd-4c40-94c8-2186aba3ddd0","other"
"d1f7333f-04d7-4062-b469-847c47846cd7","CBS Vierkantstatistieken 100m 2004 WMS","https://service.pdok.nl/cbs/vierkantstatistieken100m/2004/wms/v1_0?request=GetCapabilities&service=WMS","OGC:WMS","Beheer PDOK","beheerpdok@kadaster.nl,beheerpdok@kadaster.nl","Nederlands metadata profiel op ISO 19119 voor services 2.1.0","https://nationaalgeoregister.nl/geonetwork/srv/dut/csw?service=CSW&request=GetRecordById&version=2.0.2&outputSchema=http://www.isotc211.org/2005/gmd&elementSetName=full&id=1462bbce-ccd3-4362-83d8-4535ca8f44eb#MD_DataIdentification","1462bbce-ccd3-4362-83d8-4535ca8f44eb","view"
"db353b96-5d0b-453c-87c6-4466dfb65a9b","CBS Gebiedsindelingen 2020 WFS","https://service.pdok.nl/cbs/gebiedsindelingen/2020/wfs/v1_0?request=GetCapabilities&service=WFS","OGC:WFS","Beheer PDOK","beheerpdok@kadaster.nl,beheerpdok@kadaster.nl","Nederlands metadata profiel op ISO 19119 voor services 2.1.0","https://www.nationaalgeoregister.nl/geonetwork/srv/dut/csw?service=CSW&request=GetRecordById&version=2.0.2&outputSchema=http://www.isotc211.org/2005/gmd&elementSetName=full&id=effe1ab0-073d-437c-af13-df5c5e07d6cd#MD_DataIdentification","effe1ab0-073d-437c-af13-df5c5e07d6cd","other"
"4639209d-61b7-4e8f-955f-49092ed8964b","CBS Vierkantstatistieken 100m 2002 WMS","https://service.pdok.nl/cbs/vierkantstatistieken100m/2002/wms/v1_0?request=GetCapabilities&service=WMS","OGC:WMS","Beheer PDOK","beheerpdok@kadaster.nl,beheerpdok@kadaster.nl","Nederlands metadata profiel op ISO 19119 voor services 2.1.0","https://nationaalgeoregister.nl/geonetwork/srv/dut/csw?service=CSW&request=GetRecordById&version=2.0.2&outputSchema=http://www.isotc211.org/2005/gmd&elementSetName=full&id=1462bbce-ccd3-4362-83d8-4535ca8f44eb#MD_DataIdentification","1462bbce-ccd3-4362-83d8-4535ca8f44eb","view"
"4805aac3-9a8d-4fcd-851b-88c7b3d342e2","Zeegebieden (INSPIRE geharmoniseerd) WMS","https://service.pdok.nl/kadaster/sr/wms/v1_0?request=GetCapabilities&service=WMS","OGC:WMS","Beheer PDOK","beheerpdok@kadaster.nl,beheerpdok@kadaster.nl","Nederlands metadata profiel op ISO 19119 voor services 2.1.0","["https:\/\/nationaalgeoregister.nl\/geonetwork\/srv\/dut\/csw?service=CSW&request=GetRecordById&version=2.0.2&outputSchema=http:\/\/www.isotc211.org\/2005\/gmd&elementSetName=full&id=791adbe3-772f-42cb-a3be-5a617bcecef0#MD_DataIdentification","https:\/\/nationaalgeoregister.nl\/geonetwork\/srv\/dut\/csw?service=CSW&request=GetRecordById&version=2.0.2&outputSchema=http:\/\/www.isotc211.org\/2005\/gmd&elementSetName=full&id=791adbe3-772f-42cb-a3be-5a617bcecef0#MD_DataIdentification","https:\/\/nationaalgeoregister.nl\/geonetwork\/srv\/dut\/csw?service=CSW&request=GetRecordById&version=2.0.2&outputSchema=http:\/\/www.isotc211.org\/2005\/gmd&elementSetName=full&id=791adbe3-772f-42cb-a3be-5a617bcecef0#MD_DataIdentification","https:\/\/nationaalgeoregister.nl\/geonetwork\/srv\/dut\/csw?service=CSW&request=GetRecordById&version=2.0.2&outputSchema=http:\/\/www.isotc211.org\/2005\/gmd&elementSetName=full&id=791adbe3-772f-42cb-a3be-5a617bcecef0#MD_DataIdentification"]","791adbe3-772f-42cb-a3be-5a617bcecef0 791adbe3-772f-42cb-a3be-5a617bcecef0 791adbe3-772f-42cb-a3be-5a617bcecef0 791adbe3-772f-42cb-a3be-5a617bcecef0","view"
"b6ae8121-586d-430a-bd45-ab4484e96630","CBS Vierkantstatistieken 500m 2007 WMS","https://service.pdok.nl/cbs/vierkantstatistieken500m/2007/wms/v1_0?request=GetCapabilities&service=WMS","OGC:WMS","Beheer PDOK","beheerpdok@kadaster.nl,beheerpdok@kadaster.nl","Nederlands metadata profiel op ISO 19119 voor services 2.1.0","https://www.nationaalgeoregister.nl/geonetwork/srv/dut/csw?service=CSW&request=GetRecordById&version=2.0.2&outputSchema=http://www.isotc211.org/2005/gmd&elementSetName=full&id=f605a24f-60cd-4c40-94c8-2186aba3ddd0#MD_DataIdentification","f605a24f-60cd-4c40-94c8-2186aba3ddd0","view"
"f2c2f113-65d4-4de4-a7d1-d9f4d5ece6d6","CBS Vierkantstatistieken 500m 2020 WMS","https://service.pdok.nl/cbs/vierkantstatistieken500m/2020/wms/v1_0?request=GetCapabilities&service=WMS","OGC:WMS","Beheer PDOK","beheerpdok@kadaster.nl,beheerpdok@kadaster.nl","Nederlands metadata profiel op ISO 19119 voor services 2.1.0","https://www.nationaalgeoregister.nl/geonetwork/srv/dut/csw?service=CSW&request=GetRecordById&version=2.0.2&outputSchema=http://www.isotc211.org/2005/gmd&elementSetName=full&id=f605a24f-60cd-4c40-94c8-2186aba3ddd0#MD_DataIdentification","f605a24f-60cd-4c40-94c8-2186aba3ddd0","view"
"4c1a54dc-9c7c-4129-995d-5df1b689c1e0","CBS Vierkantstatistieken 500m 2018 WFS","https://service.pdok.nl/cbs/vierkantstatistieken500m/2018/wfs/v1_0?request=GetCapabilities&service=WFS","OGC:WFS","Beheer PDOK","beheerpdok@kadaster.nl,beheerpdok@kadaster.nl","Nederlands metadata profiel op ISO 19119 voor services 2.1.0","https://www.nationaalgeoregister.nl/geonetwork/srv/dut/csw?service=CSW&request=GetRecordById&version=2.0.2&outputSchema=http://www.isotc211.org/2005/gmd&elementSetName=full&id=f605a24f-60cd-4c40-94c8-2186aba3ddd0#MD_DataIdentification","f605a24f-60cd-4c40-94c8-2186aba3ddd0","other"
"12ba8ac9-069c-40df-abbc-3e21603ee940","CBS Vierkantstatistieken 500m 2017 WMS","https://service.pdok.nl/cbs/vierkantstatistieken500m/2017/wms/v1_0?request=GetCapabilities&service=WMS","OGC:WMS","Beheer PDOK","beheerpdok@kadaster.nl,beheerpdok@kadaster.nl","Nederlands metadata profiel op ISO 19119 voor services 2.1.0","https://www.nationaalgeoregister.nl/geonetwork/srv/dut/csw?service=CSW&request=GetRecordById&version=2.0.2&outputSchema=http://www.isotc211.org/2005/gmd&elementSetName=full&id=f605a24f-60cd-4c40-94c8-2186aba3ddd0#MD_DataIdentification","f605a24f-60cd-4c40-94c8-2186aba3ddd0","view"
"7e914f11-b775-4a12-91f1-459627ccdf5f","CBS Vierkantstatistieken 100m 2006 WFS","https://service.pdok.nl/cbs/vierkantstatistieken100m/2006/wfs/v1_0?request=GetCapabilities&service=WFS","OGC:WFS","Beheer PDOK","beheerpdok@kadaster.nl,beheerpdok@kadaster.nl","Nederlands metadata profiel op ISO 19119 voor services 2.1.0","https://nationaalgeoregister.nl/geonetwork/srv/dut/csw?service=CSW&request=GetRecordById&version=2.0.2&outputSchema=http://www.isotc211.org/2005/gmd&elementSetName=full&id=1462bbce-ccd3-4362-83d8-4535ca8f44eb#MD_DataIdentification","1462bbce-ccd3-4362-83d8-4535ca8f44eb","other"
"602ad34d-fe51-48f4-8224-95835144cf68","CBS Vierkantstatistieken 100m 2000 WMS","https://service.pdok.nl/cbs/vierkantstatistieken100m/2000/wms/v1_0?request=GetCapabilities&service=WMS","OGC:WMS","Beheer PDOK","beheerpdok@kadaster.nl,beheerpdok@kadaster.nl","Nederlands metadata profiel op ISO 19119 voor services 2.1.0","https://nationaalgeoregister.nl/geonetwork/srv/dut/csw?service=CSW&request=GetRecordById&version=2.0.2&outputSchema=http://www.isotc211.org/2005/gmd&elementSetName=full&id=1462bbce-ccd3-4362-83d8-4535ca8f44eb#MD_DataIdentification","1462bbce-ccd3-4362-83d8-4535ca8f44eb","view"
"633900ad-ed25-407d-8cf5-ccd2d8707447","CBS Vierkantstatistieken 500m 2007 WFS","https://service.pdok.nl/cbs/vierkantstatistieken500m/2007/wfs/v1_0?request=GetCapabilities&service=WFS","OGC:WFS","Beheer PDOK","beheerpdok@kadaster.nl,beheerpdok@kadaster.nl","Nederlands metadata profiel op ISO 19119 voor services 2.1.0","https://www.nationaalgeoregister.nl/geonetwork/srv/dut/csw?service=CSW&request=GetRecordById&version=2.0.2&outputSchema=http://www.isotc211.org/2005/gmd&elementSetName=full&id=f605a24f-60cd-4c40-94c8-2186aba3ddd0#MD_DataIdentification","f605a24f-60cd-4c40-94c8-2186aba3ddd0","other"
"ccf3d6e0-f67b-490a-b3f1-a6d129fdb253","CBS Vierkantstatistieken 500m 2013 WMS","https://service.pdok.nl/cbs/vierkantstatistieken500m/2013/wms/v1_0?request=GetCapabilities&service=WMS","OGC:WMS","Beheer PDOK","beheerpdok@kadaster.nl,beheerpdok@kadaster.nl","Nederlands metadata profiel op ISO 19119 voor services 2.1.0","https://www.nationaalgeoregister.nl/geonetwork/srv/dut/csw?service=CSW&request=GetRecordById&version=2.0.2&outputSchema=http://www.isotc211.org/2005/gmd&elementSetName=full&id=f605a24f-60cd-4c40-94c8-2186aba3ddd0#MD_DataIdentification","f605a24f-60cd-4c40-94c8-2186aba3ddd0","view"
"a252d8b4-23d3-452c-8a24-4cd65681c424","CBS Vierkantstatistieken 100m 2009 WFS","https://service.pdok.nl/cbs/vierkantstatistieken100m/2009/wfs/v1_0?request=GetCapabilities&service=WFS","OGC:WFS","Beheer PDOK","beheerpdok@kadaster.nl,beheerpdok@kadaster.nl","Nederlands metadata profiel op ISO 19119 voor services 2.1.0","https://nationaalgeoregister.nl/geonetwork/srv/dut/csw?service=CSW&request=GetRecordById&version=2.0.2&outputSchema=http://www.isotc211.org/2005/gmd&elementSetName=full&id=1462bbce-ccd3-4362-83d8-4535ca8f44eb#MD_DataIdentification","1462bbce-ccd3-4362-83d8-4535ca8f44eb","other"
"ee9e7a1c-b04a-45a9-92a2-99b2ef508529","Vogelrichtlijn verspreiding van soorten WFS","https://service.pdok.nl/rvo/vogelrichtlijnsoorten/wfs/v1_0?request=GetCapabilities&service=WFS","OGC:WFS","Beheer PDOK","beheerpdok@kadaster.nl,beheerpdok@kadaster.nl","Nederlands metadata profiel op ISO 19119 voor services 2.1.0","["https:\/\/www.nationaalgeoregister.nl\/geonetwork\/srv\/dut\/csw?service=CSW&request=GetRecordById&version=2.0.2&outputSchema=http:\/\/www.isotc211.org\/2005\/gmd&elementSetName=full&id=fcefa13c-44e2-4953-b6d6-1ddceebc57fc#MD_DataIdentification","https:\/\/www.nationaalgeoregister.nl\/geonetwork\/srv\/dut\/csw?service=CSW&request=GetRecordById&version=2.0.2&outputSchema=http:\/\/www.isotc211.org\/2005\/gmd&elementSetName=full&id=fcefa13c-44e2-4953-b6d6-1ddceebc57fc#MD_DataIdentification"]","fcefa13c-44e2-4953-b6d6-1ddceebc57fc fcefa13c-44e2-4953-b6d6-1ddceebc57fc","other"
"499365ec-e001-45ab-9c68-1d80272e9192","CBS Vierkantstatistieken 500m 2011 WMS","https://service.pdok.nl/cbs/vierkantstatistieken500m/2011/wms/v1_0?request=GetCapabilities&service=WMS","OGC:WMS","Beheer PDOK","beheerpdok@kadaster.nl,beheerpdok@kadaster.nl","Nederlands metadata profiel op ISO 19119 voor services 2.1.0","https://www.nationaalgeoregister.nl/geonetwork/srv/dut/csw?service=CSW&request=GetRecordById&version=2.0.2&outputSchema=http://www.isotc211.org/2005/gmd&elementSetName=full&id=f605a24f-60cd-4c40-94c8-2186aba3ddd0#MD_DataIdentification","f605a24f-60cd-4c40-94c8-2186aba3ddd0","view"
"93a9571d-1754-47ee-a8f9-92633abfab3a","Spreiding van soorten - Invasieve Exoten (INSPIRE geharmoniseerd) WFS","https://service.pdok.nl/rvo/spreiding-van-soorten/invasieve-exoten/wfs/v1_0?request=GetCapabilities&service=WFS","OGC:WFS","Beheer PDOK","beheerpdok@kadaster.nl,beheerpdok@kadaster.nl","Nederlands metadata profiel op ISO 19119 voor services 2.1.0","https://www.nationaalgeoregister.nl/geonetwork/srv/dut/csw?service=CSW&request=GetRecordById&version=2.0.2&outputSchema=http://www.isotc211.org/2005/gmd&elementSetName=full&id=3703b249-a0eb-484e-ba7a-10e31a55bcec#MD_DataIdentification","3703b249-a0eb-484e-ba7a-10e31a55bcec","other"
"89b35a6c-c099-456b-8eaf-2b83c7a35c74","Nationale Parken (INSPIRE geharmoniseerd) WMS","https://service.pdok.nl/rvo/beschermde-gebieden/nationaleparken/wms/v1_0?request=GetCapabilities&service=WMS","OGC:WMS","Beheer PDOK","beheerPDOK@kadaster.nl,beheerPDOK@kadaster.nl","Nederlands metadata profiel op ISO 19119 voor services 2.1.0","https://nationaalgeoregister.nl/geonetwork/srv/dut/csw?service=CSW&version=2.0.2&request=GetRecordById&outputschema=http://www.isotc211.org/2005/gmd&elementsetname=full&id=247a1d15-0a67-40ce-85be-1403c08f15a8#MD_DataIdentification","247a1d15-0a67-40ce-85be-1403c08f15a8","view"
"29986bd7-b5ce-4d0f-acdd-6b00ec84cfec","CBS Vierkantstatistieken 500m 2006 WFS","https://service.pdok.nl/cbs/vierkantstatistieken500m/2006/wfs/v1_0?request=GetCapabilities&service=WFS","OGC:WFS","Beheer PDOK","beheerpdok@kadaster.nl,beheerpdok@kadaster.nl","Nederlands metadata profiel op ISO 19119 voor services 2.1.0","https://www.nationaalgeoregister.nl/geonetwork/srv/dut/csw?service=CSW&request=GetRecordById&version=2.0.2&outputSchema=http://www.isotc211.org/2005/gmd&elementSetName=full&id=f605a24f-60cd-4c40-94c8-2186aba3ddd0#MD_DataIdentification","f605a24f-60cd-4c40-94c8-2186aba3ddd0","other"
"8891985c-5178-4a9e-bb76-21625a9fb1ef","CBS Vierkantstatistieken 100m 2015 WFS","https://service.pdok.nl/cbs/vierkantstatistieken100m/2015/wfs/v1_0?request=GetCapabilities&service=WFS","OGC:WFS","Beheer PDOK","beheerpdok@kadaster.nl,beheerpdok@kadaster.nl","Nederlands metadata profiel op ISO 19119 voor services 2.1.0","https://nationaalgeoregister.nl/geonetwork/srv/dut/csw?service=CSW&request=GetRecordById&version=2.0.2&outputSchema=http://www.isotc211.org/2005/gmd&elementSetName=full&id=1462bbce-ccd3-4362-83d8-4535ca8f44eb#MD_DataIdentification","1462bbce-ccd3-4362-83d8-4535ca8f44eb","other"
"4e0a72e4-1dd7-4ec8-8991-72571c9fa3d9","CBS Vierkantstatistieken 500m 2003 WMS","https://service.pdok.nl/cbs/vierkantstatistieken500m/2003/wms/v1_0?request=GetCapabilities&service=WMS","OGC:WMS","Beheer PDOK","beheerpdok@kadaster.nl,beheerpdok@kadaster.nl","Nederlands metadata profiel op ISO 19119 voor services 2.1.0","https://www.nationaalgeoregister.nl/geonetwork/srv/dut/csw?service=CSW&request=GetRecordById&version=2.0.2&outputSchema=http://www.isotc211.org/2005/gmd&elementSetName=full&id=f605a24f-60cd-4c40-94c8-2186aba3ddd0#MD_DataIdentification","f605a24f-60cd-4c40-94c8-2186aba3ddd0","view"
"85c467c5-aff0-4509-9825-4965d9e962b9","CBS Vierkantstatistieken 100m 2012 WFS","https://service.pdok.nl/cbs/vierkantstatistieken100m/2012/wfs/v1_0?request=GetCapabilities&service=WFS","OGC:WFS","Beheer PDOK","beheerpdok@kadaster.nl,beheerpdok@kadaster.nl","Nederlands metadata profiel op ISO 19119 voor services 2.1.0","https://nationaalgeoregister.nl/geonetwork/srv/dut/csw?service=CSW&request=GetRecordById&version=2.0.2&outputSchema=http://www.isotc211.org/2005/gmd&elementSetName=full&id=1462bbce-ccd3-4362-83d8-4535ca8f44eb#MD_DataIdentification","1462bbce-ccd3-4362-83d8-4535ca8f44eb","other"
"97590436-ecaf-422b-a95e-6aa9a00b47b0","CBS Gebiedsindelingen 2018 WMS","https://service.pdok.nl/cbs/gebiedsindelingen/2018/wms/v1_0?request=GetCapabilities&service=WMS","OGC:WMS","Beheer PDOK","beheerpdok@kadaster.nl,beheerpdok@kadaster.nl","Nederlands metadata profiel op ISO 19119 voor services 2.1.0","https://www.nationaalgeoregister.nl/geonetwork/srv/dut/csw?service=CSW&request=GetRecordById&version=2.0.2&outputSchema=http://www.isotc211.org/2005/gmd&elementSetName=full&id=effe1ab0-073d-437c-af13-df5c5e07d6cd#MD_DataIdentification","effe1ab0-073d-437c-af13-df5c5e07d6cd","view"
"b39970a9-e1d7-4a20-9fbd-57661f6d6849","CBS Gebiedsindelingen 2018 WFS","https://service.pdok.nl/cbs/gebiedsindelingen/2018/wfs/v1_0?request=GetCapabilities&service=WFS","OGC:WFS","Beheer PDOK","beheerpdok@kadaster.nl,beheerpdok@kadaster.nl","Nederlands metadata profiel op ISO 19119 voor services 2.1.0","https://www.nationaalgeoregister.nl/geonetwork/srv/dut/csw?service=CSW&request=GetRecordById&version=2.0.2&outputSchema=http://www.isotc211.org/2005/gmd&elementSetName=full&id=effe1ab0-073d-437c-af13-df5c5e07d6cd#MD_DataIdentification","effe1ab0-073d-437c-af13-df5c5e07d6cd","other"
"1f1a61d1-5ba2-4464-baea-e7620f116d6c","CBS Vierkantstatistieken 100m 2022 WFS","https://service.pdok.nl/cbs/vierkantstatistieken100m/2022/wfs/v1_0?request=GetCapabilities&service=WFS","OGC:WFS","Beheer PDOK","beheerpdok@kadaster.nl,beheerpdok@kadaster.nl","Nederlands metadata profiel op ISO 19119 voor services 2.1.0","https://nationaalgeoregister.nl/geonetwork/srv/dut/csw?service=CSW&request=GetRecordById&version=2.0.2&outputSchema=http://www.isotc211.org/2005/gmd&elementSetName=full&id=1462bbce-ccd3-4362-83d8-4535ca8f44eb#MD_DataIdentification","1462bbce-ccd3-4362-83d8-4535ca8f44eb","other"
"be97c150-0d1b-4c59-adbf-a2d8ebde019c","CBS Vierkantstatistieken 500m 2019 WMS","https://service.pdok.nl/cbs/vierkantstatistieken500m/2019/wms/v1_0?request=GetCapabilities&service=WMS","OGC:WMS","Beheer PDOK","beheerpdok@kadaster.nl,beheerpdok@kadaster.nl","Nederlands metadata profiel op ISO 19119 voor services 2.1.0","https://www.nationaalgeoregister.nl/geonetwork/srv/dut/csw?service=CSW&request=GetRecordById&version=2.0.2&outputSchema=http://www.isotc211.org/2005/gmd&elementSetName=full&id=f605a24f-60cd-4c40-94c8-2186aba3ddd0#MD_DataIdentification","f605a24f-60cd-4c40-94c8-2186aba3ddd0","view"
"710187ec-2caf-4b24-9921-ca80ec7e5015","Vogelrichtlijn verspreidingsgebied van soorten WFS","https://service.pdok.nl/rvo/vogelrichtlijngebieds/wfs/v1_0?request=GetCapabilities&service=WFS","OGC:WFS","Beheer PDOK","beheerpdok@kadaster.nl,beheerpdok@kadaster.nl","Nederlands metadata profiel op ISO 19119 voor services 2.1.0","https://www.nationaalgeoregister.nl/geonetwork/srv/dut/csw?service=CSW&request=GetRecordById&version=2.0.2&outputSchema=http://www.isotc211.org/2005/gmd&elementSetName=full&id=cbeaebc3-815a-48af-a978-0e16892865fc#MD_DataIdentification","cbeaebc3-815a-48af-a978-0e16892865fc","other"
"8129296b-b9c1-489f-990a-df4a879e12b2","Human Health Statistics Netherlands (INSPIRE geharmoniseerd) WFS","https://service.pdok.nl/cbs/hh/wfs/v1_0?request=GetCapabilities&service=WFS","OGC:WFS","Beheer PDOK","beheerpdok@kadaster.nl,beheerpdok@kadaster.nl","Nederlands metadata profiel op ISO 19119 voor services 2.1.0","https://www.nationaalgeoregister.nl/geonetwork/srv/dut/csw?service=CSW&request=GetRecordById&version=2.0.2&outputSchema=http://www.isotc211.org/2005/gmd&elementSetName=full&id=12bb57cd-73e0-41ba-a1e9-6d986b9109d3#MD_DataIdentification","12bb57cd-73e0-41ba-a1e9-6d986b9109d3","other"
"8c280cce-ef1b-49b6-93dc-6cee38956101","CBS Gebiedsindelingen 2017 WFS","https://service.pdok.nl/cbs/gebiedsindelingen/2017/wfs/v1_0?request=GetCapabilities&service=WFS","OGC:WFS","Beheer PDOK","beheerpdok@kadaster.nl,beheerpdok@kadaster.nl","Nederlands metadata profiel op ISO 19119 voor services 2.1.0","https://www.nationaalgeoregister.nl/geonetwork/srv/dut/csw?service=CSW&request=GetRecordById&version=2.0.2&outputSchema=http://www.isotc211.org/2005/gmd&elementSetName=full&id=effe1ab0-073d-437c-af13-df5c5e07d6cd#MD_DataIdentification","effe1ab0-073d-437c-af13-df5c5e07d6cd","other"
"27c18143-e51a-4ecf-858f-b6563cbc5a25","CBS Vierkantstatistieken 100m 2018 WFS","https://service.pdok.nl/cbs/vierkantstatistieken100m/2018/wfs/v1_0?request=GetCapabilities&service=WFS","OGC:WFS","Beheer PDOK","beheerpdok@kadaster.nl,beheerpdok@kadaster.nl","Nederlands metadata profiel op ISO 19119 voor services 2.1.0","https://nationaalgeoregister.nl/geonetwork/srv/dut/csw?service=CSW&request=GetRecordById&version=2.0.2&outputSchema=http://www.isotc211.org/2005/gmd&elementSetName=full&id=1462bbce-ccd3-4362-83d8-4535ca8f44eb#MD_DataIdentification","1462bbce-ccd3-4362-83d8-4535ca8f44eb","other"
"c60cb981-b82a-48f3-a83d-8dbb9657e833","CBS Vierkantstatistieken 500m 2000 WFS","https://service.pdok.nl/cbs/vierkantstatistieken500m/2000/wfs/v1_0?request=GetCapabilities&service=WFS","OGC:WFS","Beheer PDOK","beheerpdok@kadaster.nl,beheerpdok@kadaster.nl","Nederlands metadata profiel op ISO 19119 voor services 2.1.0","https://www.nationaalgeoregister.nl/geonetwork/srv/dut/csw?service=CSW&request=GetRecordById&version=2.0.2&outputSchema=http://www.isotc211.org/2005/gmd&elementSetName=full&id=f605a24f-60cd-4c40-94c8-2186aba3ddd0#MD_DataIdentification","f605a24f-60cd-4c40-94c8-2186aba3ddd0","other"
"fbf5db58-bc1a-4767-9486-e028a2b69821","CBS Vierkantstatistieken 100m 2008 WFS","https://service.pdok.nl/cbs/vierkantstatistieken100m/2008/wfs/v1_0?request=GetCapabilities&service=WFS","OGC:WFS","Beheer PDOK","beheerpdok@kadaster.nl,beheerpdok@kadaster.nl","Nederlands metadata profiel op ISO 19119 voor services 2.1.0","https://nationaalgeoregister.nl/geonetwork/srv/dut/csw?service=CSW&request=GetRecordById&version=2.0.2&outputSchema=http://www.isotc211.org/2005/gmd&elementSetName=full&id=1462bbce-ccd3-4362-83d8-4535ca8f44eb#MD_DataIdentification","1462bbce-ccd3-4362-83d8-4535ca8f44eb","other"
"4ab2f91f-3049-438b-a1fb-737f29d4b588","CBS Vierkantstatistieken 500m 2005 WMS","https://service.pdok.nl/cbs/vierkantstatistieken500m/2005/wms/v1_0?request=GetCapabilities&service=WMS","OGC:WMS","Beheer PDOK","beheerpdok@kadaster.nl,beheerpdok@kadaster.nl","Nederlands metadata profiel op ISO 19119 voor services 2.1.0","https://www.nationaalgeoregister.nl/geonetwork/srv/dut/csw?service=CSW&request=GetRecordById&version=2.0.2&outputSchema=http://www.isotc211.org/2005/gmd&elementSetName=full&id=f605a24f-60cd-4c40-94c8-2186aba3ddd0#MD_DataIdentification","f605a24f-60cd-4c40-94c8-2186aba3ddd0","view"
"c6db4a22-e717-4446-b625-05eacfbb2890","CBS Vierkantstatistieken 500m 2004 WFS","https://service.pdok.nl/cbs/vierkantstatistieken500m/2004/wfs/v1_0?request=GetCapabilities&service=WFS","OGC:WFS","Beheer PDOK","beheerpdok@kadaster.nl,beheerpdok@kadaster.nl","Nederlands metadata profiel op ISO 19119 voor services 2.1.0","https://www.nationaalgeoregister.nl/geonetwork/srv/dut/csw?service=CSW&request=GetRecordById&version=2.0.2&outputSchema=http://www.isotc211.org/2005/gmd&elementSetName=full&id=f605a24f-60cd-4c40-94c8-2186aba3ddd0#MD_DataIdentification","f605a24f-60cd-4c40-94c8-2186aba3ddd0","other"
"b78d50ac-663f-4471-8678-acdd33723f39","CBS Vierkantstatistieken 100m 2008 WMS","https://service.pdok.nl/cbs/vierkantstatistieken100m/2008/wms/v1_0?request=GetCapabilities&service=WMS","OGC:WMS","Beheer PDOK","beheerpdok@kadaster.nl,beheerpdok@kadaster.nl","Nederlands metadata profiel op ISO 19119 voor services 2.1.0","https://nationaalgeoregister.nl/geonetwork/srv/dut/csw?service=CSW&request=GetRecordById&version=2.0.2&outputSchema=http://www.isotc211.org/2005/gmd&elementSetName=full&id=1462bbce-ccd3-4362-83d8-4535ca8f44eb#MD_DataIdentification","1462bbce-ccd3-4362-83d8-4535ca8f44eb","view"
"f5fd4f4f-56a0-42f4-a0e4-5127016e7932","CBS Vierkantstatistieken 500m 2001 WMS","https://service.pdok.nl/cbs/vierkantstatistieken500m/2001/wms/v1_0?request=GetCapabilities&service=WMS","OGC:WMS","Beheer PDOK","beheerpdok@kadaster.nl,beheerpdok@kadaster.nl","Nederlands metadata profiel op ISO 19119 voor services 2.1.0","https://www.nationaalgeoregister.nl/geonetwork/srv/dut/csw?service=CSW&request=GetRecordById&version=2.0.2&outputSchema=http://www.isotc211.org/2005/gmd&elementSetName=full&id=f605a24f-60cd-4c40-94c8-2186aba3ddd0#MD_DataIdentification","f605a24f-60cd-4c40-94c8-2186aba3ddd0","view"
"cecbe171-6ee7-427d-8658-e764049644cc","CBS Vierkantstatistieken 100m 2005 WMS","https://service.pdok.nl/cbs/vierkantstatistieken100m/2005/wms/v1_0?request=GetCapabilities&service=WMS","OGC:WMS","Beheer PDOK","beheerpdok@kadaster.nl,beheerpdok@kadaster.nl","Nederlands metadata profiel op ISO 19119 voor services 2.1.0","https://nationaalgeoregister.nl/geonetwork/srv/dut/csw?service=CSW&request=GetRecordById&version=2.0.2&outputSchema=http://www.isotc211.org/2005/gmd&elementSetName=full&id=1462bbce-ccd3-4362-83d8-4535ca8f44eb#MD_DataIdentification","1462bbce-ccd3-4362-83d8-4535ca8f44eb","view"
"2c606ae3-0290-4369-8991-c6448111ff31","CBS Vierkantstatistieken 100m 2011 WFS","https://service.pdok.nl/cbs/vierkantstatistieken100m/2011/wfs/v1_0?request=GetCapabilities&service=WFS","OGC:WFS","Beheer PDOK","beheerpdok@kadaster.nl,beheerpdok@kadaster.nl","Nederlands metadata profiel op ISO 19119 voor services 2.1.0","https://nationaalgeoregister.nl/geonetwork/srv/dut/csw?service=CSW&request=GetRecordById&version=2.0.2&outputSchema=http://www.isotc211.org/2005/gmd&elementSetName=full&id=1462bbce-ccd3-4362-83d8-4535ca8f44eb#MD_DataIdentification","1462bbce-ccd3-4362-83d8-4535ca8f44eb","other"
"8abcd2d1-3beb-43e5-a572-2b2da05a0a98","Nationaal Hydrologisch Instrumentarium (NHI) WMS","https://service.pdok.nl/rws/nhi/wms/v1_0?request=GetCapabilities&service=WMS","OGC:WMS","Beheer PDOK","beheerpdok@kadaster.nl,beheerpdok@kadaster.nl","Nederlands metadata profiel op ISO 19119 voor services 2.1.0","https://www.nationaalgeoregister.nl/geonetwork/srv/dut/csw?service=CSW&request=GetRecordById&version=2.0.2&outputSchema=http://www.isotc211.org/2005/gmd&elementSetName=full&id=710c381c-ab2d-45d5-a45d-af2eba811e5f#MD_DataIdentification","710c381c-ab2d-45d5-a45d-af2eba811e5f","view"
"68a42961-ed55-436b-a412-cc7424fd2a6e","Wetlands WFS","https://service.pdok.nl/rvo/wetlands/wfs/v1_0?request=getcapabilities&service=wfs","OGC:WFS","Beheer PDOK","beheerPDOK@kadaster.nl,beheerPDOK@kadaster.nl","Nederlands metadata profiel op ISO 19119 voor services 2.1.0","http://www.nationaalgeoregister.nl/geonetwork/srv/dut/csw?service=CSW&request=GetRecordById&version=2.0.2&outputSchema=http://www.isotc211.org/2005/gmd&elementSetName=full&id=07d73b60-dfd6-4c54-9c82-9fac70c6c48e#MD_DataIdentification","07d73b60-dfd6-4c54-9c82-9fac70c6c48e","other"
"394a5d9f-e98c-44aa-abfa-a57fd67aec6c","CBS Vierkantstatistieken 100m 2006 WMS","https://service.pdok.nl/cbs/vierkantstatistieken100m/2006/wms/v1_0?request=GetCapabilities&service=WMS","OGC:WMS","Beheer PDOK","beheerpdok@kadaster.nl,beheerpdok@kadaster.nl","Nederlands metadata profiel op ISO 19119 voor services 2.1.0","https://nationaalgeoregister.nl/geonetwork/srv/dut/csw?service=CSW&request=GetRecordById&version=2.0.2&outputSchema=http://www.isotc211.org/2005/gmd&elementSetName=full&id=1462bbce-ccd3-4362-83d8-4535ca8f44eb#MD_DataIdentification","1462bbce-ccd3-4362-83d8-4535ca8f44eb","view"
"e5b2dc19-0286-422c-933e-6fb692513a25","CBS Vierkantstatistieken 100m 2019 WFS","https://service.pdok.nl/cbs/vierkantstatistieken100m/2019/wfs/v1_0?request=GetCapabilities&service=WFS","OGC:WFS","Beheer PDOK","beheerpdok@kadaster.nl,beheerpdok@kadaster.nl","Nederlands metadata profiel op ISO 19119 voor services 2.1.0","https://nationaalgeoregister.nl/geonetwork/srv/dut/csw?service=CSW&request=GetRecordById&version=2.0.2&outputSchema=http://www.isotc211.org/2005/gmd&elementSetName=full&id=1462bbce-ccd3-4362-83d8-4535ca8f44eb#MD_DataIdentification","1462bbce-ccd3-4362-83d8-4535ca8f44eb","other"
"add7e618-78e7-4189-abc8-a64becee7a60","CBS Vierkantstatistieken 100m 2018 WMS","https://service.pdok.nl/cbs/vierkantstatistieken100m/2018/wms/v1_0?request=GetCapabilities&service=WMS","OGC:WMS","Beheer PDOK","beheerpdok@kadaster.nl,beheerpdok@kadaster.nl","Nederlands metadata profiel op ISO 19119 voor services 2.1.0","https://nationaalgeoregister.nl/geonetwork/srv/dut/csw?service=CSW&request=GetRecordById&version=2.0.2&outputSchema=http://www.isotc211.org/2005/gmd&elementSetName=full&id=1462bbce-ccd3-4362-83d8-4535ca8f44eb#MD_DataIdentification","1462bbce-ccd3-4362-83d8-4535ca8f44eb","view"
"d4bb0eb0-fdaf-4ce2-a005-e0b3686cb38e","CBS Vierkantstatistieken 100m 2016 WFS","https://service.pdok.nl/cbs/vierkantstatistieken100m/2016/wfs/v1_0?request=GetCapabilities&service=WFS","OGC:WFS","Beheer PDOK","beheerpdok@kadaster.nl,beheerpdok@kadaster.nl","Nederlands metadata profiel op ISO 19119 voor services 2.1.0","https://nationaalgeoregister.nl/geonetwork/srv/dut/csw?service=CSW&request=GetRecordById&version=2.0.2&outputSchema=http://www.isotc211.org/2005/gmd&elementSetName=full&id=1462bbce-ccd3-4362-83d8-4535ca8f44eb#MD_DataIdentification","1462bbce-ccd3-4362-83d8-4535ca8f44eb","other"
"15796113-d46d-49db-8e22-0b0ab66e3d23","CBS Vierkantstatistieken 500m 2022 WMS","https://service.pdok.nl/cbs/vierkantstatistieken500m/2022/wms/v1_0?request=GetCapabilities&service=WMS","OGC:WMS","Beheer PDOK","beheerpdok@kadaster.nl,beheerpdok@kadaster.nl","Nederlands metadata profiel op ISO 19119 voor services 2.1.0","https://www.nationaalgeoregister.nl/geonetwork/srv/dut/csw?service=CSW&request=GetRecordById&version=2.0.2&outputSchema=http://www.isotc211.org/2005/gmd&elementSetName=full&id=f605a24f-60cd-4c40-94c8-2186aba3ddd0#MD_DataIdentification","f605a24f-60cd-4c40-94c8-2186aba3ddd0","view"
"b6d2d023-92d9-40a2-a020-5cc2275a450f","CBS Vierkantstatistieken 100m 2009 WMS","https://service.pdok.nl/cbs/vierkantstatistieken100m/2009/wms/v1_0?request=GetCapabilities&service=WMS","OGC:WMS","Beheer PDOK","beheerpdok@kadaster.nl,beheerpdok@kadaster.nl","Nederlands metadata profiel op ISO 19119 voor services 2.1.0","https://nationaalgeoregister.nl/geonetwork/srv/dut/csw?service=CSW&request=GetRecordById&version=2.0.2&outputSchema=http://www.isotc211.org/2005/gmd&elementSetName=full&id=1462bbce-ccd3-4362-83d8-4535ca8f44eb#MD_DataIdentification","1462bbce-ccd3-4362-83d8-4535ca8f44eb","view"
"9215411c-e91f-497b-8e28-74d430ccb204","CBS Vierkantstatistieken 500m 2018 WMS","https://service.pdok.nl/cbs/vierkantstatistieken500m/2018/wms/v1_0?request=GetCapabilities&service=WMS","OGC:WMS","Beheer PDOK","beheerpdok@kadaster.nl,beheerpdok@kadaster.nl","Nederlands metadata profiel op ISO 19119 voor services 2.1.0","https://www.nationaalgeoregister.nl/geonetwork/srv/dut/csw?service=CSW&request=GetRecordById&version=2.0.2&outputSchema=http://www.isotc211.org/2005/gmd&elementSetName=full&id=f605a24f-60cd-4c40-94c8-2186aba3ddd0#MD_DataIdentification","f605a24f-60cd-4c40-94c8-2186aba3ddd0","view"
"36cf9eaa-3987-4ae8-9873-5f862da87ebb","Mosselzaadinvanginstallaties OGC API Features","https://api.pdok.nl/rvo/mosselzaad-invanginstallaties/ogc/v1","OGC:API features","Beheer PDOK","beheerpdok@kadaster.nl,beheerpdok@kadaster.nl","Nederlands metadata profiel op ISO 19119 voor services 2.1.0","https://nationaalgeoregister.nl/geonetwork/srv/dut/csw?service=CSW&request=GetRecordById&version=2.0.2&outputSchema=http://www.isotc211.org/2005/gmd&elementSetName=full&id=a04afee4-47d5-45b7-b7a0-a6f86106af11#MD_DataIdentification","a04afee4-47d5-45b7-b7a0-a6f86106af11","other"
"d6881c12-08b1-4f1d-90f8-21e0c3c4f733","CBS Vierkantstatistieken 500m 2008 WFS","https://service.pdok.nl/cbs/vierkantstatistieken500m/2008/wfs/v1_0?request=GetCapabilities&service=WFS","OGC:WFS","Beheer PDOK","beheerpdok@kadaster.nl,beheerpdok@kadaster.nl","Nederlands metadata profiel op ISO 19119 voor services 2.1.0","https://www.nationaalgeoregister.nl/geonetwork/srv/dut/csw?service=CSW&request=GetRecordById&version=2.0.2&outputSchema=http://www.isotc211.org/2005/gmd&elementSetName=full&id=f605a24f-60cd-4c40-94c8-2186aba3ddd0#MD_DataIdentification","f605a24f-60cd-4c40-94c8-2186aba3ddd0","other"
"77dcfb9a-5ac4-4ae1-beb1-b75ad47d4c7b","CBS Vierkantstatistieken 500m 1971 WMS","https://service.pdok.nl/cbs/vierkantstatistieken500m/1971/wms/v1_0?request=GetCapabilities&service=WMS","OGC:WMS","Beheer PDOK","beheerpdok@kadaster.nl,beheerpdok@kadaster.nl","Nederlands metadata profiel op ISO 19119 voor services 2.1.0","https://www.nationaalgeoregister.nl/geonetwork/srv/dut/csw?service=CSW&request=GetRecordById&version=2.0.2&outputSchema=http://www.isotc211.org/2005/gmd&elementSetName=full&id=f605a24f-60cd-4c40-94c8-2186aba3ddd0#MD_DataIdentification","f605a24f-60cd-4c40-94c8-2186aba3ddd0","view"
"684e1468-ec03-43ee-9f52-94236f187d8d","Statistical Units Vector (INSPIRE geharmoniseerd) WFS","https://service.pdok.nl/cbs/statisticalunitsvector/wfs/v1_0?request=GetCapabilities&service=WFS","OGC:WFS","Beheer PDOK","beheerpdok@kadaster.nl,beheerpdok@kadaster.nl","Nederlands metadata profiel op ISO 19119 voor services 2.1.0","https://www.nationaalgeoregister.nl/geonetwork/srv/dut/csw?service=CSW&request=GetRecordById&version=2.0.2&outputSchema=http://www.isotc211.org/2005/gmd&elementSetName=full&id=10d1153e-778f-4995-9b6c-7c69b196cccb#MD_DataIdentification","10d1153e-778f-4995-9b6c-7c69b196cccb","other"
"4ba2d95d-f342-447a-9c35-ecf129a45df2","CBS Vierkantstatistieken 500m 1971 WFS","https://service.pdok.nl/cbs/vierkantstatistieken500m/1971/wfs/v1_0?request=GetCapabilities&service=WFS","OGC:WFS","Beheer PDOK","beheerpdok@kadaster.nl,beheerpdok@kadaster.nl","Nederlands metadata profiel op ISO 19119 voor services 2.1.0","https://www.nationaalgeoregister.nl/geonetwork/srv/dut/csw?service=CSW&request=GetRecordById&version=2.0.2&outputSchema=http://www.isotc211.org/2005/gmd&elementSetName=full&id=f605a24f-60cd-4c40-94c8-2186aba3ddd0#MD_DataIdentification","f605a24f-60cd-4c40-94c8-2186aba3ddd0","other"
"0bc2bcb8-558b-446b-b4e2-381b13d483a8","Mossel- en oesterhabitats WMS","https://service.pdok.nl/rvo/mosselenoesterhabitats/wms/v1_0?request=GetCapabilities&service=WMS","OGC:WMS","Beheer PDOK","beheerPDOK@kadaster.nl,beheerPDOK@kadaster.nl","Nederlands metadata profiel op ISO 19119 voor services 2.1.0","https://www.nationaalgeoregister.nl/geonetwork/srv/dut/csw?service=CSW&request=GetRecordById&version=2.0.2&outputSchema=http://www.isotc211.org/2005/gmd&elementSetName=full&id=3d59fd06-9aec-4744-91e7-65e119f74569#MD_DataIdentification","3d59fd06-9aec-4744-91e7-65e119f74569","view"
"e4145cb9-ee15-4ffd-aebd-962cf2424290","Gebieden met Natuurrisico's - Overstromingen - Risicogebied - Richtlijn Overstromingsrisico's (ROR) (INSPIRE geharmoniseerd) WMS","https://service.pdok.nl/rws/overstromingen-risicogebied/wms/v1_0?request=GetCapabilities&service=WMS","OGC:WMS","Beheer PDOK","beheerpdok@kadaster.nl,beheerpdok@kadaster.nl","Nederlands metadata profiel op ISO 19119 voor services 2.1.0","https://www.nationaalgeoregister.nl/geonetwork/srv/dut/csw?service=CSW&request=GetRecordById&version=2.0.2&outputSchema=http://www.isotc211.org/2005/gmd&elementSetName=full&id=c66acb58-7534-453a-9fc4-b5d3faa7b41c#MD_DataIdentification","c66acb58-7534-453a-9fc4-b5d3faa7b41c","view"
"bc0b75c6-3eef-49de-aca2-8483024903c1","Wetlands (INSPIRE geharmoniseerd) WFS","https://service.pdok.nl/rvo/beschermdegebieden/wetlands/wfs/v1_0?request=GetCapabilities&service=WFS","OGC:WFS","Beheer PDOK","beheerPDOK@kadaster.nl,beheerPDOK@kadaster.nl","Nederlands metadata profiel op ISO 19119 voor services 2.1.0","http://nationaalgeoregister.nl/geonetwork/srv/dut/csw?service=CSW&version=2.0.2&request=GetRecordById&outputschema=http://www.isotc211.org/2005/gmd&elementsetname=full&id=19165027-a13a-4c19-9013-ec1fd191019d#MD_DataIdentification","19165027-a13a-4c19-9013-ec1fd191019d","other"
"4beff574-0237-45a2-a62f-ad002bbfd425","Gebiedsbeheer eenheden - Kwetsbaar gebied - RSA (INSPIRE geharmoniseerd) WMS","https://service.pdok.nl/rws/gebiedsbeheer/kwetsbaargebied/wms/v1_0?request=GetCapabilities&service=WMS","OGC:WMS","Beheer PDOK","beheerpdok@kadaster.nl,beheerpdok@kadaster.nl","Nederlands metadata profiel op ISO 19119 voor services 2.1.0","https://www.nationaalgeoregister.nl/geonetwork/srv/dut/csw?service=CSW&request=GetRecordById&version=2.0.2&outputSchema=http://www.isotc211.org/2005/gmd&elementSetName=full&id=aa13c390-6b6c-407f-bae9-dae2ee8628fd#MD_DataIdentification","aa13c390-6b6c-407f-bae9-dae2ee8628fd","view"
"e5fdfa81-f582-4e8e-9d66-988cbd5cdd93","Gebieden met Natuurrisico's - Overstromingen - Geobserveerde gebeurtenis - Richtlijn Overstromingsrisico's (ROR) (INSPIRE geharmoniseerd) WMS","https://service.pdok.nl/rws/overstromingen-gebeurtenis/wms/v1_0?request=GetCapabilities&service=WMS","OGC:WMS","Beheer PDOK","beheerpdok@kadaster.nl,beheerpdok@kadaster.nl","Nederlands metadata profiel op ISO 19119 voor services 2.1.0","https://www.nationaalgeoregister.nl/geonetwork/srv/dut/csw?service=CSW&request=GetRecordById&version=2.0.2&outputSchema=http://www.isotc211.org/2005/gmd&elementSetName=full&id=18e2f49d-bf90-48b4-9a8f-81db44d97ecd#MD_DataIdentification","18e2f49d-bf90-48b4-9a8f-81db44d97ecd","view"
"66b293b0-e9d4-4d6f-9f37-30d10af1d7db","CBS Vierkantstatistieken 500m 2021 WFS","https://service.pdok.nl/cbs/vierkantstatistieken500m/2021/wfs/v1_0?request=GetCapabilities&service=WFS","OGC:WFS","Beheer PDOK","beheerpdok@kadaster.nl,beheerpdok@kadaster.nl","Nederlands metadata profiel op ISO 19119 voor services 2.1.0","https://www.nationaalgeoregister.nl/geonetwork/srv/dut/csw?service=CSW&request=GetRecordById&version=2.0.2&outputSchema=http://www.isotc211.org/2005/gmd&elementSetName=full&id=f605a24f-60cd-4c40-94c8-2186aba3ddd0#MD_DataIdentification","f605a24f-60cd-4c40-94c8-2186aba3ddd0","other"
"45c40b3a-6212-4227-b939-496a5ce95734","BRO - Geotechnisch booronderzoek (BHR-GT) - Geologie (INSPIRE geharmoniseerd) WMS","https://service.pdok.nl/bzk/geologie/bro-geotechnisch-booronderzoek/wms/v1_0?request=getcapabilities&service=wms","OGC:WMS","Beheer PDOK","beheerpdok@kadaster.nl,beheerpdok@kadaster.nl","Nederlands metadata profiel op ISO 19119 voor services 2.1.0","https://www.nationaalgeoregister.nl/geonetwork/srv/dut/csw?service=CSW&request=GetRecordById&version=2.0.2&outputSchema=http://www.isotc211.org/2005/gmd&elementSetName=full&id=14ca0e53-d2b8-4a55-8bc9-d394e8d53e51#MD_DataIdentification","14ca0e53-d2b8-4a55-8bc9-d394e8d53e51","view"
"78e71ad9-4f1f-4eab-a82a-99127e50e5a1","CBS Vierkantstatistieken 100m 2020 WMS","https://service.pdok.nl/cbs/vierkantstatistieken100m/2020/wms/v1_0?request=GetCapabilities&service=WMS","OGC:WMS","Beheer PDOK","beheerpdok@kadaster.nl,beheerpdok@kadaster.nl","Nederlands metadata profiel op ISO 19119 voor services 2.1.0","https://nationaalgeoregister.nl/geonetwork/srv/dut/csw?service=CSW&request=GetRecordById&version=2.0.2&outputSchema=http://www.isotc211.org/2005/gmd&elementSetName=full&id=1462bbce-ccd3-4362-83d8-4535ca8f44eb#MD_DataIdentification","1462bbce-ccd3-4362-83d8-4535ca8f44eb","view"
"ec1faa6d-2779-42b8-82f8-6d516dcc868f","Natura 2000 (INSPIRE geharmoniseerd) WMS","https://service.pdok.nl/rvo/beschermde-gebieden/natura2000/wms/v2_0?request=GetCapabilities&service=WMS","OGC:WMS","Beheer PDOK","beheerpdok@kadaster.nl,beheerpdok@kadaster.nl","Nederlands metadata profiel op ISO 19119 voor services 2.1.0","https://www.nationaalgeoregister.nl/geonetwork/srv/dut/csw?service=CSW&request=GetRecordById&version=2.0.2&outputSchema=http://www.isotc211.org/2005/gmd&elementSetName=full&id=280ed37a-b8d2-4ac5-8567-04d84fad3a41#MD_DataIdentification","280ed37a-b8d2-4ac5-8567-04d84fad3a41","view"
"9ff243a3-1d9f-4c95-9d22-b5144b1935e5","CBS Vierkantstatistieken 500m 2017 WFS","https://service.pdok.nl/cbs/vierkantstatistieken500m/2017/wfs/v1_0?request=GetCapabilities&service=WFS","OGC:WFS","Beheer PDOK","beheerpdok@kadaster.nl,beheerpdok@kadaster.nl","Nederlands metadata profiel op ISO 19119 voor services 2.1.0","https://www.nationaalgeoregister.nl/geonetwork/srv/dut/csw?service=CSW&request=GetRecordById&version=2.0.2&outputSchema=http://www.isotc211.org/2005/gmd&elementSetName=full&id=f605a24f-60cd-4c40-94c8-2186aba3ddd0#MD_DataIdentification","f605a24f-60cd-4c40-94c8-2186aba3ddd0","other"
"efaf0a10-340c-46f3-bb53-9b70ba46b0a4","Waterschappen Nuts-Overheidsdiensten (INSPIRE geharmoniseerd) WMS","https://service.pdok.nl/hwh/nutsdiensten-en-overheidsdiensten/wms/v1_0?request=GetCapabilities&service=WMS","OGC:WMS","Beheer PDOK","beheerpdok@kadaster.nl,beheerpdok@kadaster.nl","Nederlands metadata profiel op ISO 19119 voor services 2.1.0","https://www.nationaalgeoregister.nl/geonetwork/srv/dut/csw?service=CSW&request=GetRecordById&version=2.0.2&outputSchema=http://www.isotc211.org/2005/gmd&elementSetName=full&id=bffcd5d9-02b4-4e7d-991f-a386611cad84#MD_DataIdentification","bffcd5d9-02b4-4e7d-991f-a386611cad84","view"
"56b2cb4b-1ea8-4763-a040-b5f0eed13716","Natura 2000 OGC API Features","https://api.pdok.nl/rvo/natura2000/ogc/v1","OGC:API features","Beheer PDOK","beheerpdok@kadaster.nl,beheerpdok@kadaster.nl","Nederlands metadata profiel op ISO 19119 voor services 2.1.0","https://nationaalgeoregister.nl/geonetwork/srv/dut/csw?service=CSW&request=GetRecordById&version=2.0.2&outputSchema=http://www.isotc211.org/2005/gmd&elementSetName=full&id=8829e5dd-c861-4639-a6c8-fdbb6e3440d2#MD_DataIdentification","8829e5dd-c861-4639-a6c8-fdbb6e3440d2","other"
"1f37a9d3-c27a-44a8-929c-0d178374b955","CBS Vierkantstatistieken 500m 2022 WFS","https://service.pdok.nl/cbs/vierkantstatistieken500m/2022/wfs/v1_0?request=GetCapabilities&service=WFS","OGC:WFS","Beheer PDOK","beheerpdok@kadaster.nl,beheerpdok@kadaster.nl","Nederlands metadata profiel op ISO 19119 voor services 2.1.0","https://www.nationaalgeoregister.nl/geonetwork/srv/dut/csw?service=CSW&request=GetRecordById&version=2.0.2&outputSchema=http://www.isotc211.org/2005/gmd&elementSetName=full&id=f605a24f-60cd-4c40-94c8-2186aba3ddd0#MD_DataIdentification","f605a24f-60cd-4c40-94c8-2186aba3ddd0","other"
"62e11629-7fdc-4831-bf27-bc179244db43","CBS Vierkantstatistieken 100m 2021 WFS","https://service.pdok.nl/cbs/vierkantstatistieken100m/2021/wfs/v1_0?request=GetCapabilities&service=WFS","OGC:WFS","Beheer PDOK","beheerpdok@kadaster.nl,beheerpdok@kadaster.nl","Nederlands metadata profiel op ISO 19119 voor services 2.1.0","https://nationaalgeoregister.nl/geonetwork/srv/dut/csw?service=CSW&request=GetRecordById&version=2.0.2&outputSchema=http://www.isotc211.org/2005/gmd&elementSetName=full&id=1462bbce-ccd3-4362-83d8-4535ca8f44eb#MD_DataIdentification","1462bbce-ccd3-4362-83d8-4535ca8f44eb","other"
"8c61b066-de2a-4b80-bd20-c878e4edae86","CBS Gebiedsindelingen 2019 WFS","https://service.pdok.nl/cbs/gebiedsindelingen/2019/wfs/v1_0?request=GetCapabilities&service=WFS","OGC:WFS","Beheer PDOK","beheerpdok@kadaster.nl,beheerpdok@kadaster.nl","Nederlands metadata profiel op ISO 19119 voor services 2.1.0","https://www.nationaalgeoregister.nl/geonetwork/srv/dut/csw?service=CSW&request=GetRecordById&version=2.0.2&outputSchema=http://www.isotc211.org/2005/gmd&elementSetName=full&id=effe1ab0-073d-437c-af13-df5c5e07d6cd#MD_DataIdentification","effe1ab0-073d-437c-af13-df5c5e07d6cd","other"
"a25cbbdf-544e-4bc3-b6a9-2544a574d54a","CBS Vierkantstatistieken 100m 2014 WFS","https://service.pdok.nl/cbs/vierkantstatistieken100m/2014/wfs/v1_0?request=GetCapabilities&service=WFS","OGC:WFS","Beheer PDOK","beheerpdok@kadaster.nl,beheerpdok@kadaster.nl","Nederlands metadata profiel op ISO 19119 voor services 2.1.0","https://nationaalgeoregister.nl/geonetwork/srv/dut/csw?service=CSW&request=GetRecordById&version=2.0.2&outputSchema=http://www.isotc211.org/2005/gmd&elementSetName=full&id=1462bbce-ccd3-4362-83d8-4535ca8f44eb#MD_DataIdentification","1462bbce-ccd3-4362-83d8-4535ca8f44eb","other"
"ce0138cc-975c-4b32-ba47-74c7437606d5","Agglomeraties - Richtlijn Omgevingslawaai (INSPIRE geharmoniseerd) WMS","https://service.pdok.nl/ienw/gebiedsbeheer/agglomeraties-richtlijn-omgevingslawaai/wms/v1_0?request=GetCapabilities&service=WMS","OGC:WMS","Beheer PDOK","beheerpdok@kadaster.nl,beheerpdok@kadaster.nl","Nederlands metadata profiel op ISO 19119 voor services 2.1.0","https://www.nationaalgeoregister.nl/geonetwork/srv/dut/csw?service=CSW&request=GetRecordById&version=2.0.2&outputSchema=http://www.isotc211.org/2005/gmd&elementSetName=full&id=52967bce-30cd-4d64-b8da-9f27da828113#MD_DataIdentification","52967bce-30cd-4d64-b8da-9f27da828113","view"
"deb81ebe-c7a7-42ba-bc21-f07cd348c3e8","CSW Nationaal Georegister (NGR)","https://nationaalgeoregister.nl/geonetwork/srv/dut/csw-inspire?request=GetCapabilities&Service=CSW&Version=2.0.1","OGC:CSW","Beheer PDOK","beheerpdok@kadaster.nl,beheerpdok@kadaster.nl","Nederlands metadata profiel op ISO 19119 voor services 2.1.0","#notpresent","","discovery"
"a508559e-31c4-4809-8f5d-6efcadf555c9","Nuts- en Overheidsdiensten - Riool - Leidingelementen - RSA (INSPIRE geharmoniseerd) WMS","https://service.pdok.nl/rws/nutsdiensten-en-overheidsdiensten/riool-leidingelementen/wms/v1_0?request=GetCapabilities&service=WMS","OGC:WMS","Beheer PDOK","beheerpdok@kadaster.nl,beheerpdok@kadaster.nl","Nederlands metadata profiel op ISO 19119 voor services 2.1.0","https://www.nationaalgeoregister.nl/geonetwork/srv/dut/csw?service=CSW&request=GetRecordById&version=2.0.2&outputSchema=http://www.isotc211.org/2005/gmd&elementSetName=full&id=917b5ba0-4fdd-4654-8c18-b3ccdadaa55a#MD_DataIdentification","917b5ba0-4fdd-4654-8c18-b3ccdadaa55a","view"
"adcc5ad7-d3b3-445a-9033-1274cc7f0d61","CBS Vierkantstatistieken 100m 2010 WFS","https://service.pdok.nl/cbs/vierkantstatistieken100m/2010/wfs/v1_0?request=GetCapabilities&service=WFS","OGC:WFS","Beheer PDOK","beheerpdok@kadaster.nl,beheerpdok@kadaster.nl","Nederlands metadata profiel op ISO 19119 voor services 2.1.0","https://nationaalgeoregister.nl/geonetwork/srv/dut/csw?service=CSW&request=GetRecordById&version=2.0.2&outputSchema=http://www.isotc211.org/2005/gmd&elementSetName=full&id=1462bbce-ccd3-4362-83d8-4535ca8f44eb#MD_DataIdentification","1462bbce-ccd3-4362-83d8-4535ca8f44eb","other"
"3bfab77c-1663-4334-b7cb-b972de6096b1","Geluidszones Rondom Vliegvelden (INSPIRE geharmoniseerd) WMS","https://service.pdok.nl/provincies/geluidzones-rondom-vliegvelden/wms/v1_0?request=GetCapabilities&service=WMS","OGC:WMS","Beheer PDOK","beheerpdok@kadaster.nl,beheerpdok@kadaster.nl","Nederlands metadata profiel op ISO 19119 voor services 2.1.0","https://nationaalgeoregister.nl/geonetwork/srv/dut/csw?service=CSW&request=GetRecordById&version=2.0.2&outputSchema=http://www.isotc211.org/2005/gmd&elementSetName=full&id=41023936-009d-48ec-a90d-c966895463c1#MD_DataIdentification","41023936-009d-48ec-a90d-c966895463c1","view"
"772bec8e-ae4f-4cc5-8d8c-e7e56d89c59a","CBS Vierkantstatistieken 500m 2005 WFS","https://service.pdok.nl/cbs/vierkantstatistieken500m/2005/wfs/v1_0?request=GetCapabilities&service=WFS","OGC:WFS","Beheer PDOK","beheerpdok@kadaster.nl,beheerpdok@kadaster.nl","Nederlands metadata profiel op ISO 19119 voor services 2.1.0","https://www.nationaalgeoregister.nl/geonetwork/srv/dut/csw?service=CSW&request=GetRecordById&version=2.0.2&outputSchema=http://www.isotc211.org/2005/gmd&elementSetName=full&id=f605a24f-60cd-4c40-94c8-2186aba3ddd0#MD_DataIdentification","f605a24f-60cd-4c40-94c8-2186aba3ddd0","other"
"008d85d1-460d-46f6-9af4-98afdedbc4dc","Population Distribution (INSPIRE geharmoniseerd) WFS","https://service.pdok.nl/cbs/pd/wfs/v1_0?service=WFS&request=GetCapabilities&service=wfs","OGC:WFS","Beheer PDOK","beheerPDOK@kadaster.nl,beheerPDOK@kadaster.nl","Nederlands metadata profiel op ISO 19119 voor services 2.1.0","https://www.nationaalgeoregister.nl/geonetwork/srv/dut/csw?service=CSW&request=GetRecordById&version=2.0.2&outputSchema=http://www.isotc211.org/2005/gmd&elementSetName=full&id=76541ebb-a554-4540-a017-399d4bb4a860#MD_DataIdentification","76541ebb-a554-4540-a017-399d4bb4a860","other"
"8a1d1e07-ad95-40a4-adb1-23a3504543a4","CBS Vierkantstatistieken 100m 2021 WMS","https://service.pdok.nl/cbs/vierkantstatistieken100m/2021/wms/v1_0?request=GetCapabilities&service=WMS","OGC:WMS","Beheer PDOK","beheerpdok@kadaster.nl,beheerpdok@kadaster.nl","Nederlands metadata profiel op ISO 19119 voor services 2.1.0","https://nationaalgeoregister.nl/geonetwork/srv/dut/csw?service=CSW&request=GetRecordById&version=2.0.2&outputSchema=http://www.isotc211.org/2005/gmd&elementSetName=full&id=1462bbce-ccd3-4362-83d8-4535ca8f44eb#MD_DataIdentification","1462bbce-ccd3-4362-83d8-4535ca8f44eb","view"
"b7b9859e-c1ca-465d-83c2-f24c2d2567b4","Gebiedsbeheer eenheden - Kwetsbaar gebied - Agglomeraties - RSA (INSPIRE geharmoniseerd) WMS","https://service.pdok.nl/rws/gebiedsbeheer/kwetsbaargebied-agglomeraties/wms/v1_0?request=GetCapabilities&service=WMS","OGC:WMS","Beheer PDOK","beheerpdok@kadaster.nl,beheerpdok@kadaster.nl","Nederlands metadata profiel op ISO 19119 voor services 2.1.0","https://www.nationaalgeoregister.nl/geonetwork/srv/dut/csw?service=CSW&request=GetRecordById&version=2.0.2&outputSchema=http://www.isotc211.org/2005/gmd&elementSetName=full&id=2350b86b-3efd-47e4-883e-519bfa8d0abd#MD_DataIdentification","2350b86b-3efd-47e4-883e-519bfa8d0abd","view"
"a452c686-7815-4a25-8570-756fc06e4fb8","Digitaal Topografisch Bestand (DTB) OGC API Features","https://api.pdok.nl/rws/digitaal-topografisch-bestand/ogc/v1/","OGC:API features","Beheer PDOK","beheerpdok@kadaster.nl,beheerpdok@kadaster.nl","Nederlands metadata profiel op ISO 19119 voor services 2.1.0","https://nationaalgeoregister.nl/geonetwork/srv/dut/csw?service=CSW&request=GetRecordById&version=2.0.2&outputSchema=http://www.isotc211.org/2005/gmd&elementSetName=full&id=c4b137b8-2317-42c2-aced-204c4216d68d#MD_DataIdentification","c4b137b8-2317-42c2-aced-204c4216d68d","other"
"7977f282-433e-41f9-940b-63f5d28ee44c","Stiltegebieden - Provincies (INSPIRE geharmoniseerd) WMS","https://service.pdok.nl/provincies/stiltegebieden/wms/v1_0?request=GetCapabilities&service=WMS","OGC:WMS","Beheer PDOK","beheerpdok@kadaster.nl,beheerpdok@kadaster.nl","Nederlands metadata profiel op ISO 19119 voor services 2.1.0","https://nationaalgeoregister.nl/geonetwork/srv/dut/csw?service=CSW&request=GetRecordById&version=2.0.2&outputSchema=http://www.isotc211.org/2005/gmd&elementSetName=full&id=cc408b2d-09a6-4b2b-9aa3-b46bfe2f00a5#MD_DataIdentification","cc408b2d-09a6-4b2b-9aa3-b46bfe2f00a5","view"
"3e0b67e8-5f4b-4d90-8a33-614dbeef5f39","Agglomeraties - Richtlijn Omgevingslawaai (INSPIRE geharmoniseerd) WFS","https://service.pdok.nl/ienw/gebiedsbeheer/agglomeraties-richtlijn-omgevingslawaai/wfs/v1_0?request=GetCapabilities&service=WFS","OGC:WFS","Beheer PDOK","beheerpdok@kadaster.nl,beheerpdok@kadaster.nl","Nederlands metadata profiel op ISO 19119 voor services 2.1.0","https://www.nationaalgeoregister.nl/geonetwork/srv/dut/csw?service=CSW&request=GetRecordById&version=2.0.2&outputSchema=http://www.isotc211.org/2005/gmd&elementSetName=full&id=52967bce-30cd-4d64-b8da-9f27da828113#MD_DataIdentification","52967bce-30cd-4d64-b8da-9f27da828113","other"
"275b64ab-34c2-41f8-8904-97812c7f716e","Wetlands (INSPIRE geharmoniseerd) WMS","https://service.pdok.nl/rvo/beschermdegebieden/wetlands/wms/v1_0?request=GetCapabilities&service=WMS","OGC:WMS","Beheer PDOK","beheerPDOK@kadaster.nl,beheerPDOK@kadaster.nl","Nederlands metadata profiel op ISO 19119 voor services 2.1.0","https://www.nationaalgeoregister.nl/geonetwork/srv/dut/csw?service=CSW&request=GetRecordById&version=2.0.2&outputSchema=http://www.isotc211.org/2005/gmd&elementSetName=full&id=19165027-a13a-4c19-9013-ec1fd191019d#MD_DataIdentification","19165027-a13a-4c19-9013-ec1fd191019d","view"
"5bdd032a-f726-44ff-9ce2-701b4cf7a141","Potentieel koude en warmte uit open en gesloten WKO systemen (GJ/ha.jaar) OGC API Features","https://api.pdok.nl/rvo/potentieel-warmte-koude-opslagsystemen/ogc/v1","OGC:API features","Beheer PDOK","beheerpdok@kadaster.nl,beheerpdok@kadaster.nl","Nederlands metadata profiel op ISO 19119 voor services 2.1.0","https://nationaalgeoregister.nl/geonetwork/srv/dut/csw?service=CSW&request=GetRecordById&version=2.0.2&outputSchema=http://www.isotc211.org/2005/gmd&elementSetName=full&id=dc5b522e-3e14-4738-9e8e-2401e1b19ef2#MD_DataIdentification","dc5b522e-3e14-4738-9e8e-2401e1b19ef2","other"
"908e96de-bcc5-4d29-8501-ce9ffbc56c15","Hydrografie (INSPIRE geharmoniseerd) WFS","https://service.pdok.nl/kadaster/hy/wfs/v1_0?request=GetCapabilities&service=WFS","OGC:WFS","Beheer PDOK","beheerpdok@kadaster.nl,beheerpdok@kadaster.nl","Nederlands metadata profiel op ISO 19119 voor services 2.1.0","["https:\/\/www.nationaalgeoregister.nl\/geonetwork\/srv\/dut\/csw?service=CSW&request=GetRecordById&version=2.0.2&outputSchema=http:\/\/www.isotc211.org\/2005\/gmd&elementSetName=full&id=1c3afc74-cc34-44b7-938a-963e2350795a#MD_DataIdentification","https:\/\/www.nationaalgeoregister.nl\/geonetwork\/srv\/dut\/csw?service=CSW&request=GetRecordById&version=2.0.2&outputSchema=http:\/\/www.isotc211.org\/2005\/gmd&elementSetName=full&id=1c3afc74-cc34-44b7-938a-963e2350795a#MD_DataIdentification","https:\/\/www.nationaalgeoregister.nl\/geonetwork\/srv\/dut\/csw?service=CSW&request=GetRecordById&version=2.0.2&outputSchema=http:\/\/www.isotc211.org\/2005\/gmd&elementSetName=full&id=1c3afc74-cc34-44b7-938a-963e2350795a#MD_DataIdentification","https:\/\/www.nationaalgeoregister.nl\/geonetwork\/srv\/dut\/csw?service=CSW&request=GetRecordById&version=2.0.2&outputSchema=http:\/\/www.isotc211.org\/2005\/gmd&elementSetName=full&id=1c3afc74-cc34-44b7-938a-963e2350795a#MD_DataIdentification","https:\/\/www.nationaalgeoregister.nl\/geonetwork\/srv\/dut\/csw?service=CSW&request=GetRecordById&version=2.0.2&outputSchema=http:\/\/www.isotc211.org\/2005\/gmd&elementSetName=full&id=1c3afc74-cc34-44b7-938a-963e2350795a#MD_DataIdentification","https:\/\/www.nationaalgeoregister.nl\/geonetwork\/srv\/dut\/csw?service=CSW&request=GetRecordById&version=2.0.2&outputSchema=http:\/\/www.isotc211.org\/2005\/gmd&elementSetName=full&id=1c3afc74-cc34-44b7-938a-963e2350795a#MD_DataIdentification","https:\/\/www.nationaalgeoregister.nl\/geonetwork\/srv\/dut\/csw?service=CSW&request=GetRecordById&version=2.0.2&outputSchema=http:\/\/www.isotc211.org\/2005\/gmd&elementSetName=full&id=1c3afc74-cc34-44b7-938a-963e2350795a#MD_DataIdentification","https:\/\/www.nationaalgeoregister.nl\/geonetwork\/srv\/dut\/csw?service=CSW&request=GetRecordById&version=2.0.2&outputSchema=http:\/\/www.isotc211.org\/2005\/gmd&elementSetName=full&id=1c3afc74-cc34-44b7-938a-963e2350795a#MD_DataIdentification","https:\/\/www.nationaalgeoregister.nl\/geonetwork\/srv\/dut\/csw?service=CSW&request=GetRecordById&version=2.0.2&outputSchema=http:\/\/www.isotc211.org\/2005\/gmd&elementSetName=full&id=1c3afc74-cc34-44b7-938a-963e2350795a#MD_DataIdentification","https:\/\/www.nationaalgeoregister.nl\/geonetwork\/srv\/dut\/csw?service=CSW&request=GetRecordById&version=2.0.2&outputSchema=http:\/\/www.isotc211.org\/2005\/gmd&elementSetName=full&id=1c3afc74-cc34-44b7-938a-963e2350795a#MD_DataIdentification","https:\/\/www.nationaalgeoregister.nl\/geonetwork\/srv\/dut\/csw?service=CSW&request=GetRecordById&version=2.0.2&outputSchema=http:\/\/www.isotc211.org\/2005\/gmd&elementSetName=full&id=1c3afc74-cc34-44b7-938a-963e2350795a#MD_DataIdentification","https:\/\/www.nationaalgeoregister.nl\/geonetwork\/srv\/dut\/csw?service=CSW&request=GetRecordById&version=2.0.2&outputSchema=http:\/\/www.isotc211.org\/2005\/gmd&elementSetName=full&id=1c3afc74-cc34-44b7-938a-963e2350795a#MD_DataIdentification","https:\/\/www.nationaalgeoregister.nl\/geonetwork\/srv\/dut\/csw?service=CSW&request=GetRecordById&version=2.0.2&outputSchema=http:\/\/www.isotc211.org\/2005\/gmd&elementSetName=full&id=1c3afc74-cc34-44b7-938a-963e2350795a#MD_DataIdentification","https:\/\/www.nationaalgeoregister.nl\/geonetwork\/srv\/dut\/csw?service=CSW&request=GetRecordById&version=2.0.2&outputSchema=http:\/\/www.isotc211.org\/2005\/gmd&elementSetName=full&id=1c3afc74-cc34-44b7-938a-963e2350795a#MD_DataIdentification","https:\/\/www.nationaalgeoregister.nl\/geonetwork\/srv\/dut\/csw?service=CSW&request=GetRecordById&version=2.0.2&outputSchema=http:\/\/www.isotc211.org\/2005\/gmd&elementSetName=full&id=1c3afc74-cc34-44b7-938a-963e2350795a#MD_DataIdentification","https:\/\/www.nationaalgeoregister.nl\/geonetwork\/srv\/dut\/csw?service=CSW&request=GetRecordById&version=2.0.2&outputSchema=http:\/\/www.isotc211.org\/2005\/gmd&elementSetName=full&id=1c3afc74-cc34-44b7-938a-963e2350795a#MD_DataIdentification","https:\/\/www.nationaalgeoregister.nl\/geonetwork\/srv\/dut\/csw?service=CSW&request=GetRecordById&version=2.0.2&outputSchema=http:\/\/www.isotc211.org\/2005\/gmd&elementSetName=full&id=1c3afc74-cc34-44b7-938a-963e2350795a#MD_DataIdentification"]","1c3afc74-cc34-44b7-938a-963e2350795a 1c3afc74-cc34-44b7-938a-963e2350795a 1c3afc74-cc34-44b7-938a-963e2350795a 1c3afc74-cc34-44b7-938a-963e2350795a 1c3afc74-cc34-44b7-938a-963e2350795a 1c3afc74-cc34-44b7-938a-963e2350795a 1c3afc74-cc34-44b7-938a-963e2350795a 1c3afc74-cc34-44b7-938a-963e2350795a 1c3afc74-cc34-44b7-938a-963e2350795a 1c3afc74-cc34-44b7-938a-963e2350795a 1c3afc74-cc34-44b7-938a-963e2350795a 1c3afc74-cc34-44b7-938a-963e2350795a 1c3afc74-cc34-44b7-938a-963e2350795a 1c3afc74-cc34-44b7-938a-963e2350795a 1c3afc74-cc34-44b7-938a-963e2350795a 1c3afc74-cc34-44b7-938a-963e2350795a 1c3afc74-cc34-44b7-938a-963e2350795a","other"
"77c6d546-5ffc-41a2-b263-c7b2ae0bee52","Vervoersnetwerken - Wegen - Netwerk (INSPIRE geharmoniseerd) WFS","https://service.pdok.nl/rws/vervoersnetwerken/wegen/wfs/v1_0?request=GetCapabilities&service=WFS","OGC:WFS","Beheer PDOK","beheerpdok@kadaster.nl,beheerpdok@kadaster.nl","Nederlands metadata profiel op ISO 19119 voor services 2.1.0","["https:\/\/www.nationaalgeoregister.nl\/geonetwork\/srv\/dut\/csw?service=CSW&request=GetRecordById&version=2.0.2&outputSchema=http:\/\/www.isotc211.org\/2005\/gmd&elementSetName=full&id=f4520ae7-9229-4132-8d42-37b4f962212a#MD_DataIdentification","https:\/\/www.nationaalgeoregister.nl\/geonetwork\/srv\/dut\/csw?service=CSW&request=GetRecordById&version=2.0.2&outputSchema=http:\/\/www.isotc211.org\/2005\/gmd&elementSetName=full&id=f4520ae7-9229-4132-8d42-37b4f962212a#MD_DataIdentification","https:\/\/www.nationaalgeoregister.nl\/geonetwork\/srv\/dut\/csw?service=CSW&request=GetRecordById&version=2.0.2&outputSchema=http:\/\/www.isotc211.org\/2005\/gmd&elementSetName=full&id=f4520ae7-9229-4132-8d42-37b4f962212a#MD_DataIdentification","https:\/\/www.nationaalgeoregister.nl\/geonetwork\/srv\/dut\/csw?service=CSW&request=GetRecordById&version=2.0.2&outputSchema=http:\/\/www.isotc211.org\/2005\/gmd&elementSetName=full&id=f4520ae7-9229-4132-8d42-37b4f962212a#MD_DataIdentification"]","f4520ae7-9229-4132-8d42-37b4f962212a f4520ae7-9229-4132-8d42-37b4f962212a f4520ae7-9229-4132-8d42-37b4f962212a f4520ae7-9229-4132-8d42-37b4f962212a","other"
"3ea94c61-36b7-4774-928d-432238b48945","Vaarwegmarkeringen Nederland OGC API Features","https://api.pdok.nl/rws/vaarwegmarkeringen-nederland/ogc/v1","OGC:API features","Beheer PDOK","beheerpdok@kadaster.nl,beheerpdok@kadaster.nl","Nederlands metadata profiel op ISO 19119 voor services 2.1.0","https://nationaalgeoregister.nl/geonetwork/srv/dut/csw?service=CSW&request=GetRecordById&version=2.0.2&outputSchema=http://www.isotc211.org/2005/gmd&elementSetName=full&id=be1b1514-8d1f-48e1-9624-fee9b784138b#MD_DataIdentification","be1b1514-8d1f-48e1-9624-fee9b784138b","other"
"47fa281b-5352-439b-bd7c-5d7efb59673e","KRW Oppervlaktewaterlichamen (INSPIRE geharmoniseerd) WMS","https://service.pdok.nl/ihw/gebiedsbeheer/krw-oppervlaktewaterlichamen/wms/v1_0?SERVICE=WMS&VERSION=1.3.0&request=getcapabilities","OGC:WMS","Beheer PDOK","beheerpdok@kadaster.nl,beheerpdok@kadaster.nl","Nederlands metadata profiel op ISO 19119 voor services 2.1.0","["https:\/\/www.nationaalgeoregister.nl\/geonetwork\/srv\/dut\/csw?service=CSW&request=GetRecordById&version=2.0.2&outputSchema=http:\/\/www.isotc211.org\/2005\/gmd&elementSetName=full&id=5619ed12-9176-4f36-8af7-a63b78f585c3#MD_DataIdentification","https:\/\/www.nationaalgeoregister.nl\/geonetwork\/srv\/dut\/csw?service=CSW&request=GetRecordById&version=2.0.2&outputSchema=http:\/\/www.isotc211.org\/2005\/gmd&elementSetName=full&id=5619ed12-9176-4f36-8af7-a63b78f585c3#MD_DataIdentification","https:\/\/www.nationaalgeoregister.nl\/geonetwork\/srv\/dut\/csw?service=CSW&request=GetRecordById&version=2.0.2&outputSchema=http:\/\/www.isotc211.org\/2005\/gmd&elementSetName=full&id=5619ed12-9176-4f36-8af7-a63b78f585c3#MD_DataIdentification"]","5619ed12-9176-4f36-8af7-a63b78f585c3 5619ed12-9176-4f36-8af7-a63b78f585c3 5619ed12-9176-4f36-8af7-a63b78f585c3","view"
"1b2e3afd-e5dd-4d05-aeee-a75091a76beb","CBS Gebiedsindelingen 2016 WMS","https://service.pdok.nl/cbs/gebiedsindelingen/2016/wms/v1_0?request=GetCapabilities&service=WMS","OGC:WMS","Beheer PDOK","beheerpdok@kadaster.nl,beheerpdok@kadaster.nl","Nederlands metadata profiel op ISO 19119 voor services 2.1.0","https://www.nationaalgeoregister.nl/geonetwork/srv/dut/csw?service=CSW&request=GetRecordById&version=2.0.2&outputSchema=http://www.isotc211.org/2005/gmd&elementSetName=full&id=effe1ab0-073d-437c-af13-df5c5e07d6cd#MD_DataIdentification","effe1ab0-073d-437c-af13-df5c5e07d6cd","view"
"e0fa2ac7-4e65-4d95-a27e-d6a44e8c12e8","Richtlijn Stedelijk Afvalwater (RSA) WMS","https://service.pdok.nl/rws/richtlijnstedelijkafvalwater/wms/v2_0?request=GetCapabilities&service=WMS","OGC:WMS","Beheer PDOK","beheerpdok@kadaster.nl,beheerpdok@kadaster.nl","Nederlands metadata profiel op ISO 19119 voor services 2.1.0","https://www.nationaalgeoregister.nl/geonetwork/srv/dut/csw?service=CSW&request=GetRecordById&version=2.0.2&outputSchema=http://www.isotc211.org/2005/gmd&elementSetName=full&id=4eee12af-35db-49ff-8bf2-03793c53b739#MD_DataIdentification","4eee12af-35db-49ff-8bf2-03793c53b739","view"
"844507d2-6c7b-4b81-8172-12bfefb14fb6","Waterschappen Hydrografie (INSPIRE geharmoniseerd) OGC API Features","https://api.pdok.nl/hwh/waterschappen-hydrografie/ogc/v1","OGC:API features","Beheer PDOK","beheerpdok@kadaster.nl,beheerpdok@kadaster.nl","Nederlands metadata profiel op ISO 19119 voor services 2.1.0","https://nationaalgeoregister.nl/geonetwork/srv/dut/csw?service=CSW&request=GetRecordById&version=2.0.2&outputSchema=http://www.isotc211.org/2005/gmd&elementSetName=full&id=07575774-57a1-4419-bab4-6c88fdeb02b2#MD_DataIdentification","07575774-57a1-4419-bab4-6c88fdeb02b2","other"
"dd49e02c-ea87-4ffc-89dd-f888608d95b7","Nationale Parken WMS","https://service.pdok.nl/rvo/nationaleparken/wms/v2_0?request=GetCapabilities&service=WMS","OGC:WMS","Beheer PDOK","beheerpdok@kadaster.nl,beheerpdok@kadaster.nl","Nederlands metadata profiel op ISO 19119 voor services 2.1.0","https://www.nationaalgeoregister.nl/geonetwork/srv/dut/csw?service=CSW&request=GetRecordById&version=2.0.2&outputSchema=http://www.isotc211.org/2005/gmd&elementSetName=full&id=4961d305-fbb5-426a-9ba3-53e1ca5f3b18#MD_DataIdentification","4961d305-fbb5-426a-9ba3-53e1ca5f3b18","view"
"f9b731bb-7929-43e2-b77e-286ee2cc5aaa","CBS Existing Land Use (INSPIRE geharmoniseerd) WMS","https://service.pdok.nl/cbs/landuse/wms/v1_0?request=GetCapabilities&service=WMS","OGC:WMS","Beheer PDOK","beheerpdok@kadaster.nl,beheerpdok@kadaster.nl","Nederlands metadata profiel op ISO 19119 voor services 2.1.0","https://www.nationaalgeoregister.nl/geonetwork/srv/dut/csw?service=CSW&request=GetRecordById&version=2.0.2&outputSchema=http://www.isotc211.org/2005/gmd&elementSetName=full&id=6318009c-7b11-4ab9-9929-735584dfb692#MD_DataIdentification","6318009c-7b11-4ab9-9929-735584dfb692","view"
"b7820c63-715d-4c55-9d77-29e42d89eab1","CBS Existing Land Use (INSPIRE geharmoniseerd) OGC API Features","https://api.pdok.nl/cbs/landuse/ogc/v1","OGC:API features","Beheer PDOK","beheerpdok@kadaster.nl,beheerpdok@kadaster.nl","Nederlands metadata profiel op ISO 19119 voor services 2.1.0","https://nationaalgeoregister.nl/geonetwork/srv/dut/csw?service=CSW&request=GetRecordById&version=2.0.2&outputSchema=http://www.isotc211.org/2005/gmd&elementSetName=full&id=6318009c-7b11-4ab9-9929-735584dfb692#MD_DataIdentification","6318009c-7b11-4ab9-9929-735584dfb692","other"
"823c5f01-5d11-481b-aa5f-e191d129365f","Geografische namen (INSPIRE geharmoniseerd) WMS","https://service.pdok.nl/kadaster/gn/wms/v1_0?request=GetCapabilities&service=WMS","OGC:WMS","Beheer PDOK","beheerpdok@kadaster.nl,beheerpdok@kadaster.nl","Nederlands metadata profiel op ISO 19119 voor services 2.1.0","https://nationaalgeoregister.nl/geonetwork/srv/dut/csw?service=CSW&request=GetRecordById&version=2.0.2&outputSchema=http://www.isotc211.org/2005/gmd&elementSetName=full&id=1a40eb6f-4f33-4e15-a0b1-2d350ad2636e#MD_DataIdentification","1a40eb6f-4f33-4e15-a0b1-2d350ad2636e","view"
"61518417-818c-4b49-92de-20b64510f13e","KRW Grondwaterlichamen (INSPIRE geharmoniseerd) WMS","https://service.pdok.nl/ihw/gebiedsbeheer/krw-grondwaterlichamen/wms/v1_0?SERVICE=WMS&VERSION=1.3.0&request=getcapabilities","OGC:WMS","Beheer PDOK","beheerpdok@kadaster.nl,beheerpdok@kadaster.nl","Nederlands metadata profiel op ISO 19119 voor services 2.1.0","https://www.nationaalgeoregister.nl/geonetwork/srv/dut/csw?service=CSW&request=GetRecordById&version=2.0.2&outputSchema=http://www.isotc211.org/2005/gmd&elementSetName=full&id=e09b134d-b150-4685-9651-bb81d8626cf3#MD_DataIdentification","e09b134d-b150-4685-9651-bb81d8626cf3","view"
"16830927-0127-48b1-b442-55882378cedf","CBS Vierkantstatistieken 100m 2014 WMS","https://service.pdok.nl/cbs/vierkantstatistieken100m/2014/wms/v1_0?request=GetCapabilities&service=WMS","OGC:WMS","Beheer PDOK","beheerpdok@kadaster.nl,beheerpdok@kadaster.nl","Nederlands metadata profiel op ISO 19119 voor services 2.1.0","https://nationaalgeoregister.nl/geonetwork/srv/dut/csw?service=CSW&request=GetRecordById&version=2.0.2&outputSchema=http://www.isotc211.org/2005/gmd&elementSetName=full&id=1462bbce-ccd3-4362-83d8-4535ca8f44eb#MD_DataIdentification","1462bbce-ccd3-4362-83d8-4535ca8f44eb","view"
"aaf53e6f-fe99-4a86-a61c-50b128412d80","Mossel- en oesterhabitats WFS","https://service.pdok.nl/rvo/mosselenoesterhabitats/wfs/v1_0?request=GetCapabilities&service=WFS","OGC:WFS","Beheer PDOK","beheerPDOK@kadaster.nl,beheerPDOK@kadaster.nl","Nederlands metadata profiel op ISO 19119 voor services 2.1.0","https://www.nationaalgeoregister.nl/geonetwork/srv/dut/csw?service=CSW&request=GetRecordById&version=2.0.2&outputSchema=http://www.isotc211.org/2005/gmd&elementSetName=full&id=3d59fd06-9aec-4744-91e7-65e119f74569#MD_DataIdentification","3d59fd06-9aec-4744-91e7-65e119f74569","download"
"a3338f09-2ff5-4edd-9d59-58c70f4b842c","Nationaal Beschermde Gebieden (CDDA) OGC API Features","https://api.pdok.nl/rvo/nationaal-beschermde-gebieden-cdda/ogc/v1","OGC:API features","Beheer PDOK","beheerpdok@kadaster.nl,beheerpdok@kadaster.nl","Nederlands metadata profiel op ISO 19119 voor services 2.1.0","https://nationaalgeoregister.nl/geonetwork/srv/dut/csw?service=CSW&request=GetRecordById&version=2.0.2&outputSchema=http://www.isotc211.org/2005/gmd&elementSetName=full&id=7de447ad-5f8d-43a0-befe-10eb8faa172a#MD_DataIdentification","7de447ad-5f8d-43a0-befe-10eb8faa172a","other"
"c289e67a-0969-44e8-ac89-576fd0af7162","Nuts- en Overheidsdiensten - Riool - Milieu management voorziening - RSA (INSPIRE geharmoniseerd) WMS","https://service.pdok.nl/rws/nutsdiensten-en-overheidsdiensten/riool-milieumanagementvoorzieningen/wms/v1_0?request=GetCapabilities&service=WMS","OGC:WMS","Beheer PDOK","beheerpdok@kadaster.nl,beheerpdok@kadaster.nl","Nederlands metadata profiel op ISO 19119 voor services 2.1.0","https://www.nationaalgeoregister.nl/geonetwork/srv/dut/csw?service=CSW&request=GetRecordById&version=2.0.2&outputSchema=http://www.isotc211.org/2005/gmd&elementSetName=full&id=cefad637-5ffd-4dd0-b475-bc125a11f7ea#MD_DataIdentification","cefad637-5ffd-4dd0-b475-bc125a11f7ea","view"
"e8af7137-b357-4bc7-81d8-fccb8819f4ae","CBS Vierkantstatistieken 500m 2016 WMS","https://service.pdok.nl/cbs/vierkantstatistieken500m/2016/wms/v1_0?request=GetCapabilities&service=WMS","OGC:WMS","Beheer PDOK","beheerpdok@kadaster.nl,beheerpdok@kadaster.nl","Nederlands metadata profiel op ISO 19119 voor services 2.1.0","https://www.nationaalgeoregister.nl/geonetwork/srv/dut/csw?service=CSW&request=GetRecordById&version=2.0.2&outputSchema=http://www.isotc211.org/2005/gmd&elementSetName=full&id=f605a24f-60cd-4c40-94c8-2186aba3ddd0#MD_DataIdentification","f605a24f-60cd-4c40-94c8-2186aba3ddd0","view"
"a57c1e86-becb-4e3f-b0ad-6d02cea5583d","Zwemwaterkwaliteit (Provinciaal en Rijkswateren) (INSPIRE geharmoniseerd) WMS","https://service.pdok.nl/provincies/zwemwaterkwaliteit-provinciaal-rijkswateren/wms/v1_0?request=GetCapabilities&service=WMS","OGC:WMS","Beheer PDOK","beheerpdok@kadaster.nl,beheerpdok@kadaster.nl","Nederlands metadata profiel op ISO 19119 voor services 2.1.0","https://nationaalgeoregister.nl/geonetwork/srv/dut/csw?service=CSW&request=GetRecordById&version=2.0.2&outputSchema=http://www.isotc211.org/2005/gmd&elementSetName=full&id=df5ee213-e1bd-433b-80f7-4ea20f493ca8#MD_DataIdentification","df5ee213-e1bd-433b-80f7-4ea20f493ca8","view"
"98de248e-5500-49f5-8bcc-a0a85939ed84","Vervoersnetwerken - Waterwegen - Netwerk (INSPIRE geharmoniseerd) WMS","https://service.pdok.nl/rws/vervoersnetwerken/waterwegen/wms/v1_0?request=GetCapabilities&service=WMS","OGC:WMS","Beheer PDOK","beheerpdok@kadaster.nl,beheerpdok@kadaster.nl","Nederlands metadata profiel op ISO 19119 voor services 2.1.0","["https:\/\/www.nationaalgeoregister.nl\/geonetwork\/srv\/dut\/csw?service=CSW&request=GetRecordById&version=2.0.2&outputSchema=http:\/\/www.isotc211.org\/2005\/gmd&elementSetName=full&id=cfc800cb-e903-4364-9415-ddd3e0ecf49f#MD_DataIdentification","https:\/\/www.nationaalgeoregister.nl\/geonetwork\/srv\/dut\/csw?service=CSW&request=GetRecordById&version=2.0.2&outputSchema=http:\/\/www.isotc211.org\/2005\/gmd&elementSetName=full&id=cfc800cb-e903-4364-9415-ddd3e0ecf49f#MD_DataIdentification","https:\/\/www.nationaalgeoregister.nl\/geonetwork\/srv\/dut\/csw?service=CSW&request=GetRecordById&version=2.0.2&outputSchema=http:\/\/www.isotc211.org\/2005\/gmd&elementSetName=full&id=cfc800cb-e903-4364-9415-ddd3e0ecf49f#MD_DataIdentification","https:\/\/www.nationaalgeoregister.nl\/geonetwork\/srv\/dut\/csw?service=CSW&request=GetRecordById&version=2.0.2&outputSchema=http:\/\/www.isotc211.org\/2005\/gmd&elementSetName=full&id=cfc800cb-e903-4364-9415-ddd3e0ecf49f#MD_DataIdentification","https:\/\/www.nationaalgeoregister.nl\/geonetwork\/srv\/dut\/csw?service=CSW&request=GetRecordById&version=2.0.2&outputSchema=http:\/\/www.isotc211.org\/2005\/gmd&elementSetName=full&id=cfc800cb-e903-4364-9415-ddd3e0ecf49f#MD_DataIdentification","https:\/\/www.nationaalgeoregister.nl\/geonetwork\/srv\/dut\/csw?service=CSW&request=GetRecordById&version=2.0.2&outputSchema=http:\/\/www.isotc211.org\/2005\/gmd&elementSetName=full&id=cfc800cb-e903-4364-9415-ddd3e0ecf49f#MD_DataIdentification","https:\/\/www.nationaalgeoregister.nl\/geonetwork\/srv\/dut\/csw?service=CSW&request=GetRecordById&version=2.0.2&outputSchema=http:\/\/www.isotc211.org\/2005\/gmd&elementSetName=full&id=cfc800cb-e903-4364-9415-ddd3e0ecf49f#MD_DataIdentification"]","cfc800cb-e903-4364-9415-ddd3e0ecf49f cfc800cb-e903-4364-9415-ddd3e0ecf49f cfc800cb-e903-4364-9415-ddd3e0ecf49f cfc800cb-e903-4364-9415-ddd3e0ecf49f cfc800cb-e903-4364-9415-ddd3e0ecf49f cfc800cb-e903-4364-9415-ddd3e0ecf49f cfc800cb-e903-4364-9415-ddd3e0ecf49f","view"
"871a58f8-c9f1-41a4-be37-0f059e0f886f","Waterschappen Hydrografie (INSPIRE geharmoniseerd) WMS","https://service.pdok.nl/hwh/hydrografie/wms/v2_0?request=GetCapabilities&service=WMS","OGC:WMS","Beheer PDOK","beheerpdok@kadaster.nl,beheerpdok@kadaster.nl","Nederlands metadata profiel op ISO 19119 voor services 2.1.0","["https:\/\/www.nationaalgeoregister.nl\/geonetwork\/srv\/dut\/csw?service=CSW&request=GetRecordById&version=2.0.2&outputSchema=http:\/\/www.isotc211.org\/2005\/gmd&elementSetName=full&id=07575774-57a1-4419-bab4-6c88fdeb02b2#MD_DataIdentification","https:\/\/www.nationaalgeoregister.nl\/geonetwork\/srv\/dut\/csw?service=CSW&request=GetRecordById&version=2.0.2&outputSchema=http:\/\/www.isotc211.org\/2005\/gmd&elementSetName=full&id=07575774-57a1-4419-bab4-6c88fdeb02b2#MD_DataIdentification","https:\/\/www.nationaalgeoregister.nl\/geonetwork\/srv\/dut\/csw?service=CSW&request=GetRecordById&version=2.0.2&outputSchema=http:\/\/www.isotc211.org\/2005\/gmd&elementSetName=full&id=07575774-57a1-4419-bab4-6c88fdeb02b2#MD_DataIdentification","https:\/\/www.nationaalgeoregister.nl\/geonetwork\/srv\/dut\/csw?service=CSW&request=GetRecordById&version=2.0.2&outputSchema=http:\/\/www.isotc211.org\/2005\/gmd&elementSetName=full&id=07575774-57a1-4419-bab4-6c88fdeb02b2#MD_DataIdentification","https:\/\/www.nationaalgeoregister.nl\/geonetwork\/srv\/dut\/csw?service=CSW&request=GetRecordById&version=2.0.2&outputSchema=http:\/\/www.isotc211.org\/2005\/gmd&elementSetName=full&id=07575774-57a1-4419-bab4-6c88fdeb02b2#MD_DataIdentification","https:\/\/www.nationaalgeoregister.nl\/geonetwork\/srv\/dut\/csw?service=CSW&request=GetRecordById&version=2.0.2&outputSchema=http:\/\/www.isotc211.org\/2005\/gmd&elementSetName=full&id=07575774-57a1-4419-bab4-6c88fdeb02b2#MD_DataIdentification","https:\/\/www.nationaalgeoregister.nl\/geonetwork\/srv\/dut\/csw?service=CSW&request=GetRecordById&version=2.0.2&outputSchema=http:\/\/www.isotc211.org\/2005\/gmd&elementSetName=full&id=07575774-57a1-4419-bab4-6c88fdeb02b2#MD_DataIdentification","https:\/\/www.nationaalgeoregister.nl\/geonetwork\/srv\/dut\/csw?service=CSW&request=GetRecordById&version=2.0.2&outputSchema=http:\/\/www.isotc211.org\/2005\/gmd&elementSetName=full&id=07575774-57a1-4419-bab4-6c88fdeb02b2#MD_DataIdentification","https:\/\/www.nationaalgeoregister.nl\/geonetwork\/srv\/dut\/csw?service=CSW&request=GetRecordById&version=2.0.2&outputSchema=http:\/\/www.isotc211.org\/2005\/gmd&elementSetName=full&id=07575774-57a1-4419-bab4-6c88fdeb02b2#MD_DataIdentification"]","07575774-57a1-4419-bab4-6c88fdeb02b2 07575774-57a1-4419-bab4-6c88fdeb02b2 07575774-57a1-4419-bab4-6c88fdeb02b2 07575774-57a1-4419-bab4-6c88fdeb02b2 07575774-57a1-4419-bab4-6c88fdeb02b2 07575774-57a1-4419-bab4-6c88fdeb02b2 07575774-57a1-4419-bab4-6c88fdeb02b2 07575774-57a1-4419-bab4-6c88fdeb02b2 07575774-57a1-4419-bab4-6c88fdeb02b2","view"
"82a98057-861b-4c69-9b8e-fe1a7d7bdd29","Provinciaal Landschapsbeleid - Provincies (INSPIRE geharmoniseerd) WMS","https://service.pdok.nl/provincies/provinciaal-landschapsbeleid/wms/v1_0?request=getcapabilities&service=WMS","OGC:WMS","Beheer PDOK","beheerpdok@kadaster.nl,beheerpdok@kadaster.nl","Nederlands metadata profiel op ISO 19119 voor services 2.1.0","https://nationaalgeoregister.nl/geonetwork/srv/dut/csw?service=CSW&request=GetRecordById&version=2.0.2&outputSchema=http://www.isotc211.org/2005/gmd&elementSetName=full&id=60a2a7c2-d5b3-4ad5-b562-c448695357fb#MD_DataIdentification","60a2a7c2-d5b3-4ad5-b562-c448695357fb","view"
"a2724dae-ebad-4a07-9405-49bddfde3368","Scheepvaart Verkeersscheidingsstelsel Noordzee (Nederlands Continentaal Plat) WFS","https://service.pdok.nl/rws/verkeersscheidingsstelsel/wfs/v1_0?request=GetCapabilities&service=WFS","OGC:WFS","Beheer PDOK","beheerpdok@kadaster.nl,beheerpdok@kadaster.nl","Nederlands metadata profiel op ISO 19119 voor services 2.1.0","["https:\/\/www.nationaalgeoregister.nl\/geonetwork\/srv\/dut\/csw?service=CSW&request=GetRecordById&version=2.0.2&outputSchema=http:\/\/www.isotc211.org\/2005\/gmd&elementSetName=full&id=5996e444-f7f3-40d2-b485-8b9af6e8aa89#MD_DataIdentification","https:\/\/www.nationaalgeoregister.nl\/geonetwork\/srv\/dut\/csw?service=CSW&request=GetRecordById&version=2.0.2&outputSchema=http:\/\/www.isotc211.org\/2005\/gmd&elementSetName=full&id=5996e444-f7f3-40d2-b485-8b9af6e8aa89#MD_DataIdentification","https:\/\/www.nationaalgeoregister.nl\/geonetwork\/srv\/dut\/csw?service=CSW&request=GetRecordById&version=2.0.2&outputSchema=http:\/\/www.isotc211.org\/2005\/gmd&elementSetName=full&id=5996e444-f7f3-40d2-b485-8b9af6e8aa89#MD_DataIdentification","https:\/\/www.nationaalgeoregister.nl\/geonetwork\/srv\/dut\/csw?service=CSW&request=GetRecordById&version=2.0.2&outputSchema=http:\/\/www.isotc211.org\/2005\/gmd&elementSetName=full&id=5996e444-f7f3-40d2-b485-8b9af6e8aa89#MD_DataIdentification","https:\/\/www.nationaalgeoregister.nl\/geonetwork\/srv\/dut\/csw?service=CSW&request=GetRecordById&version=2.0.2&outputSchema=http:\/\/www.isotc211.org\/2005\/gmd&elementSetName=full&id=5996e444-f7f3-40d2-b485-8b9af6e8aa89#MD_DataIdentification"]","5996e444-f7f3-40d2-b485-8b9af6e8aa89 5996e444-f7f3-40d2-b485-8b9af6e8aa89 5996e444-f7f3-40d2-b485-8b9af6e8aa89 5996e444-f7f3-40d2-b485-8b9af6e8aa89 5996e444-f7f3-40d2-b485-8b9af6e8aa89","other"
"c0efb5f0-1595-4259-b72c-6a3f2eedc110","Vaarweg Netwerk Data Service - bevaarbaarheid OGC API Features","https://api.pdok.nl/rws/vaarweg-netwerk-data-service-bevaarbaarheid/ogc/v1","OGC:API features","Beheer PDOK","beheerpdok@kadaster.nl,beheerpdok@kadaster.nl","Nederlands metadata profiel op ISO 19119 voor services 2.1.0","https://nationaalgeoregister.nl/geonetwork/srv/dut/csw?service=CSW&request=GetRecordById&version=2.0.2&outputSchema=http://www.isotc211.org/2005/gmd&elementSetName=full&id=831f7bd7-c2ae-4336-bd2f-47ab20d7cdb7#MD_DataIdentification","831f7bd7-c2ae-4336-bd2f-47ab20d7cdb7","other"
"6f938914-3ef6-4a88-beb4-9b1e72e869d3","NWB - Vaarwegen (Nationaal Wegen Bestand) OGC API Features","https://api.pdok.nl/rws/nationaal-wegenbestand-vaarwegen/ogc/v1","OGC:API features","Beheer PDOK","beheerpdok@kadaster.nl,beheerpdok@kadaster.nl","Nederlands metadata profiel op ISO 19119 voor services 2.1.0","https://nationaalgeoregister.nl/geonetwork/srv/dut/csw?service=CSW&request=GetRecordById&version=2.0.2&outputSchema=http://www.isotc211.org/2005/gmd&elementSetName=full&id=00d8c7c8-98ff-4b06-8f53-b44216e6e75c#MD_DataIdentification","00d8c7c8-98ff-4b06-8f53-b44216e6e75c","other"
"b196f948-5d87-4eb4-9854-a93841c3877f","Spreiding van soorten - Invasieve Exoten (INSPIRE geharmoniseerd) WMS","https://service.pdok.nl/rvo/spreiding-van-soorten/invasieve-exoten/wms/v1_0?request=GetCapabilities&service=WMS","OGC:WMS","Beheer PDOK","beheerpdok@kadaster.nl,beheerpdok@kadaster.nl","Nederlands metadata profiel op ISO 19119 voor services 2.1.0","https://nationaalgeoregister.nl/geonetwork/srv/dut/csw?service=CSW&request=GetRecordById&version=2.0.2&outputSchema=http://www.isotc211.org/2005/gmd&elementSetName=full&id=3703b249-a0eb-484e-ba7a-10e31a55bcec#MD_DataIdentification","3703b249-a0eb-484e-ba7a-10e31a55bcec","view"
"8924a73f-0883-4432-af7e-f6823e098fdc","CBS Gebiedsindelingen 2023 WFS","https://service.pdok.nl/cbs/gebiedsindelingen/2023/wfs/v1_0?request=GetCapabilities&service=WFS","OGC:WFS","Beheer PDOK","beheerpdok@kadaster.nl,beheerpdok@kadaster.nl","Nederlands metadata profiel op ISO 19119 voor services 2.1.0","https://www.nationaalgeoregister.nl/geonetwork/srv/dut/csw?service=CSW&request=GetRecordById&version=2.0.2&outputSchema=http://www.isotc211.org/2005/gmd&elementSetName=full&id=effe1ab0-073d-437c-af13-df5c5e07d6cd#MD_DataIdentification","effe1ab0-073d-437c-af13-df5c5e07d6cd","other"
"bbdbf836-590b-46bf-88d1-14550a2e1cb1","CBS Vierkantstatistieken 500m 2015 WFS","https://service.pdok.nl/cbs/vierkantstatistieken500m/2015/wfs/v1_0?request=GetCapabilities&service=WFS","OGC:WFS","Beheer PDOK","beheerpdok@kadaster.nl,beheerpdok@kadaster.nl","Nederlands metadata profiel op ISO 19119 voor services 2.1.0","https://www.nationaalgeoregister.nl/geonetwork/srv/dut/csw?service=CSW&request=GetRecordById&version=2.0.2&outputSchema=http://www.isotc211.org/2005/gmd&elementSetName=full&id=f605a24f-60cd-4c40-94c8-2186aba3ddd0#MD_DataIdentification","f605a24f-60cd-4c40-94c8-2186aba3ddd0","other"
"a2cc9d14-1eea-4659-b341-735d94b29902","Natura 2000 (INSPIRE geharmoniseerd) WFS","https://service.pdok.nl/rvo/beschermde-gebieden/natura2000/wfs/v2_0?request=GetCapabilities&service=WFS","OGC:WFS","Beheer PDOK","beheerpdok@kadaster.nl,beheerpdok@kadaster.nl","Nederlands metadata profiel op ISO 19119 voor services 2.1.0","https://www.nationaalgeoregister.nl/geonetwork/srv/dut/csw?service=CSW&request=GetRecordById&version=2.0.2&outputSchema=http://www.isotc211.org/2005/gmd&elementSetName=full&id=280ed37a-b8d2-4ac5-8567-04d84fad3a41#MD_DataIdentification","280ed37a-b8d2-4ac5-8567-04d84fad3a41","other"
"2d46d4dc-efd5-493b-8152-60b18ef58ca6","CBS Wijken en Buurten 2023 versie 2 OGC API Features","https://api.pdok.nl/cbs/wijken-en-buurten-2023/ogc/v1","OGC:API features","Beheer PDOK","beheerpdok@kadaster.nl,beheerpdok@kadaster.nl","Nederlands metadata profiel op ISO 19119 voor services 2.1.0","https://nationaalgeoregister.nl/geonetwork/srv/dut/csw?service=CSW&request=GetRecordById&version=2.0.2&outputSchema=http://www.isotc211.org/2005/gmd&elementSetName=full&id=9f0b4396-90d6-4be2-aa4e-dc52942b845a#MD_DataIdentification","9f0b4396-90d6-4be2-aa4e-dc52942b845a","other"
"3d143d7a-7599-4cda-bcc5-619b6201c47b","Begrenzingen van vergunde ontgrondingsgebieden voor zand- en grindwinning (INSPIRE geharmoniseerd) WMS","https://service.pdok.nl/provincies/begrenzingen-vergunde-ontgrondingsgebieden-zand-grindwinning/wms/v1_0?request=GetCapabilities&service=WMS","OGC:WMS","Beheer PDOK","beheerpdok@kadaster.nl,beheerpdok@kadaster.nl","Nederlands metadata profiel op ISO 19119 voor services 2.1.0","https://nationaalgeoregister.nl/geonetwork/srv/dut/csw?service=CSW&request=GetRecordById&version=2.0.2&outputSchema=http://www.isotc211.org/2005/gmd&elementSetName=full&id=58e7dc38-a498-4852-b4ef-908f5baa9056#MD_DataIdentification","58e7dc38-a498-4852-b4ef-908f5baa9056","view"
"180b6682-5d6f-429d-abb7-32f7d6253787","Windsnelheden op 100m hoogte (m/s) WFS","https://service.pdok.nl/rvo/windkaart/wfs/v1_0?request=getcapabilities&service=wfs","OGC:WFS","Beheer PDOK","beheerPDOK@kadaster.nl,beheerPDOK@kadaster.nl","Nederlands metadata profiel op ISO 19119 voor services 2.1.0","http://nationaalgeoregister.nl/geonetwork/srv/dut/csw?service=CSW&version=2.0.2&request=GetRecordById&outputschema=http://www.isotc211.org/2005/gmd&elementsetname=full&id=d845cef6-0e23-4212-a951-b69763e39ef0#MD_DataIdentification","d845cef6-0e23-4212-a951-b69763e39ef0","other"
"54361b1e-ccea-4121-9616-fcdc9e5f2877","BRO - Geotechnisch sondeeronderzoek (CPT) - Geologie (INSPIRE geharmoniseerd) WMS","https://service.pdok.nl/bzk/geologie/bro-geotechnisch-sondeeronderzoek/wms/v1_0?request=GetCapabilities&service=WMS","OGC:WMS","Beheer PDOK","beheerpdok@kadaster.nl,beheerpdok@kadaster.nl","Nederlands metadata profiel op ISO 19119 voor services 2.1.0","https://www.nationaalgeoregister.nl/geonetwork/srv/dut/csw?service=CSW&request=GetRecordById&version=2.0.2&outputSchema=http://www.isotc211.org/2005/gmd&elementSetName=full&id=838e6339-1c0d-461b-bc0b-a5eeaa2c3648#MD_DataIdentification","838e6339-1c0d-461b-bc0b-a5eeaa2c3648","view"
"f5daab11-ac77-4e71-b864-8bd4bbb26804","Nationaal Beschermde Gebieden (CDDA) WMS","https://service.pdok.nl/rvo/cdda/wms/v1_0?request=GetCapabilities&service=WMS","OGC:WMS","Beheer PDOK","beheerpdok@kadaster.nl,beheerpdok@kadaster.nl","Nederlands metadata profiel op ISO 19119 voor services 2.1.0","https://www.nationaalgeoregister.nl/geonetwork/srv/dut/csw?service=CSW&request=GetRecordById&version=2.0.2&outputSchema=http://www.isotc211.org/2005/gmd&elementSetName=full&id=7de447ad-5f8d-43a0-befe-10eb8faa172a#MD_DataIdentification","7de447ad-5f8d-43a0-befe-10eb8faa172a","view"
"1ce74355-763a-481d-b9d7-aaafbf0d7d53","Habitatrichtlijn verspreiding van soorten WMS","https://service.pdok.nl/rvo/habitatrichtlijnsoorten/wms/v1_0?request=GetCapabilities&service=WMS","OGC:WMS","Beheer PDOK","beheerpdok@kadaster.nl,beheerpdok@kadaster.nl","Nederlands metadata profiel op ISO 19119 voor services 2.1.0","https://nationaalgeoregister.nl/geonetwork/srv/dut/csw?service=CSW&request=GetRecordById&version=2.0.2&outputSchema=http://www.isotc211.org/2005/gmd&elementSetName=full&id=28c4780a-1a44-4376-b283-14a50a481729#MD_DataIdentification","28c4780a-1a44-4376-b283-14a50a481729","view"
"b3b7b405-00d2-4bda-b237-1fa9618dc9ab","CBS Vierkantstatistieken 500m 2002 WMS","https://service.pdok.nl/cbs/vierkantstatistieken500m/2002/wms/v1_0?request=GetCapabilities&service=WMS","OGC:WMS","Beheer PDOK","beheerpdok@kadaster.nl,beheerpdok@kadaster.nl","Nederlands metadata profiel op ISO 19119 voor services 2.1.0","https://www.nationaalgeoregister.nl/geonetwork/srv/dut/csw?service=CSW&request=GetRecordById&version=2.0.2&outputSchema=http://www.isotc211.org/2005/gmd&elementSetName=full&id=f605a24f-60cd-4c40-94c8-2186aba3ddd0#MD_DataIdentification","f605a24f-60cd-4c40-94c8-2186aba3ddd0","view"
"75c92c7d-1d04-4e4c-96da-1286b886a92e","CBS Vierkantstatistieken 100m 2005 WFS","https://service.pdok.nl/cbs/vierkantstatistieken100m/2005/wfs/v1_0?request=GetCapabilities&service=WFS","OGC:WFS","Beheer PDOK","beheerpdok@kadaster.nl,beheerpdok@kadaster.nl","Nederlands metadata profiel op ISO 19119 voor services 2.1.0","https://nationaalgeoregister.nl/geonetwork/srv/dut/csw?service=CSW&request=GetRecordById&version=2.0.2&outputSchema=http://www.isotc211.org/2005/gmd&elementSetName=full&id=1462bbce-ccd3-4362-83d8-4535ca8f44eb#MD_DataIdentification","1462bbce-ccd3-4362-83d8-4535ca8f44eb","other"
"4d6cda23-d1a8-4ccc-85ed-9880bba9e82f","CBS Gebiedsindelingen 2024 WMS","https://service.pdok.nl/cbs/gebiedsindelingen/2024/wms/v1_0?request=GetCapabilities&service=WMS","OGC:WMS","Beheer PDOK","beheerpdok@kadaster.nl,beheerpdok@kadaster.nl","Nederlands metadata profiel op ISO 19119 voor services 2.1.0","https://www.nationaalgeoregister.nl/geonetwork/srv/dut/csw?service=CSW&request=GetRecordById&version=2.0.2&outputSchema=http://www.isotc211.org/2005/gmd&elementSetName=full&id=effe1ab0-073d-437c-af13-df5c5e07d6cd#MD_DataIdentification","effe1ab0-073d-437c-af13-df5c5e07d6cd","view"
"b87a0095-2ad7-4dbb-81a1-fed060df79e1","Nationale Parken WFS","https://service.pdok.nl/rvo/nationaleparken/wfs/v2_0?request=GetCapabilities&service=WFS","OGC:WFS","Beheer PDOK","beheerpdok@kadaster.nl,beheerpdok@kadaster.nl","Nederlands metadata profiel op ISO 19119 voor services 2.1.0","https://www.nationaalgeoregister.nl/geonetwork/srv/dut/csw?service=CSW&request=GetRecordById&version=2.0.2&outputSchema=http://www.isotc211.org/2005/gmd&elementSetName=full&id=4961d305-fbb5-426a-9ba3-53e1ca5f3b18#MD_DataIdentification","4961d305-fbb5-426a-9ba3-53e1ca5f3b18","download"
"40f04047-3b61-40eb-b026-c1a0caa71881","Potentiekaart reststromen WFS","https://service.pdok.nl/rvo/potentiekaart-reststromen/wfs/v1_0?request=GetCapabilities&service=wfs","OGC:WFS","Beheer PDOK","beheerPDOK@kadaster.nl,beheerPDOK@kadaster.nl","Nederlands metadata profiel op ISO 19119 voor services 2.1.0","http://nationaalgeoregister.nl/geonetwork/srv/dut/csw?service=CSW&version=2.0.2&request=GetRecordById&outputschema=http://www.isotc211.org/2005/gmd&elementsetname=full&id=24eb504e-f5f3-4ecf-b760-cc5630e82a57#MD_DataIdentification","24eb504e-f5f3-4ecf-b760-cc5630e82a57","other"
"31a92174-2bd1-4f56-a8d5-b1d05c40b149","Habitatrichtlijn verspreiding van habitattypen OGC API Features","https://api.pdok.nl/rvo/habitatrichtlijn-verspreiding-typen/ogc/v1","OGC:API features","Beheer PDOK","beheerpdok@kadaster.nl,beheerpdok@kadaster.nl","Nederlands metadata profiel op ISO 19119 voor services 2.1.0","https://nationaalgeoregister.nl/geonetwork/srv/dut/csw?service=CSW&request=GetRecordById&version=2.0.2&outputSchema=http://www.isotc211.org/2005/gmd&elementSetName=full&id=977e0e94-7aa9-4784-b2da-eaec44adb61b#MD_DataIdentification","977e0e94-7aa9-4784-b2da-eaec44adb61b","other"
"b0119753-5625-4500-9df3-13823ff9868f","Habitatrichtlijn verspreiding van habitattypen WMS","https://service.pdok.nl/rvo/habitatrichtlijntypen/wms/v1_0?request=GetCapabilities&service=WMS","OGC:WMS","Beheer PDOK","beheerpdok@kadaster.nl,beheerpdok@kadaster.nl","Nederlands metadata profiel op ISO 19119 voor services 2.1.0","https://nationaalgeoregister.nl/geonetwork/srv/dut/csw?service=CSW&request=GetRecordById&version=2.0.2&outputSchema=http://www.isotc211.org/2005/gmd&elementSetName=full&id=977e0e94-7aa9-4784-b2da-eaec44adb61b#MD_DataIdentification","977e0e94-7aa9-4784-b2da-eaec44adb61b","view"
"a4ea8ba6-9918-42c0-85eb-1352ba926d24","CBS Vierkantstatistieken 500m 2023 WMS","https://service.pdok.nl/cbs/vierkantstatistieken500m/2023/wms/v1_0?request=GetCapabilities&service=WMS","OGC:WMS","Beheer PDOK","beheerpdok@kadaster.nl,beheerpdok@kadaster.nl","Nederlands metadata profiel op ISO 19119 voor services 2.1.0","https://nationaalgeoregister.nl/geonetwork/srv/dut/csw?service=CSW&request=GetRecordById&version=2.0.2&outputSchema=http://www.isotc211.org/2005/gmd&elementSetName=full&id=f605a24f-60cd-4c40-94c8-2186aba3ddd0#MD_DataIdentification","f605a24f-60cd-4c40-94c8-2186aba3ddd0","view"
"ffd9ba80-e7b2-4b1c-9594-2d16c98b05ec","CBS Vierkantstatistieken 100m 2023 WMS","https://service.pdok.nl/cbs/vierkantstatistieken100m/2023/wms/v1_0?request=GetCapabilities&service=WMS","OGC:WMS","Beheer PDOK","beheerpdok@kadaster.nl,beheerpdok@kadaster.nl","Nederlands metadata profiel op ISO 19119 voor services 2.1.0","https://nationaalgeoregister.nl/geonetwork/srv/dut/csw?service=CSW&request=GetRecordById&version=2.0.2&outputSchema=http://www.isotc211.org/2005/gmd&elementSetName=full&id=1462bbce-ccd3-4362-83d8-4535ca8f44eb#MD_DataIdentification","1462bbce-ccd3-4362-83d8-4535ca8f44eb","view"
"bdcb3d90-5765-4ca8-9420-8d1f136e686a","CBS Vierkantstatistieken 500m 2023 WFS","https://service.pdok.nl/cbs/vierkantstatistieken500m/2023/wfs/v1_0?request=GetCapabilities&service=WFS","OGC:WFS","Beheer PDOK","beheerpdok@kadaster.nl,beheerpdok@kadaster.nl","Nederlands metadata profiel op ISO 19119 voor services 2.1.0","https://nationaalgeoregister.nl/geonetwork/srv/dut/csw?service=CSW&request=GetRecordById&version=2.0.2&outputSchema=http://www.isotc211.org/2005/gmd&elementSetName=full&id=f605a24f-60cd-4c40-94c8-2186aba3ddd0#MD_DataIdentification","f605a24f-60cd-4c40-94c8-2186aba3ddd0","other"
"b7321385-1ac8-40bb-9506-56823e0496a7","Faciliteiten voor productie en industrie - Productiefaciliteiten - REV (INSPIRE geharmoniseerd) WMS","https://service.pdok.nl/rws/faciliteiten-voor-productie-en-industrie/productiefaciliteiten/wms/v1_0?request=GetCapabilities&service=WMS","OGC:WMS","Beheer PDOK","beheerpdok@kadaster.nl,beheerpdok@kadaster.nl","Nederlands metadata profiel op ISO 19119 voor services 2.1.0","["https:\/\/www.nationaalgeoregister.nl\/geonetwork\/srv\/dut\/csw?service=CSW&request=GetRecordById&version=2.0.2&outputSchema=http:\/\/www.isotc211.org\/2005\/gmd&elementSetName=full&id=3d27178e-ecff-4977-b30e-5231634cd596#MD_DataIdentification","https:\/\/www.nationaalgeoregister.nl\/geonetwork\/srv\/dut\/csw?service=CSW&request=GetRecordById&version=2.0.2&outputSchema=http:\/\/www.isotc211.org\/2005\/gmd&elementSetName=full&id=3d27178e-ecff-4977-b30e-5231634cd596#MD_DataIdentification","https:\/\/www.nationaalgeoregister.nl\/geonetwork\/srv\/dut\/csw?service=CSW&request=GetRecordById&version=2.0.2&outputSchema=http:\/\/www.isotc211.org\/2005\/gmd&elementSetName=full&id=3d27178e-ecff-4977-b30e-5231634cd596#MD_DataIdentification","https:\/\/www.nationaalgeoregister.nl\/geonetwork\/srv\/dut\/csw?service=CSW&request=GetRecordById&version=2.0.2&outputSchema=http:\/\/www.isotc211.org\/2005\/gmd&elementSetName=full&id=3d27178e-ecff-4977-b30e-5231634cd596#MD_DataIdentification","https:\/\/www.nationaalgeoregister.nl\/geonetwork\/srv\/dut\/csw?service=CSW&request=GetRecordById&version=2.0.2&outputSchema=http:\/\/www.isotc211.org\/2005\/gmd&elementSetName=full&id=3d27178e-ecff-4977-b30e-5231634cd596#MD_DataIdentification","https:\/\/www.nationaalgeoregister.nl\/geonetwork\/srv\/dut\/csw?service=CSW&request=GetRecordById&version=2.0.2&outputSchema=http:\/\/www.isotc211.org\/2005\/gmd&elementSetName=full&id=3d27178e-ecff-4977-b30e-5231634cd596#MD_DataIdentification"]","3d27178e-ecff-4977-b30e-5231634cd596 3d27178e-ecff-4977-b30e-5231634cd596 3d27178e-ecff-4977-b30e-5231634cd596 3d27178e-ecff-4977-b30e-5231634cd596 3d27178e-ecff-4977-b30e-5231634cd596 3d27178e-ecff-4977-b30e-5231634cd596","view"
"30ea6a84-4aaf-4b08-803f-a84cc2d3784a","CBS Vierkantstatistieken 100m 2023 WFS","https://service.pdok.nl/cbs/vierkantstatistieken100m/2023/wfs/v1_0?request=GetCapabilities&service=WFS","OGC:WFS","Beheer PDOK","beheerpdok@kadaster.nl,beheerpdok@kadaster.nl","Nederlands metadata profiel op ISO 19119 voor services 2.1.0","https://nationaalgeoregister.nl/geonetwork/srv/dut/csw?service=CSW&request=GetRecordById&version=2.0.2&outputSchema=http://www.isotc211.org/2005/gmd&elementSetName=full&id=1462bbce-ccd3-4362-83d8-4535ca8f44eb#MD_DataIdentification","1462bbce-ccd3-4362-83d8-4535ca8f44eb","other"
"e258f171-6f56-4d4d-8311-027b30213c2d","Kadastrale Percelen (INSPIRE geharmoniseerd) WMS","https://service.pdok.nl/kadaster/cp/wms/v1_0?request=GetCapabilities&service=WMS","OGC:WMS","Beheer PDOK","beheerpdok@kadaster.nl,beheerpdok@kadaster.nl","Nederlands metadata profiel op ISO 19119 voor services 2.1.0","https://www.nationaalgeoregister.nl/geonetwork/srv/dut/csw?service=CSW&request=GetRecordById&version=2.0.2&outputSchema=http://www.isotc211.org/2005/gmd&elementSetName=full&id=e80ad426-1392-4349-9f80-14dae5f1bf57#MD_DataIdentification","e80ad426-1392-4349-9f80-14dae5f1bf57","view"
"4a3a58eb-3956-4477-8715-52214d84e8ca","CBS Vierkantstatistieken 500m 2003 WFS","https://service.pdok.nl/cbs/vierkantstatistieken500m/2003/wfs/v1_0?request=GetCapabilities&service=WFS","OGC:WFS","Beheer PDOK","beheerpdok@kadaster.nl,beheerpdok@kadaster.nl","Nederlands metadata profiel op ISO 19119 voor services 2.1.0","https://www.nationaalgeoregister.nl/geonetwork/srv/dut/csw?service=CSW&request=GetRecordById&version=2.0.2&outputSchema=http://www.isotc211.org/2005/gmd&elementSetName=full&id=f605a24f-60cd-4c40-94c8-2186aba3ddd0#MD_DataIdentification","f605a24f-60cd-4c40-94c8-2186aba3ddd0","other"
"972edbaa-f860-4c48-b449-4f238a263472","Potentiekaart Restwarmte WFS","https://service.pdok.nl/rvo/restwarmte/wfs/v1_0?request=GetCapabilities&service=WFS","OGC:WFS","Beheer PDOK","beheerPDOK@kadaster.nl,beheerPDOK@kadaster.nl","Nederlands metadata profiel op ISO 19119 voor services 2.1.0","https://www.nationaalgeoregister.nl/geonetwork/srv/dut/csw?service=CSW&request=GetRecordById&version=2.0.2&outputSchema=http://www.isotc211.org/2005/gmd&elementSetName=full&id=d6b85d84-cdb9-4a6e-b799-cf8826e22a94#MD_DataIdentification","d6b85d84-cdb9-4a6e-b799-cf8826e22a94","other"
"5658e9c0-f3ad-4d11-bfc8-3ecde1d4b529","Nuts- en Overheidsdiensten - Riool - Leidingelementen - RSA (INSPIRE geharmoniseerd) OGC API Features","https://api.pdok.nl/rws/rioolnetwerk-leidingelementen/ogc/v1/","OGC:API features","Beheer PDOK","beheerpdok@kadaster.nl,beheerpdok@kadaster.nl","Nederlands metadata profiel op ISO 19119 voor services 2.1.0","https://nationaalgeoregister.nl/geonetwork/srv/dut/csw?service=CSW&request=GetRecordById&version=2.0.2&outputSchema=http://www.isotc211.org/2005/gmd&elementSetName=full&id=917b5ba0-4fdd-4654-8c18-b3ccdadaa55a#MD_DataIdentification","917b5ba0-4fdd-4654-8c18-b3ccdadaa55a","other"
"ecd65d6f-0249-4c60-85b9-5fd87fbe60c8","CBS Wijken en Buurten 2022 versie 3 WMS","https://service.pdok.nl/cbs/wijkenbuurten/2022/wms/v1_0?request=GetCapabilities&service=WMS","OGC:WMS","Beheer PDOK","beheerpdok@kadaster.nl,beheerpdok@kadaster.nl","Nederlands metadata profiel op ISO 19119 voor services 2.1.0","https://www.nationaalgeoregister.nl/geonetwork/srv/dut/csw?service=CSW&request=GetRecordById&version=2.0.2&outputSchema=http://www.isotc211.org/2005/gmd&elementSetName=full&id=70c52fd8-6b2e-42aa-873a-742711903243#MD_DataIdentification","70c52fd8-6b2e-42aa-873a-742711903243","view"
"23708dc7-0f29-485c-aaa2-2b7266124b2b","CBS Gebiedsindelingen 2025 WFS","https://service.pdok.nl/cbs/gebiedsindelingen/2025/wfs/v1_0?request=GetCapabilities&service=WFS","OGC:WFS","Beheer PDOK","beheerpdok@kadaster.nl,beheerpdok@kadaster.nl","Nederlands metadata profiel op ISO 19119 voor services 2.1.0","https://www.nationaalgeoregister.nl/geonetwork/srv/dut/csw?service=CSW&request=GetRecordById&version=2.0.2&outputSchema=http://www.isotc211.org/2005/gmd&elementSetName=full&id=effe1ab0-073d-437c-af13-df5c5e07d6cd#MD_DataIdentification","effe1ab0-073d-437c-af13-df5c5e07d6cd","other"
"d7d19437-f875-45b3-86cd-2fa3335479ec","Nationale Parken (INSPIRE geharmoniseerd) WFS","https://service.pdok.nl/rvo/beschermde-gebieden/nationaleparken/wfs/v1_0?request=GetCapabilities&service=WFS","OGC:WFS","Beheer PDOK","beheerPDOK@kadaster.nl,beheerPDOK@kadaster.nl","Nederlands metadata profiel op ISO 19119 voor services 2.1.0","http://nationaalgeoregister.nl/geonetwork/srv/dut/csw?service=CSW&version=2.0.2&request=GetRecordById&outputschema=http://www.isotc211.org/2005/gmd&elementsetname=full&id=247a1d15-0a67-40ce-85be-1403c08f15a8#MD_DataIdentification","247a1d15-0a67-40ce-85be-1403c08f15a8","other"
"7112b294-3dfe-438e-a808-9bc0c9c7a29a","Gebouwen (INSPIRE geharmoniseerd) WFS","https://service.pdok.nl/kadaster/bu/wfs/v1_0?request=GetCapabilities&service=WFS","OGC:WFS","Beheer PDOK","beheerpdok@kadaster.nl,beheerpdok@kadaster.nl","Nederlands metadata profiel op ISO 19119 voor services 2.1.0","https://www.nationaalgeoregister.nl/geonetwork/srv/dut/csw?service=CSW&request=GetRecordById&version=2.0.2&outputSchema=http://www.isotc211.org/2005/gmd&elementSetName=full&id=b4ae622c-6201-49d8-bd2e-f7fce9206a1e#MD_DataIdentification","b4ae622c-6201-49d8-bd2e-f7fce9206a1e","other"
"8d3a1f10-7719-4944-ab87-9057198bcdd7","BRO - Grondwatermonitoringput (GMW) - Geologie (INSPIRE geharmoniseerd) WMS","https://service.pdok.nl/bzk/geologie/bro-grondwatermonitoringput/wms/v1_0?request=getcapabilities&service=WMS","OGC:WMS","Beheer PDOK","beheerpdok@kadaster.nl,beheerpdok@kadaster.nl","Nederlands metadata profiel op ISO 19119 voor services 2.1.0","https://www.nationaalgeoregister.nl/geonetwork/srv/dut/csw?service=CSW&request=GetRecordById&version=2.0.2&outputSchema=http://www.isotc211.org/2005/gmd&elementSetName=full&id=851fc968-137e-11eb-adc1-0242ac120002#MD_DataIdentification","851fc968-137e-11eb-adc1-0242ac120002","view"
"ab9f8fd0-8465-4071-bbe4-5446736afcf7","Population Distribution (INSPIRE geharmoniseerd) OGC API Features","https://api.pdok.nl/cbs/population-distribution/ogc/v1","OGC:API features","Beheer PDOK","beheerpdok@kadaster.nl,beheerpdok@kadaster.nl","Nederlands metadata profiel op ISO 19119 voor services 2.1.0","https://www.nationaalgeoregister.nl/geonetwork/srv/dut/csw?service=CSW&request=GetRecordById&version=2.0.2&outputSchema=http://www.isotc211.org/2005/gmd&elementSetName=full&id=76541ebb-a554-4540-a017-399d4bb4a860#MD_DataIdentification","76541ebb-a554-4540-a017-399d4bb4a860","other"
"75bb7062-0244-4faf-8c7d-a7a53131a044","Nationaal Beschermde Gebieden (CDDA) WFS","https://service.pdok.nl/rvo/cdda/wfs/v1_0?request=GetCapabilities&service=WFS","OGC:WFS","Beheer PDOK","beheerpdok@kadaster.nl,beheerpdok@kadaster.nl","Nederlands metadata profiel op ISO 19119 voor services 2.1.0","https://www.nationaalgeoregister.nl/geonetwork/srv/dut/csw?service=CSW&request=GetRecordById&version=2.0.2&outputSchema=http://www.isotc211.org/2005/gmd&elementSetName=full&id=7de447ad-5f8d-43a0-befe-10eb8faa172a#MD_DataIdentification","7de447ad-5f8d-43a0-befe-10eb8faa172a","other"
"67c89d56-1d24-4484-9b15-191577d95ff2","Hoofd Luchtvervoersnetwerk - richtlijn omgevingslawaai (INSPIRE geharmoniseerd) WFS","https://service.pdok.nl/ienw/vervoersnetwerken/hoofd-luchtvervoersnetwerk-richtlijn-omgevingslawaai/wfs/v1_0?request=getcapabilities&service=wfs","OGC:WFS","Beheer PDOK","beheerpdok@kadaster.nl,beheerpdok@kadaster.nl","Nederlands metadata profiel op ISO 19119 voor services 2.1.0","https://www.nationaalgeoregister.nl/geonetwork/srv/dut/csw?service=CSW&request=GetRecordById&version=2.0.2&outputSchema=http://www.isotc211.org/2005/gmd&elementSetName=full&id=9f876090-9ee4-4a72-8d04-cc8d5a253876#MD_DataIdentification","9f876090-9ee4-4a72-8d04-cc8d5a253876","other"
"2e5571fb-c840-4d84-8224-62ee7293b2b3","Grondwaterbeschermingsgebieden (INSPIRE geharmoniseerd) WMS","https://service.pdok.nl/provincies/grondwaterbeschermingsgebieden/wms/v1_0?request=getcapabilities&service=WMS","OGC:WMS","Beheer PDOK","beheerpdok@kadaster.nl,beheerpdok@kadaster.nl","Nederlands metadata profiel op ISO 19119 voor services 2.1.0","https://www.nationaalgeoregister.nl/geonetwork/srv/dut/csw?service=CSW&request=GetRecordById&version=2.0.2&outputSchema=http://www.isotc211.org/2005/gmd&elementSetName=full&id=666554ed-5106-487d-b4bf-69fbd888a6d7#MD_DataIdentification","666554ed-5106-487d-b4bf-69fbd888a6d7","view"
"7c77bdc8-5011-4139-8957-d244fb9d3489","NWB - Vaarwegen (Nationaal Wegen Bestand) WFS","https://service.pdok.nl/rws/nwbvaarwegen/wfs/v1_0?request=GetCapabilities&service=WFS","OGC:WFS","Beheer PDOK","beheerpdok@kadaster.nl,beheerpdok@kadaster.nl","Nederlands metadata profiel op ISO 19119 voor services 2.1.0","["https:\/\/www.nationaalgeoregister.nl\/geonetwork\/srv\/dut\/csw?service=CSW&request=GetRecordById&version=2.0.2&outputSchema=http:\/\/www.isotc211.org\/2005\/gmd&elementSetName=full&id=00d8c7c8-98ff-4b06-8f53-b44216e6e75c#MD_DataIdentification","https:\/\/www.nationaalgeoregister.nl\/geonetwork\/srv\/dut\/csw?service=CSW&request=GetRecordById&version=2.0.2&outputSchema=http:\/\/www.isotc211.org\/2005\/gmd&elementSetName=full&id=00d8c7c8-98ff-4b06-8f53-b44216e6e75c#MD_DataIdentification"]","00d8c7c8-98ff-4b06-8f53-b44216e6e75c 00d8c7c8-98ff-4b06-8f53-b44216e6e75c","other"
"918388cf-9d8c-4264-b108-3e375bde0d52","Vaarwegmarkeringen Nederland WMS","https:\/\/service.pdok.nl\/rws\/vaarwegmarkeringennld\/wms\/v1_0?request=GetCapabilities&service=WMS","["OGC:WMS","OGC:WMS"]","Beheer PDOK","beheerPDOK@kadaster.nl,beheerPDOK@kadaster.nl","Nederlands metadata profiel op ISO 19119 voor services 2.1.0","https://www.nationaalgeoregister.nl/geonetwork/srv/dut/csw?service=CSW&request=GetRecordById&version=2.0.2&outputSchema=http://www.isotc211.org/2005/gmd&elementSetName=full&id=be1b1514-8d1f-48e1-9624-fee9b784138b#MD_DataIdentification","be1b1514-8d1f-48e1-9624-fee9b784138b","view"
"82677435-ce93-4a79-94dd-bbc87fb61f36","Vaarwegmarkeringen Nederland WFS","https://service.pdok.nl/rws/vaarwegmarkeringennld/wfs/v1_0?service=wfs&request=getCapabilities","OGC:WFS","Beheer PDOK","beheerpdok@kadaster.nl,beheerpdok@kadaster.nl","Nederlands metadata profiel op ISO 19119 voor services 2.1.0","["https:\/\/www.nationaalgeoregister.nl\/geonetwork\/srv\/dut\/csw?service=CSW&request=GetRecordById&version=2.0.2&outputSchema=http:\/\/www.isotc211.org\/2005\/gmd&elementSetName=full&id=be1b1514-8d1f-48e1-9624-fee9b784138b#MD_DataIdentification","https:\/\/www.nationaalgeoregister.nl\/geonetwork\/srv\/dut\/csw?service=CSW&request=GetRecordById&version=2.0.2&outputSchema=http:\/\/www.isotc211.org\/2005\/gmd&elementSetName=full&id=be1b1514-8d1f-48e1-9624-fee9b784138b#MD_DataIdentification"]","be1b1514-8d1f-48e1-9624-fee9b784138b be1b1514-8d1f-48e1-9624-fee9b784138b","other"
"7bf39a25-fd28-4217-aeec-e1f688a08194","Weggegevens (WEGGEG) WFS","https://service.pdok.nl/rws/weggeg/wfs/v1_0?request=GetCapabilities&service=WFS","OGC:WFS","Beheer PDOK","beheerpdok@kadaster.nl,beheerpdok@kadaster.nl","Nederlands metadata profiel op ISO 19119 voor services 2.1.0","["https:\/\/www.nationaalgeoregister.nl\/geonetwork\/srv\/dut\/csw?service=CSW&request=GetRecordById&version=2.0.2&outputSchema=http:\/\/www.isotc211.org\/2005\/gmd&elementSetName=full&id=abaf1e22-55aa-4a11-a855-7ac963e4a82b#MD_DataIdentification","https:\/\/www.nationaalgeoregister.nl\/geonetwork\/srv\/dut\/csw?service=CSW&request=GetRecordById&version=2.0.2&outputSchema=http:\/\/www.isotc211.org\/2005\/gmd&elementSetName=full&id=abaf1e22-55aa-4a11-a855-7ac963e4a82b#MD_DataIdentification"]","abaf1e22-55aa-4a11-a855-7ac963e4a82b abaf1e22-55aa-4a11-a855-7ac963e4a82b","other"
"27ee1046-8eb4-440f-97e4-274fa51cd870","Vaarweg Netwerk Data Service (VNDS) - bevaarbaarheid WFS","https://service.pdok.nl/rws/vnds/wfs/v2_0?request=GetCapabilities&service=WFS","OGC:WFS","Beheer PDOK","beheerpdok@kadaster.nl,beheerpdok@kadaster.nl","Nederlands metadata profiel op ISO 19119 voor services 2.1.0","https://www.nationaalgeoregister.nl/geonetwork/srv/dut/csw?service=CSW&request=GetRecordById&version=2.0.2&outputSchema=http://www.isotc211.org/2005/gmd&elementSetName=full&id=831f7bd7-c2ae-4336-bd2f-47ab20d7cdb7#MD_DataIdentification","831f7bd7-c2ae-4336-bd2f-47ab20d7cdb7","other"
"e68b46cd-7a42-41d3-89e4-051e56209f35","Vaarweg Netwerk Data Service (VNDS) - bevaarbaarheid WMS","https://service.pdok.nl/rws/vnds/wms/v2_0?request=GetCapabilities&service=WMS","OGC:WMS","Beheer PDOK","beheerpdok@kadaster.nl,beheerpdok@kadaster.nl","Nederlands metadata profiel op ISO 19119 voor services 2.1.0","https://www.nationaalgeoregister.nl/geonetwork/srv/dut/csw?service=CSW&request=GetRecordById&version=2.0.2&outputSchema=http://www.isotc211.org/2005/gmd&elementSetName=full&id=831f7bd7-c2ae-4336-bd2f-47ab20d7cdb7#MD_DataIdentification","831f7bd7-c2ae-4336-bd2f-47ab20d7cdb7","view"
"756919e3-e8c0-4846-b1ba-2f49d334efcc","Hoofd Luchtvervoersnetwerk - richtlijn omgevingslawaai (INSPIRE geharmoniseerd) WMS","https://service.pdok.nl/ienw/vervoersnetwerken/hoofd-luchtvervoersnetwerk-richtlijn-omgevingslawaai/wms/v1_0?request=GetCapabilities&service=wms","OGC:WMS","Beheer PDOK","beheerpdok@kadaster.nl,beheerpdok@kadaster.nl","Nederlands metadata profiel op ISO 19119 voor services 2.1.0","https://www.nationaalgeoregister.nl/geonetwork/srv/dut/csw?service=CSW&request=GetRecordById&version=2.0.2&outputSchema=http://www.isotc211.org/2005/gmd&elementSetName=full&id=9f876090-9ee4-4a72-8d04-cc8d5a253876#MD_DataIdentification","9f876090-9ee4-4a72-8d04-cc8d5a253876","view"
"651421b3-63a7-4388-8566-11119bdcb874","CBS Vierkantstatistieken 500m 2009 WFS","https://service.pdok.nl/cbs/vierkantstatistieken500m/2009/wfs/v1_0?request=GetCapabilities&service=WFS","OGC:WFS","Beheer PDOK","beheerpdok@kadaster.nl,beheerpdok@kadaster.nl","Nederlands metadata profiel op ISO 19119 voor services 2.1.0","https://www.nationaalgeoregister.nl/geonetwork/srv/dut/csw?service=CSW&request=GetRecordById&version=2.0.2&outputSchema=http://www.isotc211.org/2005/gmd&elementSetName=full&id=f605a24f-60cd-4c40-94c8-2186aba3ddd0#MD_DataIdentification","f605a24f-60cd-4c40-94c8-2186aba3ddd0","other"
"c385da38-3b73-4ecd-9f28-baf403432fe2","NWB - Wegen OGC API Features","https://api.pdok.nl/rws/nationaal-wegenbestand-wegen/ogc/v1/","OGC:API features","Beheer PDOK","beheerpdok@kadaster.nl,beheerpdok@kadaster.nl","Nederlands metadata profiel op ISO 19119 voor services 2.1.0","https://nationaalgeoregister.nl/geonetwork/srv/dut/csw?service=CSW&request=GetRecordById&version=2.0.2&outputSchema=http://www.isotc211.org/2005/gmd&elementSetName=full&id=a9b7026e-0a81-4813-93bd-ba49e6f28502#MD_DataIdentification","a9b7026e-0a81-4813-93bd-ba49e6f28502","other"
"8c622b9a-aab7-4dae-9c5f-c8f9d50d50e9","CBS Vierkantstatistieken 100m OGC API Features","https://api.pdok.nl/cbs/vierkantstatistieken100m/ogc/v1","OGC:API features","Beheer PDOK","beheerpdok@kadaster.nl,beheerpdok@kadaster.nl","Nederlands metadata profiel op ISO 19119 voor services 2.1.0","https://nationaalgeoregister.nl/geonetwork/srv/dut/csw?service=CSW&request=GetRecordById&version=2.0.2&outputSchema=http://www.isotc211.org/2005/gmd&elementSetName=full&id=1462bbce-ccd3-4362-83d8-4535ca8f44eb#MD_DataIdentification","1462bbce-ccd3-4362-83d8-4535ca8f44eb","other"
"e0d9264a-ec9a-435d-ba5b-c915491dfcb3","Vervoersnetwerken - Waterwegen - Netwerk (INSPIRE geharmoniseerd) WFS","https://service.pdok.nl/rws/vervoersnetwerken/waterwegen/wfs/v1_0?request=GetCapabilities&service=WFS","OGC:WFS","Beheer PDOK","beheerpdok@kadaster.nl,beheerpdok@kadaster.nl","Nederlands metadata profiel op ISO 19119 voor services 2.1.0","https://nationaalgeoregister.nl/geonetwork/srv/dut/csw?service=CSW&request=GetRecordById&version=2.0.2&outputSchema=http://www.isotc211.org/2005/gmd&elementSetName=full&id=cfc800cb-e903-4364-9415-ddd3e0ecf49f#MD_DataIdentification","cfc800cb-e903-4364-9415-ddd3e0ecf49f","other"
"85e7cf82-b0f2-45d6-84d4-154e203ebf70","Wetlands WMS","https://service.pdok.nl/rvo/wetlands/wms/v1_0?request=getcapabilities&service=WMS","OGC:WMS","Beheer PDOK","beheerPDOK@kadaster.nl,beheerPDOK@kadaster.nl","Nederlands metadata profiel op ISO 19119 voor services 2.1.0","http://www.nationaalgeoregister.nl/geonetwork/srv/dut/csw?service=CSW&request=GetRecordById&version=2.0.2&outputSchema=http://www.isotc211.org/2005/gmd&elementSetName=full&id=07d73b60-dfd6-4c54-9c82-9fac70c6c48e#MD_DataIdentification","07d73b60-dfd6-4c54-9c82-9fac70c6c48e","view"
"b01df8ab-b84b-4f35-a899-d256eadb6d48","CBS Wijken en buurten 2024 versie 1 OGC API Features","https://api.pdok.nl/cbs/wijken-en-buurten-2024/ogc/v1","OGC:API features","Beheer PDOK","beheerpdok@kadaster.nl,beheerpdok@kadaster.nl","Nederlands metadata profiel op ISO 19119 voor services 2.1.0","https://nationaalgeoregister.nl/geonetwork/srv/dut/csw?service=CSW&request=GetRecordById&version=2.0.2&outputSchema=http://www.isotc211.org/2005/gmd&elementSetName=full&id=a0cfe9fa-4b2d-404c-a2ca-c98bc12abdfd#MD_DataIdentification","a0cfe9fa-4b2d-404c-a2ca-c98bc12abdfd","other"
"ba52aae6-ff18-4af9-b966-ca94bdb111e1","Hoofdwegen - Richtlijn omgevingslawaai (INSPIRE geharmoniseerd) WFS","https://service.pdok.nl/ienw/vervoersnetwerken/hoofdwegen-richtlijn-omgevingslawaai/wfs/v1_0?request=GetCapabilities&service=WFS","OGC:WFS","Beheer PDOK","beheerpdok@kadaster.nl,beheerpdok@kadaster.nl","Nederlands metadata profiel op ISO 19119 voor services 2.1.0","https://www.nationaalgeoregister.nl/geonetwork/srv/dut/csw?service=CSW&request=GetRecordById&version=2.0.2&outputSchema=http://www.isotc211.org/2005/gmd&elementSetName=full&id=4f1247e9-e5c0-43fb-8449-271fd02a5219#MD_DataIdentification","4f1247e9-e5c0-43fb-8449-271fd02a5219","other"
"2742bbc5-d526-47f0-9dcb-078cf8d4882c","Schelpdierpercelen WMS","https://service.pdok.nl/rvo/schelpdierpercelen/wms/v3_0?request=getcapabilities&service=WMS","OGC:WMS","Beheer PDOK","beheerpdok@kadaster.nl,beheerpdok@kadaster.nl","Nederlands metadata profiel op ISO 19119 voor services 2.1.0","https://www.nationaalgeoregister.nl/geonetwork/srv/dut/csw?service=CSW&request=GetRecordById&version=2.0.2&outputSchema=http://www.isotc211.org/2005/gmd&elementSetName=full&id=fe0e1e5f-512f-4bb1-bbf8-4028d3dfa24f#MD_DataIdentification","fe0e1e5f-512f-4bb1-bbf8-4028d3dfa24f","view"
"171b28f6-7ee7-46f9-b3b3-06d0baaa33db","Population Distribution (INSPIRE geharmoniseerd) WMS","https:\/\/service.pdok.nl\/cbs\/pd\/wms\/v1_0?request=GetCapabilities&service=WMS","["OGC:WMS","OGC:WMS","OGC:WMS"]","Beheer PDOK","beheerPDOK@kadaster.nl,beheerPDOK@kadaster.nl","Nederlands metadata profiel op ISO 19119 voor services 2.1.0","https://www.nationaalgeoregister.nl:443/geonetwork/srv/dut/csw?service=CSW&request=GetRecordById&version=2.0.2&outputSchema=http://www.isotc211.org/2005/gmd&elementSetName=full&id=76541ebb-a554-4540-a017-399d4bb4a860#MD_DataIdentification","76541ebb-a554-4540-a017-399d4bb4a860","view"
"f7f40ea6-9146-4e53-a5aa-75626bec9fdb","CBS Wijken en Buurten 2022 versie 3 OGC API Features","https://api.pdok.nl/cbs/wijken-en-buurten-2022/ogc/v1","OGC:API features","Beheer PDOK","beheerpdok@kadaster.nl,beheerpdok@kadaster.nl","Nederlands metadata profiel op ISO 19119 voor services 2.1.0","https://nationaalgeoregister.nl/geonetwork/srv/dut/csw?service=CSW&request=GetRecordById&version=2.0.2&outputSchema=http://www.isotc211.org/2005/gmd&elementSetName=full&id=70c52fd8-6b2e-42aa-873a-742711903243#MD_DataIdentification","70c52fd8-6b2e-42aa-873a-742711903243","other"
"f57bdee7-4027-4aa2-8312-4051b854be3c","Schelpdierpercelen (INSPIRE geharmoniseerd) WMS","https://service.pdok.nl/rvo/landbouw-en-aquacultuur/schelpdierpercelen/wms/v1_0?request=GetCapabilities&service=WMS","OGC:WMS","Beheer PDOK","beheerpdok@kadaster.nl,beheerpdok@kadaster.nl","Nederlands metadata profiel op ISO 19119 voor services 2.1.0","https://nationaalgeoregister.nl/geonetwork/srv/dut/csw?service=CSW&request=GetRecordById&version=2.0.2&outputSchema=http://www.isotc211.org/2005/gmd&elementSetName=full&id=c4b4e95a-12d7-4c74-933c-cb267cfe0bcf#MD_DataIdentification","c4b4e95a-12d7-4c74-933c-cb267cfe0bcf","view"
"dd06be92-8d6f-43b5-b2ee-99285635e41d","Hoofdspoorwegen - Richtlijn Omgevingslawaai (INSPIRE geharmoniseerd) WFS","https://service.pdok.nl/ienw/vervoersnetwerken/hoofd-spoorwegen-richtlijn-omgevingslawaai/wfs/v1_0?request=GetCapabilities&service=WFS","OGC:WFS","Beheer PDOK","beheerpdok@kadaster.nl,beheerpdok@kadaster.nl","Nederlands metadata profiel op ISO 19119 voor services 2.1.0","https://www.nationaalgeoregister.nl/geonetwork/srv/dut/csw?service=CSW&request=GetRecordById&version=2.0.2&outputSchema=http://www.isotc211.org/2005/gmd&elementSetName=full&id=a2338eab-179c-4899-acde-e5fbaa2bbeac#MD_DataIdentification","a2338eab-179c-4899-acde-e5fbaa2bbeac","other"
"c95a48dd-c868-4396-b99e-08231b293044","Hoofdspoorwegen - Richtlijn Omgevingslawaai (INSPIRE geharmoniseerd) WMS","https://service.pdok.nl/ienw/vervoersnetwerken/hoofd-spoorwegen-richtlijn-omgevingslawaai/wms/v1_0?request=GetCapabilities&service=WMS","OGC:WMS","Beheer PDOK","beheerpdok@kadaster.nl,beheerpdok@kadaster.nl","Nederlands metadata profiel op ISO 19119 voor services 2.1.0","https://www.nationaalgeoregister.nl/geonetwork/srv/dut/csw?service=CSW&request=GetRecordById&version=2.0.2&outputSchema=http://www.isotc211.org/2005/gmd&elementSetName=full&id=a2338eab-179c-4899-acde-e5fbaa2bbeac#MD_DataIdentification","a2338eab-179c-4899-acde-e5fbaa2bbeac","view"
"17c49c13-6982-4a95-8252-66fe2608a11d","Hoofdwegen - Richtlijn omgevingslawaai (INSPIRE geharmoniseerd) WMS","https://service.pdok.nl/ienw/vervoersnetwerken/hoofdwegen-richtlijn-omgevingslawaai/wms/v1_0?request=GetCapabilities&service=WMS","OGC:WMS","Beheer PDOK","beheerpdok@kadaster.nl,beheerpdok@kadaster.nl","Nederlands metadata profiel op ISO 19119 voor services 2.1.0","https://www.nationaalgeoregister.nl/geonetwork/srv/dut/csw?service=CSW&request=GetRecordById&version=2.0.2&outputSchema=http://www.isotc211.org/2005/gmd&elementSetName=full&id=4f1247e9-e5c0-43fb-8449-271fd02a5219#MD_DataIdentification","4f1247e9-e5c0-43fb-8449-271fd02a5219","view"
"598c4109-21d2-4a6c-b083-9975a6736853","Weggegevens (WEGGEG) WMS","https://service.pdok.nl/rws/weggeg/wms/v1_0?request=GetCapabilities&service=WMS","OGC:WMS","Beheer PDOK","beheerpdok@kadaster.nl,beheerpdok@kadaster.nl","Nederlands metadata profiel op ISO 19119 voor services 2.1.0","["https:\/\/www.nationaalgeoregister.nl\/geonetwork\/srv\/dut\/csw?service=CSW&request=GetRecordById&version=2.0.2&outputSchema=http:\/\/www.isotc211.org\/2005\/gmd&elementSetName=full&id=abaf1e22-55aa-4a11-a855-7ac963e4a82b#MD_DataIdentification","https:\/\/www.nationaalgeoregister.nl\/geonetwork\/srv\/dut\/csw?service=CSW&request=GetRecordById&version=2.0.2&outputSchema=http:\/\/www.isotc211.org\/2005\/gmd&elementSetName=full&id=abaf1e22-55aa-4a11-a855-7ac963e4a82b#MD_DataIdentification"]","abaf1e22-55aa-4a11-a855-7ac963e4a82b abaf1e22-55aa-4a11-a855-7ac963e4a82b","view"
"6a1c46ee-30ed-4e5e-89b7-6b12b8bc71bf","Hoogte Nederland - land - DTM (INSPIRE geharmoniseerd) WMS","https://service.pdok.nl/rws/hoogte/dtm/wms/v1_0?request=GetCapabilities&service=WMS","OGC:WMS","Beheer PDOK","beheerpdok@kadaster.nl,beheerpdok@kadaster.nl","Nederlands metadata profiel op ISO 19119 voor services 2.1.0","https://nationaalgeoregister.nl/geonetwork/srv/dut/csw?service=CSW&request=GetRecordById&version=2.0.2&outputSchema=http://www.isotc211.org/2005/gmd&elementSetName=full&id=d0ee9220-8010-4a6c-8f2c-3e78ad1c7dbf#MD_DataIdentification","d0ee9220-8010-4a6c-8f2c-3e78ad1c7dbf","view"
"b205350f-77cf-45b8-8c3c-1e1f6e3120a7","RD info OGC API Features","https://api.pdok.nl/kadaster/rdinfo/ogc/v1","OGC:API features","Beheer PDOK","beheerpdok@kadaster.nl,beheerpdok@kadaster.nl","Nederlands metadata profiel op ISO 19119 voor services 2.1.0","https://nationaalgeoregister.nl/geonetwork/srv/dut/csw?service=CSW&request=GetRecordById&version=2.0.2&outputSchema=http://www.isotc211.org/2005/gmd&elementSetName=full&id=29c17585-e702-463f-a5dc-99d34b17d333#MD_DataIdentification","29c17585-e702-463f-a5dc-99d34b17d333","other"
"57af3675-efc5-453b-bd66-c9be4a4a0c16","BRO - Bodemkundig booronderzoek (BHR-P) - Bodem (INSPIRE geharmoniseerd) WMS","https://service.pdok.nl/bzk/bodem/bro-bodemkundig-booronderzoek/wms/v1_0?request=GetCapabilities&service=WMS","OGC:WMS","Beheer PDOK","beheerpdok@kadaster.nl,beheerpdok@kadaster.nl","Nederlands metadata profiel op ISO 19119 voor services 2.1.0","https://www.nationaalgeoregister.nl/geonetwork/srv/dut/csw?service=CSW&request=GetRecordById&version=2.0.2&outputSchema=http://www.isotc211.org/2005/gmd&elementSetName=full&id=7891e711-df3b-44df-bc35-81c3856a7efc#MD_DataIdentification","7891e711-df3b-44df-bc35-81c3856a7efc","view"
"fbf79e5e-8a76-4b28-9996-bdf9a114f244","Kadastrale Percelen (INSPIRE geharmoniseerd) WFS","https://service.pdok.nl/kadaster/cp/wfs/v1_0?request=GetCapabilities&service=WFS","OGC:WFS","Beheer PDOK","beheerpdok@kadaster.nl,beheerpdok@kadaster.nl","Nederlands metadata profiel op ISO 19119 voor services 2.1.0","https://www.nationaalgeoregister.nl/geonetwork/srv/dut/csw?service=CSW&request=GetRecordById&version=2.0.2&outputSchema=http://www.isotc211.org/2005/gmd&elementSetName=full&id=e80ad426-1392-4349-9f80-14dae5f1bf57#MD_DataIdentification","e80ad426-1392-4349-9f80-14dae5f1bf57","other"
"01d4dab6-03ad-4e82-b719-4daf8b96ea14","Administratieve Eenheden (INSPIRE geharmoniseerd) WMS","https://service.pdok.nl/kadaster/au/wms/v2_0?request=GetCapabilities&service=WMS","OGC:WMS","Beheer PDOK","beheerpdok@kadaster.nl,beheerpdok@kadaster.nl","Nederlands metadata profiel op ISO 19119 voor services 2.1.0","https://www.nationaalgeoregister.nl/geonetwork/srv/dut/csw?service=CSW&request=GetRecordById&version=2.0.2&outputSchema=http://www.isotc211.org/2005/gmd&elementSetName=full&id=7dd1fd45-ace5-41e0-93a6-64e3be231717#MD_DataIdentification","7dd1fd45-ace5-41e0-93a6-64e3be231717","view"
"d1cb16ca-2029-454f-b3f1-f70bceaf62c1","BRO Geomorfologische Kaart (GMM) WMS","https:\/\/service.pdok.nl\/bzk\/bro-geomorfologischekaart\/wms\/v2_0?request=getcapabilities&service=WMS","["OGC:WMS","OGC:WMS","OGC:WMS"]","Beheer PDOK","beheerpdok@kadaster.nl,beheerpdok@kadaster.nl","Nederlands metadata profiel op ISO 19119 voor services 2.1.0","https://www.nationaalgeoregister.nl/geonetwork/srv/dut/csw?service=CSW&request=GetRecordById&version=2.0.2&outputSchema=http://www.isotc211.org/2005/gmd&elementSetName=full&id=459231d0-7379-4f26-a444-7616e1d888f0#MD_DataIdentification","459231d0-7379-4f26-a444-7616e1d888f0","view"
"6c62e0a5-c215-4e47-94b0-a239e264417d","Ruimtelijke plannen Wro: Ruimtelijkeplannen.nl WMS","https://service.pdok.nl/kadaster/plu/wms/v1_0?request=GetCapabilities&amp;service=WMS","OGC:WMS","Beheer PDOK","beheerPDOK@kadaster.nl,beheerPDOK@kadaster.nl","Nederlands metadata profiel op ISO 19119 voor services 2.1.0","https://www.nationaalgeoregister.nl/geonetwork/srv/dut/csw?service=CSW&request=GetRecordById&version=2.0.2&outputSchema=http://www.isotc211.org/2005/gmd&elementSetName=full&id=17716ed7-ce0d-4bfd-8868-a398e5578a36#MD_DataIdentification","17716ed7-ce0d-4bfd-8868-a398e5578a36","view"
"5698d8bd-9e8c-4d0a-8c91-68ff3206781c","CBS Vierkantstatistieken 500m 2006 WMS","https://service.pdok.nl/cbs/vierkantstatistieken500m/2006/wms/v1_0?request=GetCapabilities&service=WMS","OGC:WMS","Beheer PDOK","beheerpdok@kadaster.nl,beheerpdok@kadaster.nl","Nederlands metadata profiel op ISO 19119 voor services 2.1.0","https://www.nationaalgeoregister.nl/geonetwork/srv/dut/csw?service=CSW&request=GetRecordById&version=2.0.2&outputSchema=http://www.isotc211.org/2005/gmd&elementSetName=full&id=f605a24f-60cd-4c40-94c8-2186aba3ddd0#MD_DataIdentification","f605a24f-60cd-4c40-94c8-2186aba3ddd0","view"
"a6341e75-0dff-4948-9317-433324ab483b","Natuurnetwerk Nederland - Provincies (INSPIRE geharmoniseerd) WMS","https://service.pdok.nl/provincies/natuurnetwerk-nederland/wms/v1_0?request=getcapabilities&service=WMS","OGC:WMS","Beheer PDOK","beheerpdok@kadaster.nl,beheerpdok@kadaster.nl","Nederlands metadata profiel op ISO 19119 voor services 2.1.0","https://www.nationaalgeoregister.nl/geonetwork/srv/dut/csw?service=CSW&request=GetRecordById&version=2.0.2&outputSchema=http://www.isotc211.org/2005/gmd&elementSetName=full&id=c7d8d77b-8c47-4309-8c58-9b12b086407f#MD_DataIdentification","c7d8d77b-8c47-4309-8c58-9b12b086407f","view"
"1adacbe0-93de-46db-be3b-04601bdd1327","CBS Gebiedsindelingen OGC API Features","https://api.pdok.nl/cbs/gebiedsindelingen/ogc/v1","OGC:API features","Beheer PDOK","beheerpdok@kadaster.nl,beheerpdok@kadaster.nl","Nederlands metadata profiel op ISO 19119 voor services 2.1.0","https://nationaalgeoregister.nl/geonetwork/srv/dut/csw?service=CSW&request=GetRecordById&version=2.0.2&outputSchema=http://www.isotc211.org/2005/gmd&elementSetName=full&id=effe1ab0-073d-437c-af13-df5c5e07d6cd#MD_DataIdentification","effe1ab0-073d-437c-af13-df5c5e07d6cd","other"
"b77a753e-6da8-4df2-874d-4eddad9dd1a4","CBS Gebiedsindelingen 2023 WMS","https://service.pdok.nl/cbs/gebiedsindelingen/2023/wms/v1_0?request=GetCapabilities&service=WMS","OGC:WMS","Beheer PDOK","beheerpdok@kadaster.nl,beheerpdok@kadaster.nl","Nederlands metadata profiel op ISO 19119 voor services 2.1.0","https://www.nationaalgeoregister.nl/geonetwork/srv/dut/csw?service=CSW&request=GetRecordById&version=2.0.2&outputSchema=http://www.isotc211.org/2005/gmd&elementSetName=full&id=effe1ab0-073d-437c-af13-df5c5e07d6cd#MD_DataIdentification","effe1ab0-073d-437c-af13-df5c5e07d6cd","view"
"451e5045-56bc-4717-92a9-b2eb1f268ccb","Adressen WMS","https://service.pdok.nl/kadaster/adressen/wms/v1_0?request=GetCapabilities&service=WMS","OGC:WMS","Beheer PDOK","beheerpdok@kadaster.nl,beheerpdok@kadaster.nl","Nederlands metadata profiel op ISO 19119 voor services 2.1.0","https://www.nationaalgeoregister.nl/geonetwork/srv/dut/csw?service=CSW&request=GetRecordById&version=2.0.2&outputSchema=http://www.isotc211.org/2005/gmd&elementSetName=full&id=aa3b5e6e-7baa-40c0-8972-3353e927ec2f#MD_DataIdentification","aa3b5e6e-7baa-40c0-8972-3353e927ec2f","view"
"db566407-fa5a-4df9-83ab-353b9476c44c","Adressen (INSPIRE geharmoniseerd) WFS","https://service.pdok.nl/kadaster/ad/wfs/v1_0?request=GetCapabilities&service=WFS","OGC:WFS","Beheer PDOK","beheerpdok@kadaster.nl,beheerpdok@kadaster.nl","Nederlands metadata profiel op ISO 19119 voor services 2.1.0","https://www.nationaalgeoregister.nl/geonetwork/srv/dut/csw?service=CSW&request=GetRecordById&version=2.0.2&outputSchema=http://www.isotc211.org/2005/gmd&elementSetName=full&id=a5f961e9-ebdd-41e2-b8e8-ab33ed340a83#MD_DataIdentification","a5f961e9-ebdd-41e2-b8e8-ab33ed340a83","other"
"3e65fa1b-9bb1-41bd-9760-76962751b839","Scheepvaart Verkeersscheidingsstelsel Noordzee (Nederlands Continentaal Plat) WMS","https://service.pdok.nl/rws/verkeersscheidingsstelsel/wms/v1_0?request=GetCapabilities&service=WMS","OGC:WMS","Beheer PDOK","beheerpdok@kadaster.nl,beheerpdok@kadaster.nl","Nederlands metadata profiel op ISO 19119 voor services 2.1.0","["https:\/\/www.nationaalgeoregister.nl\/geonetwork\/srv\/dut\/csw?service=CSW&request=GetRecordById&version=2.0.2&outputSchema=http:\/\/www.isotc211.org\/2005\/gmd&elementSetName=full&id=5996e444-f7f3-40d2-b485-8b9af6e8aa89#MD_DataIdentification","https:\/\/www.nationaalgeoregister.nl\/geonetwork\/srv\/dut\/csw?service=CSW&request=GetRecordById&version=2.0.2&outputSchema=http:\/\/www.isotc211.org\/2005\/gmd&elementSetName=full&id=5996e444-f7f3-40d2-b485-8b9af6e8aa89#MD_DataIdentification","https:\/\/www.nationaalgeoregister.nl\/geonetwork\/srv\/dut\/csw?service=CSW&request=GetRecordById&version=2.0.2&outputSchema=http:\/\/www.isotc211.org\/2005\/gmd&elementSetName=full&id=5996e444-f7f3-40d2-b485-8b9af6e8aa89#MD_DataIdentification","https:\/\/www.nationaalgeoregister.nl\/geonetwork\/srv\/dut\/csw?service=CSW&request=GetRecordById&version=2.0.2&outputSchema=http:\/\/www.isotc211.org\/2005\/gmd&elementSetName=full&id=5996e444-f7f3-40d2-b485-8b9af6e8aa89#MD_DataIdentification","https:\/\/www.nationaalgeoregister.nl\/geonetwork\/srv\/dut\/csw?service=CSW&request=GetRecordById&version=2.0.2&outputSchema=http:\/\/www.isotc211.org\/2005\/gmd&elementSetName=full&id=5996e444-f7f3-40d2-b485-8b9af6e8aa89#MD_DataIdentification"]","5996e444-f7f3-40d2-b485-8b9af6e8aa89 5996e444-f7f3-40d2-b485-8b9af6e8aa89 5996e444-f7f3-40d2-b485-8b9af6e8aa89 5996e444-f7f3-40d2-b485-8b9af6e8aa89 5996e444-f7f3-40d2-b485-8b9af6e8aa89","view"
"34d4468a-780d-43cf-91f8-b1d3b3e3c7a5","CBS Vierkantstatistieken 100m 2003 WFS","https://service.pdok.nl/cbs/vierkantstatistieken100m/2003/wfs/v1_0?request=GetCapabilities&service=WFS","OGC:WFS","Beheer PDOK","beheerpdok@kadaster.nl,beheerpdok@kadaster.nl","Nederlands metadata profiel op ISO 19119 voor services 2.1.0","https://nationaalgeoregister.nl/geonetwork/srv/dut/csw?service=CSW&request=GetRecordById&version=2.0.2&outputSchema=http://www.isotc211.org/2005/gmd&elementSetName=full&id=1462bbce-ccd3-4362-83d8-4535ca8f44eb#MD_DataIdentification","1462bbce-ccd3-4362-83d8-4535ca8f44eb","other"
"b9fa42a0-41f9-4405-a593-d51721939222","CBS Bestand bodemgebruik 2017 WFS","https://service.pdok.nl/cbs/bestandbodemgebruik/2017/wfs/v1_0?request=getCapabilities&service=WFS","OGC:WFS","Beheer PDOK","beheerpdok@kadaster.nl,beheerpdok@kadaster.nl","Nederlands metadata profiel op ISO 19119 voor services 2.1.0","https://www.nationaalgeoregister.nl/geonetwork/srv/dut/csw?service=CSW&request=GetRecordById&version=2.0.2&outputSchema=http://www.isotc211.org/2005/gmd&elementSetName=full&id=d9bf1ce1-5197-409e-b19e-340e50afafc4#MD_DataIdentification","d9bf1ce1-5197-409e-b19e-340e50afafc4","other"
"e6c18185-719e-4729-8131-798dd9a69e8d","Zwemwater (Provinciaal en Rijkswateren) (INSPIRE geharmoniseerd) WMS","https://service.pdok.nl/provincies/zwemwater-provinciaal-rijkswateren/wms/v1_0?request=GetCapabilities&service=WMS","OGC:WMS","Beheer PDOK","beheerpdok@kadaster.nl,beheerpdok@kadaster.nl","Nederlands metadata profiel op ISO 19119 voor services 2.1.0","https://www.nationaalgeoregister.nl/geonetwork/srv/dut/csw?service=CSW&request=GetRecordById&version=2.0.2&outputSchema=http://www.isotc211.org/2005/gmd&elementSetName=full&id=fe45c540-e37d-11e4-b571-0800200c9a66#MD_DataIdentification","fe45c540-e37d-11e4-b571-0800200c9a66","view"
"061ff1ce-12db-4555-821e-6f63abccd114","CBS Wijken en Buurten 2024 versie 1 WMS","https://service.pdok.nl/cbs/wijkenbuurten/2024/wms/v1_0?request=GetCapabilities&service=WMS","OGC:WMS","Beheer PDOK","beheerpdok@kadaster.nl,beheerpdok@kadaster.nl","Nederlands metadata profiel op ISO 19119 voor services 2.1.0","https://www.nationaalgeoregister.nl/geonetwork/srv/dut/csw?service=CSW&request=GetRecordById&version=2.0.2&outputSchema=http://www.isotc211.org/2005/gmd&elementSetName=full&id=a0cfe9fa-4b2d-404c-a2ca-c98bc12abdfd#MD_DataIdentification","a0cfe9fa-4b2d-404c-a2ca-c98bc12abdfd","view"
"4497fd50-d8cb-4131-ba38-be3020f0b76b","CBS Gebiedsindelingen 2024 WFS","https://service.pdok.nl/cbs/gebiedsindelingen/2024/wfs/v1_0?request=GetCapabilities&service=WFS","OGC:WFS","Beheer PDOK","beheerpdok@kadaster.nl,beheerpdok@kadaster.nl","Nederlands metadata profiel op ISO 19119 voor services 2.1.0","https://www.nationaalgeoregister.nl/geonetwork/srv/dut/csw?service=CSW&request=GetRecordById&version=2.0.2&outputSchema=http://www.isotc211.org/2005/gmd&elementSetName=full&id=effe1ab0-073d-437c-af13-df5c5e07d6cd#MD_DataIdentification","effe1ab0-073d-437c-af13-df5c5e07d6cd","other"
"f7bcefa1-6878-4eb7-b65a-d19b23b49f96","Waterschappen Administratieve eenheden (INSPIRE geharmoniseerd) WMS","https://service.pdok.nl/hwh/administratieve-eenheden/waterschapsgrenzen/wms/v1_0?request=GetCapabilities&service=WMS","OGC:WMS","Beheer PDOK","beheerpdok@kadaster.nl,beheerpdok@kadaster.nl","Nederlands metadata profiel op ISO 19119 voor services 2.1.0","https://www.nationaalgeoregister.nl/geonetwork/srv/dut/csw?service=CSW&request=GetRecordById&version=2.0.2&outputSchema=http://www.isotc211.org/2005/gmd&elementSetName=full&id=2d4ec7e6-50ae-4c71-bd20-5b9211e2135f#MD_DataIdentification","2d4ec7e6-50ae-4c71-bd20-5b9211e2135f","view"
"ceda1b88-32ac-40b2-a841-71eb041c9427","Potentiekaart reststromen WMS","https://service.pdok.nl/rvo/potentiekaart-reststromen/wms/v1_0?request=GetCapabilities&service=wms","OGC:WMS","Beheer PDOK","beheerPDOK@kadaster.nl,beheerPDOK@kadaster.nl","Nederlands metadata profiel op ISO 19119 voor services 2.1.0","http://nationaalgeoregister.nl/geonetwork/srv/dut/csw?service=CSW&version=2.0.2&request=GetRecordById&outputschema=http://www.isotc211.org/2005/gmd&elementsetname=full&id=24eb504e-f5f3-4ecf-b760-cc5630e82a57#MD_DataIdentification","24eb504e-f5f3-4ecf-b760-cc5630e82a57","view"
"282e4136-612a-4d00-baa2-ebd41721d150","Statistical Units Vector (INSPIRE geharmoniseerd) WMS","https://service.pdok.nl/cbs/statisticalunitsvector/wms/v1_0?request=GetCapabilities&service=WMS","OGC:WMS","Beheer PDOK","beheerpdok@kadaster.nl,beheerpdok@kadaster.nl","Nederlands metadata profiel op ISO 19119 voor services 2.1.0","https://www.nationaalgeoregister.nl/geonetwork/srv/dut/csw?service=CSW&request=GetRecordById&version=2.0.2&outputSchema=http://www.isotc211.org/2005/gmd&elementSetName=full&id=10d1153e-778f-4995-9b6c-7c69b196cccb#MD_DataIdentification","10d1153e-778f-4995-9b6c-7c69b196cccb","view"
"5be14ec9-9bb3-4395-a061-e7e78d04a527","Gebouwen (INSPIRE geharmoniseerd) WMS","https://service.pdok.nl/kadaster/bu/wms/v1_0?request=GetCapabilities&service=wms","OGC:WMS","Beheer PDOK","beheerPDOK@kadaster.nl,beheerPDOK@kadaster.nl","Nederlands metadata profiel op ISO 19119 voor services 2.1.0","https://www.nationaalgeoregister.nl/geonetwork/srv/dut/csw?service=CSW&request=GetRecordById&version=2.0.2&outputSchema=http://www.isotc211.org/2005/gmd&elementSetName=full&id=b4ae622c-6201-49d8-bd2e-f7fce9206a1e#MD_DataIdentification","b4ae622c-6201-49d8-bd2e-f7fce9206a1e","view"
"757a7c50-540d-4105-9135-73f09f700743","BRO Model Grondwaterspiegeldiepte (WDM) WMS","https://service.pdok.nl/bzk/bro-grondwaterspiegeldiepte/wms/v2_0?request=GetCapabilities&service=WMS","OGC:WMS","Beheer PDOK","beheerpdok@kadaster.nl,beheerpdok@kadaster.nl","Nederlands metadata profiel op ISO 19119 voor services 2.1.0","https://www.nationaalgeoregister.nl/geonetwork/srv/dut/csw?service=CSW&request=GetRecordById&version=2.0.2&outputSchema=http://www.isotc211.org/2005/gmd&elementSetName=full&id=b756dabe-a331-42cd-b45e-f61828ee4534#MD_DataIdentification","b756dabe-a331-42cd-b45e-f61828ee4534","view"
"d9aeb5c3-ff2a-441b-bdfa-15c6c2c54a3b","CBS Vierkantstatistieken 100m 2012 WMS","https://service.pdok.nl/cbs/vierkantstatistieken100m/2012/wms/v1_0?request=GetCapabilities&service=WMS","OGC:WMS","Beheer PDOK","beheerpdok@kadaster.nl,beheerpdok@kadaster.nl","Nederlands metadata profiel op ISO 19119 voor services 2.1.0","https://nationaalgeoregister.nl/geonetwork/srv/dut/csw?service=CSW&request=GetRecordById&version=2.0.2&outputSchema=http://www.isotc211.org/2005/gmd&elementSetName=full&id=1462bbce-ccd3-4362-83d8-4535ca8f44eb#MD_DataIdentification","1462bbce-ccd3-4362-83d8-4535ca8f44eb","view"
"da1d9b80-05d3-4aed-ad63-5c9efcc847c4","Basisregistratie Gewaspercelen OGC API Features","https://api.pdok.nl/rvo/gewaspercelen/ogc/v1","OGC:API features","Beheer PDOK","beheerpdok@kadaster.nl,beheerpdok@kadaster.nl","Nederlands metadata profiel op ISO 19119 voor services 2.1.0","https://nationaalgeoregister.nl/geonetwork/srv/dut/csw?service=CSW&request=GetRecordById&version=2.0.2&outputSchema=http://www.isotc211.org/2005/gmd&elementSetName=full&id=b812a145-b4fe-4331-8dc6-d914327a87ff#MD_DataIdentification","b812a145-b4fe-4331-8dc6-d914327a87ff","other"
"9c4c9bbc-4746-414b-9599-b67db6de1d6d","CBS Gebiedsindelingen 2021 WFS","https://service.pdok.nl/cbs/gebiedsindelingen/2021/wfs/v1_0?request=GetCapabilities&service=WFS","OGC:WFS","Beheer PDOK","beheerpdok@kadaster.nl,beheerpdok@kadaster.nl","Nederlands metadata profiel op ISO 19119 voor services 2.1.0","https://www.nationaalgeoregister.nl/geonetwork/srv/dut/csw?service=CSW&request=GetRecordById&version=2.0.2&outputSchema=http://www.isotc211.org/2005/gmd&elementSetName=full&id=effe1ab0-073d-437c-af13-df5c5e07d6cd#MD_DataIdentification","effe1ab0-073d-437c-af13-df5c5e07d6cd","other"
"33f3b24a-0b34-4153-9930-726d575a04d1","Aardkundige Waarden - Provincies (INSPIRE geharmoniseerd) WMS","https://service.pdok.nl/provincies/aardkundige-waarden/wms/v1_0?request=GetCapabilities&service=WMS","OGC:WMS","Beheer PDOK","beheerpdok@kadaster.nl,beheerpdok@kadaster.nl","Nederlands metadata profiel op ISO 19119 voor services 2.1.0","https://nationaalgeoregister.nl/geonetwork/srv/dut/csw?service=CSW&request=GetRecordById&version=2.0.2&outputSchema=http://www.isotc211.org/2005/gmd&elementSetName=full&id=f002bfc5-7d87-46b6-819e-8415422b65c9#MD_DataIdentification","f002bfc5-7d87-46b6-819e-8415422b65c9","view"
"a9a8e1cf-3f4e-4067-9842-ea2a6f2d2ed9","Gepland Landgebruik (INSPIRE geharmoniseerd) WMS","https://service.pdok.nl/kadaster/lu/wms/v1_0?request=GetCapabilities&service=WMS","OGC:WMS","Beheer PDOK","beheerpdok@kadaster.nl,beheerpdok@kadaster.nl","Nederlands metadata profiel op ISO 19119 voor services 2.1.0","https://www.nationaalgeoregister.nl/geonetwork/srv/dut/csw?service=CSW&request=GetRecordById&version=2.0.2&outputSchema=http://www.isotc211.org/2005/gmd&elementSetName=full&id=17716ed7-ce0d-4bfd-8868-a398e5578a88#MD_DataIdentification","17716ed7-ce0d-4bfd-8868-a398e5578a88","view"
"55a77659-2021-4805-b4ee-4d9d123d8a52","CBS Vierkantstatistieken 100m 2007 WFS","https://service.pdok.nl/cbs/vierkantstatistieken100m/2007/wfs/v1_0?request=GetCapabilities&service=WFS","OGC:WFS","Beheer PDOK","beheerpdok@kadaster.nl,beheerpdok@kadaster.nl","Nederlands metadata profiel op ISO 19119 voor services 2.1.0","https://nationaalgeoregister.nl/geonetwork/srv/dut/csw?service=CSW&request=GetRecordById&version=2.0.2&outputSchema=http://www.isotc211.org/2005/gmd&elementSetName=full&id=1462bbce-ccd3-4362-83d8-4535ca8f44eb#MD_DataIdentification","1462bbce-ccd3-4362-83d8-4535ca8f44eb","other"
"3dc373ae-fcf6-49c9-b315-9a2178bffe4a","Potentiekaart Restwarmte WMS","https://service.pdok.nl/rvo/restwarmte/wms/v1_0?request=GetCapabilities&service=WMS","OGC:WMS","Beheer PDOK","beheerPDOK@kadaster.nl,beheerPDOK@kadaster.nl","Nederlands metadata profiel op ISO 19119 voor services 2.1.0","https://www.nationaalgeoregister.nl/geonetwork/srv/dut/csw?service=CSW&request=GetRecordById&version=2.0.2&outputSchema=http://www.isotc211.org/2005/gmd&elementSetName=full&id=d6b85d84-cdb9-4a6e-b799-cf8826e22a94#MD_DataIdentification","d6b85d84-cdb9-4a6e-b799-cf8826e22a94","view"
"74f560b3-ce64-40e0-94f7-7ff45ed4a14a","CBS Vierkantstatistieken 500m 2001 WFS","https://service.pdok.nl/cbs/vierkantstatistieken500m/2001/wfs/v1_0?request=GetCapabilities&service=WFS","OGC:WFS","Beheer PDOK","beheerpdok@kadaster.nl,beheerpdok@kadaster.nl","Nederlands metadata profiel op ISO 19119 voor services 2.1.0","https://www.nationaalgeoregister.nl/geonetwork/srv/dut/csw?service=CSW&request=GetRecordById&version=2.0.2&outputSchema=http://www.isotc211.org/2005/gmd&elementSetName=full&id=f605a24f-60cd-4c40-94c8-2186aba3ddd0#MD_DataIdentification","f605a24f-60cd-4c40-94c8-2186aba3ddd0","other"
"448cc407-e405-4f07-8260-7489ec3b4f14","CBS Bestand bodemgebruik 2017 WMS","https://service.pdok.nl/cbs/bestandbodemgebruik/2017/wms/v1_0?request=getCapabilities&service=WMS","OGC:WMS","Beheer PDOK","beheerpdok@kadaster.nl,beheerpdok@kadaster.nl","Nederlands metadata profiel op ISO 19119 voor services 2.1.0","https://www.nationaalgeoregister.nl/geonetwork/srv/dut/csw?service=CSW&request=GetRecordById&version=2.0.2&outputSchema=http://www.isotc211.org/2005/gmd&elementSetName=full&id=d9bf1ce1-5197-409e-b19e-340e50afafc4#MD_DataIdentification","d9bf1ce1-5197-409e-b19e-340e50afafc4","view"
"4041f923-6b77-4816-bf46-437e85416c31","Kaderrichtlijn Mariene Strategie WMS","https://service.pdok.nl/rws/richtlijnmarienestrategienederland/wms/v1_0?request=GetCapabilities&service=WMS","OGC:WMS","Beheer PDOK","beheerpdok@kadaster.nl,beheerpdok@kadaster.nl","Nederlands metadata profiel op ISO 19119 voor services 2.1.0","https://www.nationaalgeoregister.nl/geonetwork/srv/dut/csw?service=CSW&request=GetRecordById&version=2.0.2&outputSchema=http://www.isotc211.org/2005/gmd&elementSetName=full&id=0deb6c22-a6ae-453d-a956-205f52141ca1#MD_DataIdentification","0deb6c22-a6ae-453d-a956-205f52141ca1","view"
"f2437a92-ddd3-4777-a1bc-fdf4b4a7fcb8","NWB - Wegen WMS","https://service.pdok.nl/rws/nwbwegen/wms/v1_0?request=GetCapabilities&service=WMS","OGC:WMS","Beheer PDOK","beheerpdok@kadaster.nl,beheerpdok@kadaster.nl","Nederlands metadata profiel op ISO 19119 voor services 2.1.0","["https:\/\/www.nationaalgeoregister.nl\/geonetwork\/srv\/dut\/csw?service=CSW&request=GetRecordById&version=2.0.2&outputSchema=http:\/\/www.isotc211.org\/2005\/gmd&elementSetName=full&id=a9b7026e-0a81-4813-93bd-ba49e6f28502#MD_DataIdentification","https:\/\/www.nationaalgeoregister.nl\/geonetwork\/srv\/dut\/csw?service=CSW&request=GetRecordById&version=2.0.2&outputSchema=http:\/\/www.isotc211.org\/2005\/gmd&elementSetName=full&id=a9b7026e-0a81-4813-93bd-ba49e6f28502#MD_DataIdentification"]","a9b7026e-0a81-4813-93bd-ba49e6f28502 a9b7026e-0a81-4813-93bd-ba49e6f28502","view"
"a301ddc7-c26f-42d8-b367-509ae5ae47d0","Luchtfoto Beeldmateriaal 8cm en 25cm RGB WMS","https:\/\/service.pdok.nl\/hwh\/luchtfotorgb\/wms\/v1_0?request=GetCapabilities&service=wms","["OGC:WMS","OGC:WMS","OGC:WMS","OGC:WMS","OGC:WMS","OGC:WMS","OGC:WMS"]","Beheer PDOK","beheerpdok@kadaster.nl,beheerpdok@kadaster.nl","Nederlands metadata profiel op ISO 19119 voor services 2.1.0","["https:\/\/www.nationaalgeoregister.nl:443\/geonetwork\/srv\/dut\/csw?service=CSW&request=GetRecordById&version=2.0.2&outputSchema=http:\/\/www.isotc211.org\/2005\/gmd&elementSetName=full&id=74aca3eb-c38b-4214-9537-e0abc69e11b5#MD_DataIdentification","https:\/\/www.nationaalgeoregister.nl:443\/geonetwork\/srv\/dut\/csw?service=CSW&request=GetRecordById&version=2.0.2&outputSchema=http:\/\/www.isotc211.org\/2005\/gmd&elementSetName=full&id=5b274449-b6c2-4672-a32f-e0bd40975a53#MD_DataIdentification","https:\/\/www.nationaalgeoregister.nl:443\/geonetwork\/srv\/dut\/csw?service=CSW&request=GetRecordById&version=2.0.2&outputSchema=http:\/\/www.isotc211.org\/2005\/gmd&elementSetName=full&id=df15af6e-0d21-4437-a69f-802be3479bba#MD_DataIdentification","https:\/\/www.nationaalgeoregister.nl:443\/geonetwork\/srv\/dut\/csw?service=CSW&request=GetRecordById&version=2.0.2&outputSchema=http:\/\/www.isotc211.org\/2005\/gmd&elementSetName=full&id=64ff8561-5c56-4cc1-ae0e-94366fb70b7e#MD_DataIdentification","https:\/\/www.nationaalgeoregister.nl\/geonetwork\/srv\/dut\/csw?service=CSW&request=GetRecordById&version=2.0.2&outputSchema=http:\/\/www.isotc211.org\/2005\/gmd&elementSetName=full&id=4e2bb25e-a5a9-43a7-986a-40e7aea32e38#MD_DataIdentification"]","74aca3eb-c38b-4214-9537-e0abc69e11b5 5b274449-b6c2-4672-a32f-e0bd40975a53 df15af6e-0d21-4437-a69f-802be3479bba 64ff8561-5c56-4cc1-ae0e-94366fb70b7e 4e2bb25e-a5a9-43a7-986a-40e7aea32e38","view"
"03c48a93-1e31-4c69-92c6-9a7efecf67a9","Digitaal Topografisch Bestand (DTB) WFS","https://service.pdok.nl/rws/digitaaltopografischbestand/wfs/v1_0?request=GetCapabilities&service=WFS","OGC:WFS","Beheer PDOK","beheerpdok@kadaster.nl,beheerpdok@kadaster.nl","Nederlands metadata profiel op ISO 19119 voor services 2.1.0","https://www.nationaalgeoregister.nl/geonetwork/srv/dut/csw?service=CSW&request=GetRecordById&version=2.0.2&outputSchema=http://www.isotc211.org/2005/gmd&elementSetName=full&id=c4b137b8-2317-42c2-aced-204c4216d68d#MD_DataIdentification","c4b137b8-2317-42c2-aced-204c4216d68d","other"
"9c4862c3-0bab-49c3-bc2f-ac5486826766","Habitatrichtlijn verspreiding van soorten WFS","https://service.pdok.nl/rvo/habitatrichtlijnsoorten/wfs/v1_0?request=GetCapabilities&service=WFS","OGC:WFS","Beheer PDOK","beheerpdok@kadaster.nl,beheerpdok@kadaster.nl","Nederlands metadata profiel op ISO 19119 voor services 2.1.0","https://nationaalgeoregister.nl/geonetwork/srv/dut/csw?service=CSW&request=GetRecordById&version=2.0.2&outputSchema=http://www.isotc211.org/2005/gmd&elementSetName=full&id=28c4780a-1a44-4376-b283-14a50a481729#MD_DataIdentification","28c4780a-1a44-4376-b283-14a50a481729","other"
"598c4109-21d2-4a6c-b083-9975a6736849","NWB - Vaarwegen (Nationaal Wegen Bestand) WMS","https:\/\/service.pdok.nl\/rws\/nwbvaarwegen\/wms\/v1_0?request=getcapabilities&service=wms","["OGC:WMS","OGC:WMS"]","Beheer PDOK","beheerPDOK@kadaster.nl,beheerPDOK@kadaster.nl","Nederlands metadata profiel op ISO 19119 voor services 2.1.0","https://www.nationaalgeoregister.nl/geonetwork/srv/dut/csw?service=CSW&request=GetRecordById&version=2.0.2&outputSchema=http://www.isotc211.org/2005/gmd&elementSetName=full&id=00d8c7c8-98ff-4b06-8f53-b44216e6e75c#MD_DataIdentification","00d8c7c8-98ff-4b06-8f53-b44216e6e75c","view"
"7bd02d32-581a-4936-a64f-1e8328078829","Gebiedsbeheer eenheden - Kwetsbaar gebied - RSA (INSPIRE geharmoniseerd) ATOM","https://service.pdok.nl/rws/gebiedsbeheer/kwetsbaargebied/atom/index.xml","INSPIRE Atom","Beheer PDOK","beheerpdok@kadaster.nl,beheerpdok@kadaster.nl","Nederlands metadata profiel op ISO 19119 voor services 2.1.0","https://www.nationaalgeoregister.nl/geonetwork/srv/dut/csw?service=CSW&request=GetRecordById&version=2.0.2&outputSchema=http://www.isotc211.org/2005/gmd&elementSetName=full&id=aa13c390-6b6c-407f-bae9-dae2ee8628fd#MD_DataIdentification","aa13c390-6b6c-407f-bae9-dae2ee8628fd","download"
"7a748a59-36f4-475b-9647-402b5ce89a1c","Bodemgebruik - Land Cover (INSPIRE geharmoniseerd) ATOM","https://service.pdok.nl/kadaster/lc/atom/v1_0/index.xml","INSPIRE Atom","Beheer PDOK","beheerpdok@kadaster.nl,beheerpdok@kadaster.nl","Nederlands metadata profiel op ISO 19119 voor services 2.1.0","["https:\/\/www.nationaalgeoregister.nl\/geonetwork\/srv\/dut\/csw?service=CSW&request=GetRecordById&version=2.0.2&outputSchema=http:\/\/www.isotc211.org\/2005\/gmd&elementSetName=full&id=1689d1b7-ef22-417a-becd-d8d9a8a90a10#MD_DataIdentification","https:\/\/www.nationaalgeoregister.nl\/geonetwork\/srv\/dut\/csw?service=CSW&request=GetRecordById&version=2.0.2&outputSchema=http:\/\/www.isotc211.org\/2005\/gmd&elementSetName=full&id=1689d1b7-ef22-417a-becd-d8d9a8a90a10#MD_DataIdentification"]","1689d1b7-ef22-417a-becd-d8d9a8a90a10 1689d1b7-ef22-417a-becd-d8d9a8a90a10","download"
"5dacef44-361e-4a3d-b86f-1d6d26297337","CBS Gebiedsindelingen 2022 WFS","https://service.pdok.nl/cbs/gebiedsindelingen/2022/wfs/v1_0?request=GetCapabilities&service=WFS","OGC:WFS","Beheer PDOK","beheerpdok@kadaster.nl,beheerpdok@kadaster.nl","Nederlands metadata profiel op ISO 19119 voor services 2.1.0","https://www.nationaalgeoregister.nl/geonetwork/srv/dut/csw?service=CSW&request=GetRecordById&version=2.0.2&outputSchema=http://www.isotc211.org/2005/gmd&elementSetName=full&id=effe1ab0-073d-437c-af13-df5c5e07d6cd#MD_DataIdentification","effe1ab0-073d-437c-af13-df5c5e07d6cd","other"
"9c50592e-57be-4d74-91fd-bcaee20bb14e","CBS Gebiedsindelingen 2022 WMS","https://service.pdok.nl/cbs/gebiedsindelingen/2022/wms/v1_0?request=GetCapabilities&service=WMS","OGC:WMS","Beheer PDOK","beheerpdok@kadaster.nl,beheerpdok@kadaster.nl","Nederlands metadata profiel op ISO 19119 voor services 2.1.0","https://www.nationaalgeoregister.nl/geonetwork/srv/dut/csw?service=CSW&request=GetRecordById&version=2.0.2&outputSchema=http://www.isotc211.org/2005/gmd&elementSetName=full&id=effe1ab0-073d-437c-af13-df5c5e07d6cd#MD_DataIdentification","effe1ab0-073d-437c-af13-df5c5e07d6cd","view"
"d7a395a2-8673-4794-a5a6-fed6492cd580","Luchtfoto Beeldmateriaal Infrarood 25cm en 8cm WMS","https:\/\/service.pdok.nl\/hwh\/luchtfotocir\/wms\/v1_0?request=GetCapabilities&service=wms","["OGC:WMS","OGC:WMS","OGC:WMS","OGC:WMS","OGC:WMS","OGC:WMS"]","Beheer PDOK","beheerPDOK@kadaster.nl,beheerPDOK@kadaster.nl","Nederlands metadata profiel op ISO 19119 voor services 2.1.0","["https:\/\/www.nationaalgeoregister.nl\/geonetwork\/srv\/dut\/csw?service=CSW&request=GetRecordById&version=2.0.2&outputSchema=http:\/\/www.isotc211.org\/2005\/gmd&elementSetName=full&id=1be28290-55fa-4486-b9d3-b9d147117863#MD_DataIdentification","https:\/\/www.nationaalgeoregister.nl\/geonetwork\/srv\/dut\/csw?service=CSW&request=GetRecordById&version=2.0.2&outputSchema=http:\/\/www.isotc211.org\/2005\/gmd&elementSetName=full&id=7c24ea89-074e-4c4f-91e3-d38e813e9cb6#MD_DataIdentification","https:\/\/www.nationaalgeoregister.nl\/geonetwork\/srv\/dut\/csw?service=CSW&request=GetRecordById&version=2.0.2&outputSchema=http:\/\/www.isotc211.org\/2005\/gmd&elementSetName=full&id=7f5d7945-8fa8-4d36-be4c-2fdb3c7d613b#MD_DataIdentification","https:\/\/www.nationaalgeoregister.nl\/geonetwork\/srv\/dut\/csw?service=CSW&request=GetRecordById&version=2.0.2&outputSchema=http:\/\/www.isotc211.org\/2005\/gmd&elementSetName=full&id=9ed6b8ed-254a-4745-a09a-3b57137d1b69#MD_DataIdentification","https:\/\/www.nationaalgeoregister.nl\/geonetwork\/srv\/dut\/csw?service=CSW&request=GetRecordById&version=2.0.2&outputSchema=http:\/\/www.isotc211.org\/2005\/gmd&elementSetName=full&id=4cfb1469-a152-4ba6-8fe9-4b627acd7ee0#MD_DataIdentification"]","1be28290-55fa-4486-b9d3-b9d147117863 7c24ea89-074e-4c4f-91e3-d38e813e9cb6 7f5d7945-8fa8-4d36-be4c-2fdb3c7d613b 9ed6b8ed-254a-4745-a09a-3b57137d1b69 4cfb1469-a152-4ba6-8fe9-4b627acd7ee0","view"
"effe2d13-843a-4fd2-8a49-5823c282aaf3","CBS Vierkantstatistieken 500m 2019 WFS","https://service.pdok.nl/cbs/vierkantstatistieken500m/2019/wfs/v1_0?request=GetCapabilities&service=WFS","OGC:WFS","Beheer PDOK","beheerpdok@kadaster.nl,beheerpdok@kadaster.nl","Nederlands metadata profiel op ISO 19119 voor services 2.1.0","https://www.nationaalgeoregister.nl/geonetwork/srv/dut/csw?service=CSW&request=GetRecordById&version=2.0.2&outputSchema=http://www.isotc211.org/2005/gmd&elementSetName=full&id=f605a24f-60cd-4c40-94c8-2186aba3ddd0#MD_DataIdentification","f605a24f-60cd-4c40-94c8-2186aba3ddd0","other"
"f917ffa9-1531-48ea-867e-0d413d85b05a","Digitaal Topografisch Bestand (DTB) WMS","https://service.pdok.nl/rws/digitaaltopografischbestand/wms/v1_0?request=GetCapabilities&service=WMS","OGC:WMS","Beheer PDOK","beheerpdok@kadaster.nl,beheerpdok@kadaster.nl","Nederlands metadata profiel op ISO 19119 voor services 2.1.0","https://www.nationaalgeoregister.nl/geonetwork/srv/dut/csw?service=CSW&request=GetRecordById&version=2.0.2&outputSchema=http://www.isotc211.org/2005/gmd&elementSetName=full&id=c4b137b8-2317-42c2-aced-204c4216d68d#MD_DataIdentification","c4b137b8-2317-42c2-aced-204c4216d68d","view"
"838d49cd-bcec-4e92-9172-fabb96c21b3d","Publiekrechtelijke beperkingen ATOM","https://service.pdok.nl/kadaster/wkpb/atom/v1_0/index.xml","INSPIRE Atom","Beheer PDOK","beheerpdok@kadaster.nl,beheerpdok@kadaster.nl","Nederlands metadata profiel op ISO 19119 voor services 2.1.0","https://nationaalgeoregister.nl/geonetwork/srv/dut/csw?service=CSW&request=GetRecordById&version=2.0.2&outputSchema=http://www.isotc211.org/2005/gmd&elementSetName=full&id=5d2ffea6-e7c5-4e29-9474-c13718828779#MD_DataIdentification","5d2ffea6-e7c5-4e29-9474-c13718828779","download"
"d84b0a71-4460-4e16-8a7e-5507f2e6bcbf","BRO Model Grondwaterspiegeldiepte (WDM) ATOM","https://service.pdok.nl/bzk/bro-grondwaterspiegeldiepte/atom/index.xml","INSPIRE Atom","Beheer PDOK","beheerpdok@kadaster.nl,beheerpdok@kadaster.nl","Nederlands metadata profiel op ISO 19119 voor services 2.1.0","https://www.nationaalgeoregister.nl/geonetwork/srv/dut/csw?service=CSW&request=GetRecordById&version=2.0.2&outputSchema=http://www.isotc211.org/2005/gmd&elementSetName=full&id=b756dabe-a331-42cd-b45e-f61828ee4534#MD_DataIdentification","b756dabe-a331-42cd-b45e-f61828ee4534","download"
"dc9fbc85-1263-4a1b-b001-7be701a6039e","Ruimtelijke plannen Wro: Ruimtelijkeplannen.nl ATOM","https://service.pdok.nl/kadaster/plu/atom/v1_0/index.xml","INSPIRE Atom","Beheer PDOK","beheerpdok@kadaster.nl,beheerpdok@kadaster.nl","Nederlands metadata profiel op ISO 19119 voor services 2.1.0","https://nationaalgeoregister.nl/geonetwork/srv/dut/csw?service=CSW&request=GetRecordById&version=2.0.2&outputSchema=http://www.isotc211.org/2005/gmd&elementSetName=full&id=17716ed7-ce0d-4bfd-8868-a398e5578a36#MD_DataIdentification","17716ed7-ce0d-4bfd-8868-a398e5578a36","download"
"d447ba36-0073-4547-a035-b482251b0ae0","Faciliteiten voor productie en industrie - Productie-installaties - REV (INSPIRE geharmoniseerd) ATOM","https://service.pdok.nl/rws/faciliteiten-voor-productie-en-industrie/productie-installaties/atom/index.xml","INSPIRE Atom","Beheer PDOK","beheerpdok@kadaster.nl,beheerpdok@kadaster.nl","Nederlands metadata profiel op ISO 19119 voor services 2.1.0","https://www.nationaalgeoregister.nl/geonetwork/srv/dut/csw?service=CSW&request=GetRecordById&version=2.0.2&outputSchema=http://www.isotc211.org/2005/gmd&elementSetName=full&id=f319b406-0829-41db-bea5-7b644040df32#MD_DataIdentification","f319b406-0829-41db-bea5-7b644040df32","download"
"252db472-201d-430b-9c55-4d37563787bc","Vaarwegmarkeringen Nederland ATOM","https://service.pdok.nl/rws/vaarwegmarkeringennld/atom/index.xml","INSPIRE Atom","Beheer PDOK","beheerpdok@kadaster.nl,beheerpdok@kadaster.nl","Nederlands metadata profiel op ISO 19119 voor services 2.1.0","https://nationaalgeoregister.nl/geonetwork/srv/dut/csw?service=CSW&request=GetRecordById&version=2.0.2&outputSchema=http://www.isotc211.org/2005/gmd&elementSetName=full&id=be1b1514-8d1f-48e1-9624-fee9b784138b#MD_DataIdentification","be1b1514-8d1f-48e1-9624-fee9b784138b","download"
"c0bef00c-e00c-4004-93c6-7bb8df62ec38","CBS Existing Land Use (INSPIRE geharmoniseerd) ATOM","https://service.pdok.nl/cbs/landuse/atom/index.xml","INSPIRE Atom","Beheer PDOK","beheerpdok@kadaster.nl,beheerpdok@kadaster.nl","Nederlands metadata profiel op ISO 19119 voor services 2.1.0","https://www.nationaalgeoregister.nl/geonetwork/srv/dut/csw?service=CSW&request=GetRecordById&version=2.0.2&outputSchema=http://www.isotc211.org/2005/gmd&elementSetName=full&id=6318009c-7b11-4ab9-9929-735584dfb692#MD_DataIdentification","6318009c-7b11-4ab9-9929-735584dfb692","download"
"272cea07-6e81-4f0c-9db3-b4a4031f7bce","Schelpdierpercelen ATOM","https://service.pdok.nl/rvo/schelpdierpercelen/atom/index.xml","INSPIRE Atom","Beheer PDOK","beheerpdok@kadaster.nl,beheerpdok@kadaster.nl","Nederlands metadata profiel op ISO 19119 voor services 2.1.0","https://www.nationaalgeoregister.nl/geonetwork/srv/dut/csw?service=CSW&request=GetRecordById&version=2.0.2&outputSchema=http://www.isotc211.org/2005/gmd&elementSetName=full&id=fe0e1e5f-512f-4bb1-bbf8-4028d3dfa24f#MD_DataIdentification","fe0e1e5f-512f-4bb1-bbf8-4028d3dfa24f","download"
"bca00324-88a2-494d-bb10-6021b0cd27a5","BRO - Grondwatermonitoringput (GMW) - Geologie (INSPIRE geharmoniseerd) ATOM","https://service.pdok.nl/bzk/geologie/bro-grondwatermonitoringput/atom/index.xml","INSPIRE Atom","Beheer PDOK","beheerpdok@kadaster.nl,beheerpdok@kadaster.nl","Nederlands metadata profiel op ISO 19119 voor services 2.1.0","https://www.nationaalgeoregister.nl/geonetwork/srv/dut/csw?service=CSW&request=GetRecordById&version=2.0.2&outputSchema=http://www.isotc211.org/2005/gmd&elementSetName=full&id=851fc968-137e-11eb-adc1-0242ac120002#MD_DataIdentification","851fc968-137e-11eb-adc1-0242ac120002","download"
"d48fbd9e-5143-4a54-8624-dc5beff2ab93","Agglomeraties - Richtlijn Omgevingslawaai (INSPIRE geharmoniseerd) ATOM","https://service.pdok.nl/ienw/gebiedsbeheer/agglomeraties-richtlijn-omgevingslawaai/atom/index.xml","INSPIRE Atom","Beheer PDOK","beheerpdok@kadaster.nl,beheerpdok@kadaster.nl","Nederlands metadata profiel op ISO 19119 voor services 2.1.0","https://www.nationaalgeoregister.nl/geonetwork/srv/dut/csw?service=CSW&request=GetRecordById&version=2.0.2&outputSchema=http://www.isotc211.org/2005/gmd&elementSetName=full&id=52967bce-30cd-4d64-b8da-9f27da828113#MD_DataIdentification","52967bce-30cd-4d64-b8da-9f27da828113","download"
"641a0f48-872b-4470-b130-e3d28e6bfdfb","Kaderrichtlijn Mariene Strategie ATOM","https://service.pdok.nl/rws/richtlijnmarienestrategienederland/atom/index.xml","INSPIRE Atom","Beheer PDOK","beheerpdok@kadaster.nl,beheerpdok@kadaster.nl","Nederlands metadata profiel op ISO 19119 voor services 2.1.0","https://www.nationaalgeoregister.nl/geonetwork/srv/dut/csw?service=CSW&request=GetRecordById&version=2.0.2&outputSchema=http://www.isotc211.org/2005/gmd&elementSetName=full&id=0deb6c22-a6ae-453d-a956-205f52141ca1#MD_DataIdentification","0deb6c22-a6ae-453d-a956-205f52141ca1","download"
"2b083039-6662-47f3-b6d5-d00af64f91ef","Waterschappen Nuts-Overheidsdiensten (INSPIRE geharmoniseerd) ATOM","https://service.pdok.nl/hwh/nutsdiensten-en-overheidsdiensten/atom/index.xml","INSPIRE Atom","Beheer PDOK","beheerpdok@kadaster.nl,beheerpdok@kadaster.nl","Nederlands metadata profiel op ISO 19119 voor services 2.1.0","https://www.nationaalgeoregister.nl/geonetwork/srv/dut/csw?service=CSW&request=GetRecordById&version=2.0.2&outputSchema=http://www.isotc211.org/2005/gmd&elementSetName=full&id=bffcd5d9-02b4-4e7d-991f-a386611cad84#MD_DataIdentification","bffcd5d9-02b4-4e7d-991f-a386611cad84","download"
"cc6f76b2-f28e-4eb3-8d89-d1a6a135c010","Nationaal Hydrologisch Instrumentarium (NHI) ATOM","https://service.pdok.nl/rws/nhi/atom/index.xml","INSPIRE Atom","Beheer PDOK","beheerpdok@kadaster.nl,beheerpdok@kadaster.nl","Nederlands metadata profiel op ISO 19119 voor services 2.1.0","https://www.nationaalgeoregister.nl/geonetwork/srv/dut/csw?service=CSW&request=GetRecordById&version=2.0.2&outputSchema=http://www.isotc211.org/2005/gmd&elementSetName=full&id=710c381c-ab2d-45d5-a45d-af2eba811e5f#MD_DataIdentification","710c381c-ab2d-45d5-a45d-af2eba811e5f","download"
"5a6c27b9-a7ed-4461-bd8c-4d022d04f1b0","Zwemwater (Provinciaal en Rijkswateren) (INSPIRE geharmoniseerd) ATOM","https://service.pdok.nl/provincies/zwemwater-provinciaal-rijkswateren/atom/v1_0/index.xml","INSPIRE Atom","Beheer PDOK","beheerpdok@kadaster.nl,beheerpdok@kadaster.nl","Nederlands metadata profiel op ISO 19119 voor services 2.1.0","https://www.nationaalgeoregister.nl/geonetwork/srv/dut/csw?service=CSW&request=GetRecordById&version=2.0.2&outputSchema=http://www.isotc211.org/2005/gmd&elementSetName=full&id=fe45c540-e37d-11e4-b571-0800200c9a66#MD_DataIdentification","fe45c540-e37d-11e4-b571-0800200c9a66","download"
"1619798e-4254-4b85-8562-dc2a25338f48","CBS Vierkantstatistieken 100m ATOM","https://service.pdok.nl/cbs/vierkantstatistieken100m/atom/index.xml","INSPIRE Atom","Beheer PDOK","beheerpdok@kadaster.nl,beheerpdok@kadaster.nl","Nederlands metadata profiel op ISO 19119 voor services 2.1.0","https://nationaalgeoregister.nl/geonetwork/srv/dut/csw?service=CSW&request=GetRecordById&version=2.0.2&outputSchema=http://www.isotc211.org/2005/gmd&elementSetName=full&id=1462bbce-ccd3-4362-83d8-4535ca8f44eb#MD_DataIdentification","1462bbce-ccd3-4362-83d8-4535ca8f44eb","download"
"6da29d3a-0e42-4b74-81ef-da707991ae07","CBS Wijken en Buurten 2022 versie 3 ATOM","https://service.pdok.nl/cbs/wijkenbuurten/2022/atom/index.xml","INSPIRE Atom","Beheer PDOK","beheerpdok@kadaster.nl,beheerpdok@kadaster.nl","Nederlands metadata profiel op ISO 19119 voor services 2.1.0","https://www.nationaalgeoregister.nl/geonetwork/srv/dut/csw?service=CSW&request=GetRecordById&version=2.0.2&outputSchema=http://www.isotc211.org/2005/gmd&elementSetName=full&id=70c52fd8-6b2e-42aa-873a-742711903243#MD_DataIdentification","70c52fd8-6b2e-42aa-873a-742711903243","download"
"559f7f5b-44fc-4003-9fb5-4d8c9aff6060","Vervoersnetwerken (INSPIRE geharmoniseerd) ATOM","https://service.pdok.nl/kadaster/tn/atom/v1_0/index.xml","INSPIRE Atom","Beheer PDOK","beheerpdok@kadaster.nl,beheerpdok@kadaster.nl","Nederlands metadata profiel op ISO 19119 voor services 2.1.0","["https:\/\/nationaalgeoregister.nl\/geonetwork\/srv\/dut\/csw?service=CSW&request=GetRecordById&version=2.0.2&outputSchema=http:\/\/www.isotc211.org\/2005\/gmd&elementSetName=full&id=6c06740d-058f-4a12-bb3f-bf68efd03d09#MD_DataIdentification","https:\/\/nationaalgeoregister.nl\/geonetwork\/srv\/dut\/csw?service=CSW&request=GetRecordById&version=2.0.2&outputSchema=http:\/\/www.isotc211.org\/2005\/gmd&elementSetName=full&id=31de946d-85d4-4c93-bb97-e25f4ef1401a#MD_DataIdentification","https:\/\/nationaalgeoregister.nl\/geonetwork\/srv\/dut\/csw?service=CSW&request=GetRecordById&version=2.0.2&outputSchema=http:\/\/www.isotc211.org\/2005\/gmd&elementSetName=full&id=3a7dd0a6-d130-4c4c-b0ba-24365cf036e2#MD_DataIdentification","https:\/\/nationaalgeoregister.nl\/geonetwork\/srv\/dut\/csw?service=CSW&request=GetRecordById&version=2.0.2&outputSchema=http:\/\/www.isotc211.org\/2005\/gmd&elementSetName=full&id=5951efa2-1ff3-4763-a966-a2f5497679ee#MD_DataIdentification","https:\/\/nationaalgeoregister.nl\/geonetwork\/srv\/dut\/csw?service=CSW&request=GetRecordById&version=2.0.2&outputSchema=http:\/\/www.isotc211.org\/2005\/gmd&elementSetName=full&id=8f45b8ef-0ce8-463a-9059-5efdcecb785c#MD_DataIdentification"]","6c06740d-058f-4a12-bb3f-bf68efd03d09 31de946d-85d4-4c93-bb97-e25f4ef1401a 3a7dd0a6-d130-4c4c-b0ba-24365cf036e2 5951efa2-1ff3-4763-a966-a2f5497679ee 8f45b8ef-0ce8-463a-9059-5efdcecb785c","download"
"91b1f8ca-63a0-4ce6-b7e1-456ee6945638","Schelpdierpercelen (INSPIRE geharmoniseerd) Atom","https://service.pdok.nl/rvo/landbouw-en-aquacultuur/schelpdierpercelen/atom/index.xml","INSPIRE Atom","Beheer PDOK","beheerpdok@kadaster.nl,beheerpdok@kadaster.nl","Nederlands metadata profiel op ISO 19119 voor services 2.1.0","https://nationaalgeoregister.nl/geonetwork/srv/dut/csw?service=CSW&request=GetRecordById&version=2.0.2&outputSchema=http://www.isotc211.org/2005/gmd&elementSetName=full&id=c4b4e95a-12d7-4c74-933c-cb267cfe0bcf#MD_DataIdentification","c4b4e95a-12d7-4c74-933c-cb267cfe0bcf","download"
"8fb3a06d-af1a-4da9-a769-41edf3591805","Stiltegebieden - Provincies (INSPIRE geharmoniseerd) ATOM","https://service.pdok.nl/provincies/stiltegebieden/atom/index.xml","INSPIRE Atom","Beheer PDOK","beheerpdok@kadaster.nl,beheerpdok@kadaster.nl","Nederlands metadata profiel op ISO 19119 voor services 2.1.0","https://nationaalgeoregister.nl/geonetwork/srv/dut/csw?service=CSW&request=GetRecordById&version=2.0.2&outputSchema=http://www.isotc211.org/2005/gmd&elementSetName=full&id=cc408b2d-09a6-4b2b-9aa3-b46bfe2f00a5#MD_DataIdentification","cc408b2d-09a6-4b2b-9aa3-b46bfe2f00a5","download"
"0080a9ce-b836-45bc-8fdf-07dcbe97101d","Beschermde Gebieden - Cultuurhistorie (INSPIRE geharmoniseerd) ATOM","https://service.pdok.nl/rce/ps-ch/atom/v1_0/index.xml","INSPIRE Atom","Beheer PDOK","beheerpdok@kadaster.nl,beheerpdok@kadaster.nl","Nederlands metadata profiel op ISO 19119 voor services 2.1.0","https://www.nationaalgeoregister.nl/geonetwork/srv/dut/csw?service=CSW&request=GetRecordById&version=2.0.2&outputSchema=http://www.isotc211.org/2005/gmd&elementSetName=full&id=493ab81b-75f8-4205-b030-6b2fd9eb4295#MD_DataIdentification","493ab81b-75f8-4205-b030-6b2fd9eb4295","download"
"1196d687-f42c-4992-8030-1b875d62bc74","Weggegevens (WEGGEG) ATOM","https://service.pdok.nl/rws/weggeg/atom/index.xml","INSPIRE Atom","Beheer PDOK","beheerpdok@kadaster.nl,beheerpdok@kadaster.nl","Nederlands metadata profiel op ISO 19119 voor services 2.1.0","https://www.nationaalgeoregister.nl/geonetwork/srv/dut/csw?service=CSW&request=GetRecordById&version=2.0.2&outputSchema=http://www.isotc211.org/2005/gmd&elementSetName=full&id=abaf1e22-55aa-4a11-a855-7ac963e4a82b#MD_DataIdentification","abaf1e22-55aa-4a11-a855-7ac963e4a82b","download"
"095e3310-9b94-40a4-8317-08e184d28202","Hoofdspoorwegen - Richtlijn Omgevingslawaai (INSPIRE geharmoniseerd) ATOM","https://service.pdok.nl/ienw/vervoersnetwerken/hoofd-spoorwegen-richtlijn-omgevingslawaai/atom/index.xml","INSPIRE Atom","Beheer PDOK","beheerpdok@kadaster.nl,beheerpdok@kadaster.nl","Nederlands metadata profiel op ISO 19119 voor services 2.1.0","https://www.nationaalgeoregister.nl/geonetwork/srv/dut/csw?service=CSW&request=GetRecordById&version=2.0.2&outputSchema=http://www.isotc211.org/2005/gmd&elementSetName=full&id=a2338eab-179c-4899-acde-e5fbaa2bbeac#MD_DataIdentification","a2338eab-179c-4899-acde-e5fbaa2bbeac","download"
"a7b5bbd9-97a2-4ffa-89b5-1315ce03ff1c","Hoofdwegen - Richtlijn omgevingslawaai (INSPIRE geharmoniseerd) ATOM","https://service.pdok.nl/ienw/vervoersnetwerken/hoofdwegen-richtlijn-omgevingslawaai/atom/index.xml","INSPIRE Atom","Beheer PDOK","beheerpdok@kadaster.nl,beheerpdok@kadaster.nl","Nederlands metadata profiel op ISO 19119 voor services 2.1.0","https://www.nationaalgeoregister.nl/geonetwork/srv/dut/csw?service=CSW&request=GetRecordById&version=2.0.2&outputSchema=http://www.isotc211.org/2005/gmd&elementSetName=full&id=4f1247e9-e5c0-43fb-8449-271fd02a5219#MD_DataIdentification","4f1247e9-e5c0-43fb-8449-271fd02a5219","download"
"dc250a60-0ac6-487f-8a42-cb4f67582f34","Adressen (INSPIRE geharmoniseerd) ATOM","https://service.pdok.nl/kadaster/ad/atom/index.xml","INSPIRE Atom","Beheer PDOK","beheerpdok@kadaster.nl,beheerpdok@kadaster.nl","Nederlands metadata profiel op ISO 19119 voor services 2.1.0","https://www.nationaalgeoregister.nl/geonetwork/srv/dut/csw?service=CSW&request=GetRecordById&version=2.0.2&outputSchema=http://www.isotc211.org/2005/gmd&elementSetName=full&id=a5f961e9-ebdd-41e2-b8e8-ab33ed340a83#MD_DataIdentification","a5f961e9-ebdd-41e2-b8e8-ab33ed340a83","download"
"b8300fd4-3224-4b44-ae92-3eb82da0bb85","Vogelrichtlijn verspreiding van soorten ATOM","https://service.pdok.nl/rvo/vogelrichtlijnsoorten/atom/index.xml","INSPIRE Atom","Beheer PDOK","beheerpdok@kadaster.nl,beheerpdok@kadaster.nl","Nederlands metadata profiel op ISO 19119 voor services 2.1.0","https://www.nationaalgeoregister.nl/geonetwork/srv/dut/csw?service=CSW&request=GetRecordById&version=2.0.2&outputSchema=http://www.isotc211.org/2005/gmd&elementSetName=full&id=fcefa13c-44e2-4953-b6d6-1ddceebc57fc#MD_DataIdentification","fcefa13c-44e2-4953-b6d6-1ddceebc57fc","download"
"5559960d-37a1-4cab-ab09-5836dd700f45","BRO - Geologisch booronderzoek (BHR-G) ATOM","https://service.pdok.nl/bzk/bro-geologisch-booronderzoek/atom/index.xml","INSPIRE Atom","Beheer PDOK","beheerpdok@kadaster.nl,beheerpdok@kadaster.nl","Nederlands metadata profiel op ISO 19119 voor services 2.1.0","https://www.nationaalgeoregister.nl/geonetwork/srv/dut/csw?service=CSW&request=GetRecordById&version=2.0.2&outputSchema=http://www.isotc211.org/2005/gmd&elementSetName=full&id=2bae2c5e-02a3-4979-ac74-5f3f37b16bc1#MD_DataIdentification","2bae2c5e-02a3-4979-ac74-5f3f37b16bc1","download"
"0ab88d51-68fd-424e-8e22-8010bb023c0b","BRO - Bodemkundig booronderzoek (BHR-P) - Geologie (INSPIRE geharmoniseerd) ATOM","https://service.pdok.nl/bzk/geologie/bro-bodemkundig-booronderzoek/atom/index.xml","INSPIRE Atom","Beheer PDOK","beheerpdok@kadaster.nl,beheerpdok@kadaster.nl","Nederlands metadata profiel op ISO 19119 voor services 2.1.0","https://www.nationaalgeoregister.nl/geonetwork/srv/dut/csw?service=CSW&request=GetRecordById&version=2.0.2&outputSchema=http://www.isotc211.org/2005/gmd&elementSetName=full&id=923f1bf3-912d-4b46-b19e-f95944b61558#MD_DataIdentification","923f1bf3-912d-4b46-b19e-f95944b61558","download"
"dbb84969-8094-43e5-8824-245f1190a471","Nuts- en Overheidsdiensten - Riool - Milieu management voorziening - RSA (INSPIRE geharmoniseerd) ATOM","https://service.pdok.nl/rws/nutsdiensten-en-overheidsdiensten/riool-milieumanagementvoorzieningen/atom/index.xml","INSPIRE Atom","Beheer PDOK","beheerpdok@kadaster.nl,beheerpdok@kadaster.nl","Nederlands metadata profiel op ISO 19119 voor services 2.1.0","https://www.nationaalgeoregister.nl/geonetwork/srv/dut/csw?service=CSW&request=GetRecordById&version=2.0.2&outputSchema=http://www.isotc211.org/2005/gmd&elementSetName=full&id=cefad637-5ffd-4dd0-b475-bc125a11f7ea#MD_DataIdentification","cefad637-5ffd-4dd0-b475-bc125a11f7ea","download"
"295accbb-4ad2-4e50-a848-aa10e187b9ad","Scheepvaart Verkeersscheidingsstelsel Noordzee (Nederlands Continentaal Plat) ATOM","https://service.pdok.nl/rws/verkeersscheidingsstelsel/atom/index.xml","INSPIRE Atom","Beheer PDOK","beheerpdok@kadaster.nl,beheerpdok@kadaster.nl","Nederlands metadata profiel op ISO 19119 voor services 2.1.0","https://www.nationaalgeoregister.nl/geonetwork/srv/dut/csw?service=CSW&request=GetRecordById&version=2.0.2&outputSchema=http://www.isotc211.org/2005/gmd&elementSetName=full&id=5996e444-f7f3-40d2-b485-8b9af6e8aa89#MD_DataIdentification","5996e444-f7f3-40d2-b485-8b9af6e8aa89","download"
"56e8ce20-0e6f-4ef2-8c09-6e30bc3680b9","BRO Geomorfologische Kaart (GMM) ATOM","https://service.pdok.nl/bzk/bro-geomorfologischekaart/atom/v1_0/index.xml","INSPIRE Atom","Beheer PDOK","beheerpdok@kadaster.nl,beheerpdok@kadaster.nl","Nederlands metadata profiel op ISO 19119 voor services 2.1.0","https://www.nationaalgeoregister.nl/geonetwork/srv/dut/csw?service=CSW&request=GetRecordById&version=2.0.2&outputSchema=http://www.isotc211.org/2005/gmd&elementSetName=full&id=459231d0-7379-4f26-a444-7616e1d888f0#MD_DataIdentification","459231d0-7379-4f26-a444-7616e1d888f0","download"
"75eb8727-c2ae-4a48-b9fb-1a467623495d","KRW Oppervlaktewaterlichamen (INSPIRE geharmoniseerd) ATOM","https://service.pdok.nl/ihw/gebiedsbeheer/krw-oppervlaktewaterlichamen/atom/index.xml","INSPIRE Atom","Beheer PDOK","beheerpdok@kadaster.nl,beheerpdok@kadaster.nl","Nederlands metadata profiel op ISO 19119 voor services 2.1.0","https://www.nationaalgeoregister.nl/geonetwork/srv/dut/csw?service=CSW&request=GetRecordById&version=2.0.2&outputSchema=http://www.isotc211.org/2005/gmd&elementSetName=full&id=5619ed12-9176-4f36-8af7-a63b78f585c3#MD_DataIdentification","5619ed12-9176-4f36-8af7-a63b78f585c3","download"
"710a6a9b-c09f-4660-b15a-2d5bee27e7e3","CBS Gebiedsindelingen ATOM","https://service.pdok.nl/cbs/gebiedsindelingen/atom/v1_0/index.xml","INSPIRE Atom","Beheer PDOK","beheerpdok@kadaster.nl,beheerpdok@kadaster.nl","Nederlands metadata profiel op ISO 19119 voor services 2.1.0","https://nationaalgeoregister.nl/geonetwork/srv/dut/csw?service=CSW&request=GetRecordById&version=2.0.2&outputSchema=http://www.isotc211.org/2005/gmd&elementSetName=full&id=effe1ab0-073d-437c-af13-df5c5e07d6cd#MD_DataIdentification","effe1ab0-073d-437c-af13-df5c5e07d6cd","download"
"0821bf91-edd5-4701-b07c-8b7f8aaca7ef","Gebiedsbeheer eenheden - Kwetsbaar gebied - Agglomeraties - RSA (INSPIRE geharmoniseerd) ATOM","https://service.pdok.nl/rws/gebiedsbeheer/kwetsbaargebied-agglomeraties/atom/index.xml","INSPIRE Atom","Beheer PDOK","beheerpdok@kadaster.nl,beheerpdok@kadaster.nl","Nederlands metadata profiel op ISO 19119 voor services 2.1.0","https://www.nationaalgeoregister.nl/geonetwork/srv/dut/csw?service=CSW&request=GetRecordById&version=2.0.2&outputSchema=http://www.isotc211.org/2005/gmd&elementSetName=full&id=2350b86b-3efd-47e4-883e-519bfa8d0abd#MD_DataIdentification","2350b86b-3efd-47e4-883e-519bfa8d0abd","download"
"dc4dadda-7654-429e-823f-81e60fd8977b","Hoofd Luchtvervoersnetwerk - richtlijn omgevingslawaai (INSPIRE geharmoniseerd) ATOM","https://service.pdok.nl/ienw/vervoersnetwerken/hoofd-luchtvervoersnetwerk-richtlijn-omgevingslawaai/atom/index.xml","INSPIRE Atom","Beheer PDOK","beheerpdok@kadaster.nl,beheerpdok@kadaster.nl","Nederlands metadata profiel op ISO 19119 voor services 2.1.0","https://www.nationaalgeoregister.nl/geonetwork/srv/dut/csw?service=CSW&request=GetRecordById&version=2.0.2&outputSchema=http://www.isotc211.org/2005/gmd&elementSetName=full&id=9f876090-9ee4-4a72-8d04-cc8d5a253876#MD_DataIdentification","9f876090-9ee4-4a72-8d04-cc8d5a253876","download"
"684e0cf6-06fb-48d1-8c9a-7ef5b6efaa23","Vervoersnetwerken - Wegen - Netwerk (INSPIRE geharmoniseerd) ATOM","https://service.pdok.nl/rws/vervoersnetwerken/wegen/atom/index.xml","INSPIRE Atom","Beheer PDOK","beheerpdok@kadaster.nl,beheerpdok@kadaster.nl","Nederlands metadata profiel op ISO 19119 voor services 2.1.0","https://www.nationaalgeoregister.nl/geonetwork/srv/dut/csw?service=CSW&request=GetRecordById&version=2.0.2&outputSchema=http://www.isotc211.org/2005/gmd&elementSetName=full&id=f4520ae7-9229-4132-8d42-37b4f962212a#MD_DataIdentification","f4520ae7-9229-4132-8d42-37b4f962212a","download"
"08a784fe-0da8-4ede-bec9-c28fa81fc11d","Provinciaal Landschapsbeleid (voorheen Nationale Landschappen) - Provincies (INSPIRE geharmoniseerd) ATOM","https://service.pdok.nl/provincies/provinciaal-landschapsbeleid/atom/index.xml","INSPIRE Atom","Beheer PDOK","beheerpdok@kadaster.nl,beheerpdok@kadaster.nl","Nederlands metadata profiel op ISO 19119 voor services 2.1.0","https://nationaalgeoregister.nl/geonetwork/srv/dut/csw?service=CSW&request=GetRecordById&version=2.0.2&outputSchema=http://www.isotc211.org/2005/gmd&elementSetName=full&id=60a2a7c2-d5b3-4ad5-b562-c448695357fb#MD_DataIdentification","60a2a7c2-d5b3-4ad5-b562-c448695357fb","download"
"ba0d1555-d3d2-430d-ad4f-dfadf03ba650","CBS Wijken en Buurten 2024 versie 1 ATOM","https://service.pdok.nl/cbs/wijkenbuurten/2024/atom/index.xml","INSPIRE Atom","Beheer PDOK","beheerpdok@kadaster.nl,beheerpdok@kadaster.nl","Nederlands metadata profiel op ISO 19119 voor services 2.1.0","https://www.nationaalgeoregister.nl/geonetwork/srv/dut/csw?service=CSW&request=GetRecordById&version=2.0.2&outputSchema=http://www.isotc211.org/2005/gmd&elementSetName=full&id=a0cfe9fa-4b2d-404c-a2ca-c98bc12abdfd#MD_DataIdentification","a0cfe9fa-4b2d-404c-a2ca-c98bc12abdfd","download"
"0fa448bb-332b-40b2-adab-13626b29bee6","Gepland Landgebruik (INSPIRE geharmoniseerd) ATOM","https://service.pdok.nl/kadaster/lu/atom/v1_0/index.xml","INSPIRE Atom","Beheer PDOK","beheerpdok@kadaster.nl,beheerpdok@kadaster.nl","Nederlands metadata profiel op ISO 19119 voor services 2.1.0","https://www.nationaalgeoregister.nl/geonetwork/srv/dut/csw?service=CSW&request=GetRecordById&version=2.0.2&outputSchema=http://www.isotc211.org/2005/gmd&elementSetName=full&id=17716ed7-ce0d-4bfd-8868-a398e5578a88#MD_DataIdentification","17716ed7-ce0d-4bfd-8868-a398e5578a88","download"
"0017219b-fb75-47aa-a6bf-496f2514e545","Aardkundige Waarden - Provincies (INSPIRE geharmoniseerd) ATOM","https://service.pdok.nl/provincies/aardkundige-waarden/atom/index.xml","INSPIRE Atom","Beheer PDOK","beheerpdok@kadaster.nl,beheerpdok@kadaster.nl","Nederlands metadata profiel op ISO 19119 voor services 2.1.0","https://nationaalgeoregister.nl/geonetwork/srv/dut/csw?service=CSW&request=GetRecordById&version=2.0.2&outputSchema=http://www.isotc211.org/2005/gmd&elementSetName=full&id=f002bfc5-7d87-46b6-819e-8415422b65c9#MD_DataIdentification","f002bfc5-7d87-46b6-819e-8415422b65c9","download"
"2751ba40-5100-4186-81be-b7fdee95b49c","Wetlands ATOM","https://service.pdok.nl/rvo/wetlands/atom/index.xml","INSPIRE Atom","Beheer PDOK","beheerpdok@kadaster.nl,beheerpdok@kadaster.nl","Nederlands metadata profiel op ISO 19119 voor services 2.1.0","https://nationaalgeoregister.nl/geonetwork/srv/dut/csw?service=CSW&request=GetRecordById&version=2.0.2&outputSchema=http://www.isotc211.org/2005/gmd&elementSetName=full&id=07d73b60-dfd6-4c54-9c82-9fac70c6c48e#MD_DataIdentification","07d73b60-dfd6-4c54-9c82-9fac70c6c48e","download"
"8a594e51-9dcf-4ef3-9f67-7d73bfd71d27","Nationale Parken ATOM","https://service.pdok.nl/rvo/nationale-parken/atom/index.xml","INSPIRE Atom","Beheer PDOK","beheerpdok@kadaster.nl,beheerpdok@kadaster.nl","Nederlands metadata profiel op ISO 19119 voor services 2.1.0","https://nationaalgeoregister.nl/geonetwork/srv/dut/csw?service=CSW&request=GetRecordById&version=2.0.2&outputSchema=http://www.isotc211.org/2005/gmd&elementSetName=full&id=4961d305-fbb5-426a-9ba3-53e1ca5f3b18#MD_DataIdentification","4961d305-fbb5-426a-9ba3-53e1ca5f3b18","download"
"a3ff2537-0f2e-46e9-a0f8-9ec6ffac023d","BRO Grondwatergebruiksysteem (GUF) - Faciliteiten voor productie en industrie (INSPIRE geharmoniseerd) ATOM","https://service.pdok.nl/bzk/faciliteiten-voor-productie-en-industrie/bro-grondwatergebruiksysteem/atom/index.xml","INSPIRE Atom","Beheer PDOK","beheerpdok@kadaster.nl,beheerpdok@kadaster.nl","Nederlands metadata profiel op ISO 19119 voor services 2.1.0","https://www.nationaalgeoregister.nl/geonetwork/srv/dut/csw?service=CSW&request=GetRecordById&version=2.0.2&outputSchema=http://www.isotc211.org/2005/gmd&elementSetName=full&id=d1481a5f-be34-42b7-b9d8-257a46e0d17c#MD_DataIdentification","d1481a5f-be34-42b7-b9d8-257a46e0d17c","download"
"71b8214f-7525-45bd-bdee-2c60f32a1725","NWB - Wegen ATOM","https://service.pdok.nl/rws/nwbwegen/atom/index.xml","INSPIRE Atom","Beheer PDOK","beheerpdok@kadaster.nl,beheerpdok@kadaster.nl","Nederlands metadata profiel op ISO 19119 voor services 2.1.0","["https:\/\/www.nationaalgeoregister.nl\/geonetwork\/srv\/dut\/csw?service=CSW&request=GetRecordById&version=2.0.2&outputSchema=http:\/\/www.isotc211.org\/2005\/gmd&elementSetName=full&id=a9b7026e-0a81-4813-93bd-ba49e6f28502#MD_DataIdentification","https:\/\/www.nationaalgeoregister.nl\/geonetwork\/srv\/dut\/csw?service=CSW&request=GetRecordById&version=2.0.2&outputSchema=http:\/\/www.isotc211.org\/2005\/gmd&elementSetName=full&id=a9b7026e-0a81-4813-93bd-ba49e6f28502#MD_DataIdentification"]","a9b7026e-0a81-4813-93bd-ba49e6f28502 a9b7026e-0a81-4813-93bd-ba49e6f28502","download"
"641afa9a-2816-40d6-80b4-6bf0f75dc415","BRO Grondwatergebruik (GU) - Milieubewakingsvoorzieningen (INSPIRE geharmoniseerd) ATOM","https://service.pdok.nl/bzk/milieubewakingsvoorzieningen/bro-grondwatergebruik/atom/index.xml","INSPIRE Atom","Beheer PDOK","beheerpdok@kadaster.nl,beheerpdok@kadaster.nl","Nederlands metadata profiel op ISO 19119 voor services 2.1.0","https://www.nationaalgeoregister.nl/geonetwork/srv/dut/csw?service=CSW&request=GetRecordById&version=2.0.2&outputSchema=http://www.isotc211.org/2005/gmd&elementSetName=full&id=bc6a24a1-846f-4448-a97d-79e601ff6666#MD_DataIdentification","bc6a24a1-846f-4448-a97d-79e601ff6666","download"
"b914aa84-1a15-4d6c-950e-00c739946029","Potentiekaart Restwarmte ATOM","https://service.pdok.nl/rvo/restwarmte/atom/index.xml","INSPIRE Atom","Beheer PDOK","beheerpdok@kadaster.nl,beheerpdok@kadaster.nl","Nederlands metadata profiel op ISO 19119 voor services 2.1.0","https://nationaalgeoregister.nl/geonetwork/srv/dut/csw?service=CSW&request=GetRecordById&version=2.0.2&outputSchema=http://www.isotc211.org/2005/gmd&elementSetName=full&id=d6b85d84-cdb9-4a6e-b799-cf8826e22a94#MD_DataIdentification","d6b85d84-cdb9-4a6e-b799-cf8826e22a94","download"
"8100a54f-aa4c-4a27-bb39-d462789dc6f9","Nationaal Beschermde Gebieden (CDDA) ATOM","https://service.pdok.nl/rvo/cdda/atom/index.xml","INSPIRE Atom","Beheer PDOK","beheerpdok@kadaster.nl,beheerpdok@kadaster.nl","Nederlands metadata profiel op ISO 19119 voor services 2.1.0","https://www.nationaalgeoregister.nl/geonetwork/srv/dut/csw?service=CSW&request=GetRecordById&version=2.0.2&outputSchema=http://www.isotc211.org/2005/gmd&elementSetName=full&id=7de447ad-5f8d-43a0-befe-10eb8faa172a#MD_DataIdentification","7de447ad-5f8d-43a0-befe-10eb8faa172a","download"
"eba3f6ec-496c-40e3-9d33-c11315523f26","Vervoersnetwerken - Waterwegen - Netwerk (INSPIRE geharmoniseerd) ATOM","https://service.pdok.nl/rws/vervoersnetwerken/waterwegen/atom/index.xml","INSPIRE Atom","Beheer PDOK","beheerpdok@kadaster.nl,beheerpdok@kadaster.nl","Nederlands metadata profiel op ISO 19119 voor services 2.1.0","https://www.nationaalgeoregister.nl/geonetwork/srv/dut/csw?service=CSW&request=GetRecordById&version=2.0.2&outputSchema=http://www.isotc211.org/2005/gmd&elementSetName=full&id=cfc800cb-e903-4364-9415-ddd3e0ecf49f#MD_DataIdentification","cfc800cb-e903-4364-9415-ddd3e0ecf49f","download"
"49751327-a51c-4023-baed-bb218496abce","Hoogte Nederland - land - DTM (INSPIRE geharmoniseerd) ATOM","https://service.pdok.nl/rws/hoogte/dtm/atom/index.xml","INSPIRE Atom","Beheer PDOK","beheerpdok@kadaster.nl,beheerpdok@kadaster.nl","Nederlands metadata profiel op ISO 19119 voor services 2.1.0","https://nationaalgeoregister.nl/geonetwork/srv/dut/csw?service=CSW&request=GetRecordById&version=2.0.2&outputSchema=http://www.isotc211.org/2005/gmd&elementSetName=full&id=d0ee9220-8010-4a6c-8f2c-3e78ad1c7dbf#MD_DataIdentification","d0ee9220-8010-4a6c-8f2c-3e78ad1c7dbf","download"
"bd8d14d2-0445-46e1-a3dd-93a174f1059d","Waterschappen Hydrografie (INSPIRE geharmoniseerd) ATOM","https://service.pdok.nl/hwh/hydrografie/atom/index.xml","INSPIRE Atom","Beheer PDOK","beheerpdok@kadaster.nl,beheerpdok@kadaster.nl","Nederlands metadata profiel op ISO 19119 voor services 2.1.0","https://www.nationaalgeoregister.nl/geonetwork/srv/dut/csw?service=CSW&request=GetRecordById&version=2.0.2&outputSchema=http://www.isotc211.org/2005/gmd&elementSetName=full&id=07575774-57a1-4419-bab4-6c88fdeb02b2#MD_DataIdentification","07575774-57a1-4419-bab4-6c88fdeb02b2","download"
"15d2aa2a-1e55-4ca4-986b-0d12768675a1","Natuurnetwerk Nederland - Provincies (INSPIRE geharmoniseerd) ATOM","https://service.pdok.nl/provincies/natuurnetwerk-nederland/atom/index.xml","INSPIRE Atom","Beheer PDOK","beheerpdok@kadaster.nl,beheerpdok@kadaster.nl","Nederlands metadata profiel op ISO 19119 voor services 2.1.0","https://www.nationaalgeoregister.nl/geonetwork/srv/dut/csw?service=CSW&request=GetRecordById&version=2.0.2&outputSchema=http://www.isotc211.org/2005/gmd&elementSetName=full&id=c7d8d77b-8c47-4309-8c58-9b12b086407f#MD_DataIdentification","c7d8d77b-8c47-4309-8c58-9b12b086407f","download"
"0d7ca7bc-99de-4539-af33-70b206f29355","Adressen ATOM","https://service.pdok.nl/kadaster/adressen/atom/v1_0/index.xml","INSPIRE Atom","Beheer PDOK","beheerpdok@kadaster.nl,beheerpdok@kadaster.nl","Nederlands metadata profiel op ISO 19119 voor services 2.1.0","https://www.nationaalgeoregister.nl/geonetwork/srv/dut/csw?service=CSW&request=GetRecordById&version=2.0.2&outputSchema=http://www.isotc211.org/2005/gmd&elementSetName=full&id=aa3b5e6e-7baa-40c0-8972-3353e927ec2f#MD_DataIdentification","aa3b5e6e-7baa-40c0-8972-3353e927ec2f","download"
"9b683a29-c99e-4699-9c21-abf330aeee48","Faciliteiten voor productie en industrie - Productiefaciliteiten - REV (INSPIRE geharmoniseerd) ATOM","https://service.pdok.nl/rws/faciliteiten-voor-productie-en-industrie/productiefaciliteiten/atom/index.xml","INSPIRE Atom","Beheer PDOK","beheerpdok@kadaster.nl,beheerpdok@kadaster.nl","Nederlands metadata profiel op ISO 19119 voor services 2.1.0","https://www.nationaalgeoregister.nl/geonetwork/srv/dut/csw?service=CSW&request=GetRecordById&version=2.0.2&outputSchema=http://www.isotc211.org/2005/gmd&elementSetName=full&id=3d27178e-ecff-4977-b30e-5231634cd596#MD_DataIdentification","3d27178e-ecff-4977-b30e-5231634cd596","download"
"8f00304a-8180-4e39-a806-d543d198c241","KRW Register Beschermd Gebied - Drinkwateronttrekking (INSPIRE geharmoniseerd) ATOM","https://service.pdok.nl/ihw/gebiedsbeheer/krw-beschermde-gebieden-drinkwateronttrekking/atom/index.xml","INSPIRE Atom","Beheer PDOK","beheerpdok@kadaster.nl,beheerpdok@kadaster.nl","Nederlands metadata profiel op ISO 19119 voor services 2.1.0","https://www.nationaalgeoregister.nl/geonetwork/srv/dut/csw?service=CSW&request=GetRecordById&version=2.0.2&outputSchema=http://www.isotc211.org/2005/gmd&elementSetName=full&id=f1dc518b-1fc5-43ec-aa5d-e4a160091649#MD_DataIdentification","f1dc518b-1fc5-43ec-aa5d-e4a160091649","download"
"46337223-6524-45d9-9f35-34ff86a60a1b","KRW Register Beschermde Gebieden - Schelpdierwater (INSPIRE geharmoniseerd) ATOM","https://service.pdok.nl/ihw/gebiedsbeheer/krw-beschermde-gebieden-schelpdierwater/atom/index.xml","INSPIRE Atom","Beheer PDOK","beheerpdok@kadaster.nl,beheerpdok@kadaster.nl","Nederlands metadata profiel op ISO 19119 voor services 2.1.0","https://www.nationaalgeoregister.nl/geonetwork/srv/dut/csw?service=CSW&request=GetRecordById&version=2.0.2&outputSchema=http://www.isotc211.org/2005/gmd&elementSetName=full&id=5e5a2689-d407-4e10-8d8d-d3e738e81c3e#MD_DataIdentification","5e5a2689-d407-4e10-8d8d-d3e738e81c3e","download"
"101304f0-2cf2-4ce0-aa23-cd7e4000fbba","Zeegebieden (INSPIRE geharmoniseerd) ATOM","https://service.pdok.nl/kadaster/sr/atom/v1_0/index.xml","INSPIRE Atom","Beheer PDOK","beheerpdok@kadaster.nl,beheerpdok@kadaster.nl","Nederlands metadata profiel op ISO 19119 voor services 2.1.0","https://nationaalgeoregister.nl/geonetwork/srv/dut/csw?service=CSW&request=GetRecordById&version=2.0.2&outputSchema=http://www.isotc211.org/2005/gmd&elementSetName=full&id=791adbe3-772f-42cb-a3be-5a617bcecef0#MD_DataIdentification","791adbe3-772f-42cb-a3be-5a617bcecef0","download"
"d624bfd0-8f21-44c4-a22c-0f0877a539fc","Geluidszones rondom vliegvelden (INSPIRE geharmoniseerd) ATOM","https://service.pdok.nl/provincies/geluidzones-rondom-vliegvelden/atom/index.xml","INSPIRE Atom","Beheer PDOK","beheerpdok@kadaster.nl,beheerpdok@kadaster.nl","Nederlands metadata profiel op ISO 19119 voor services 2.1.0","https://nationaalgeoregister.nl/geonetwork/srv/dut/csw?service=CSW&request=GetRecordById&version=2.0.2&outputSchema=http://www.isotc211.org/2005/gmd&elementSetName=full&id=41023936-009d-48ec-a90d-c966895463c1#MD_DataIdentification","41023936-009d-48ec-a90d-c966895463c1","download"
"a91c9954-398a-43ab-b625-0068710d48b0","Vaarweg Netwerk Data Service (VNDS) - bevaarbaarheid ATOM","https://service.pdok.nl/rws/vnds/atom/index.xml","INSPIRE Atom","Beheer PDOK","beheerpdok@kadaster.nl,beheerpdok@kadaster.nl","Nederlands metadata profiel op ISO 19119 voor services 2.1.0","https://www.nationaalgeoregister.nl/geonetwork/srv/dut/csw?service=CSW&request=GetRecordById&version=2.0.2&outputSchema=http://www.isotc211.org/2005/gmd&elementSetName=full&id=831f7bd7-c2ae-4336-bd2f-47ab20d7cdb7#MD_DataIdentification","831f7bd7-c2ae-4336-bd2f-47ab20d7cdb7","download"
"47d416f8-76e8-441c-9b19-c8f889dfe62c","Geografische namen (INSPIRE geharmoniseerd) ATOM","https://service.pdok.nl/kadaster/gn/atom/v1_0/index.xml","INSPIRE Atom","Beheer PDOK","beheerpdok@kadaster.nl,beheerpdok@kadaster.nl","Nederlands metadata profiel op ISO 19119 voor services 2.1.0","https://nationaalgeoregister.nl/geonetwork/srv/dut/csw?service=CSW&request=GetRecordById&version=2.0.2&outputSchema=http://www.isotc211.org/2005/gmd&elementSetName=full&id=1a40eb6f-4f33-4e15-a0b1-2d350ad2636e#MD_DataIdentification","1a40eb6f-4f33-4e15-a0b1-2d350ad2636e","download"
"037e55bd-a1dc-4fde-adfe-4610d3a3d5cb","Population Distribution (INSPIRE geharmoniseerd) ATOM","https://service.pdok.nl/cbs/pd/atom/v1_0/index.xml","INSPIRE Atom","Beheer PDOK","beheerpdok@kadaster.nl,beheerpdok@kadaster.nl","Nederlands metadata profiel op ISO 19119 voor services 2.1.0","https://www.nationaalgeoregister.nl/geonetwork/srv/dut/csw?service=CSW&request=GetRecordById&version=2.0.2&outputSchema=http://www.isotc211.org/2005/gmd&elementSetName=full&id=76541ebb-a554-4540-a017-399d4bb4a860#MD_DataIdentification","76541ebb-a554-4540-a017-399d4bb4a860","download"
"54122631-d343-40be-9c28-e44626b37a0e","Human Health Statistics Netherlands (INSPIRE geharmoniseerd) ATOM","https://service.pdok.nl/cbs/hh/atom/v1_0/index.xml","INSPIRE Atom","Beheer PDOK","beheerpdok@kadaster.nl,beheerpdok@kadaster.nl","Nederlands metadata profiel op ISO 19119 voor services 2.1.0","https://www.nationaalgeoregister.nl/geonetwork/srv/dut/csw?service=CSW&request=GetRecordById&version=2.0.2&outputSchema=http://www.isotc211.org/2005/gmd&elementSetName=full&id=12bb57cd-73e0-41ba-a1e9-6d986b9109d3#MD_DataIdentification","12bb57cd-73e0-41ba-a1e9-6d986b9109d3","download"
"bbf2e6ed-e2c8-472e-bb97-e05d11177524","Vogelrichtlijn verspreidingsgebied van soorten ATOM","https://service.pdok.nl/rvo/vogelrichtlijngebieds/atom/index.xml","INSPIRE Atom","Beheer PDOK","beheerpdok@kadaster.nl,beheerpdok@kadaster.nl","Nederlands metadata profiel op ISO 19119 voor services 2.1.0","https://www.nationaalgeoregister.nl/geonetwork/srv/dut/csw?service=CSW&request=GetRecordById&version=2.0.2&outputSchema=http://www.isotc211.org/2005/gmd&elementSetName=full&id=cbeaebc3-815a-48af-a978-0e16892865fc#MD_DataIdentification","cbeaebc3-815a-48af-a978-0e16892865fc","download"
"23c7fb9e-3cca-4cb8-987a-bda4b9c3322f","BRO - Bodemkundig booronderzoek (BHR-P) - Bodem (INSPIRE geharmoniseerd) ATOM","https://service.pdok.nl/bzk/bodem/bro-bodemkundig-booronderzoek/atom/index.xml","INSPIRE Atom","Beheer PDOK","beheerpdok@kadaster.nl,beheerpdok@kadaster.nl","Nederlands metadata profiel op ISO 19119 voor services 2.1.0","https://www.nationaalgeoregister.nl/geonetwork/srv/dut/csw?service=CSW&request=GetRecordById&version=2.0.2&outputSchema=http://www.isotc211.org/2005/gmd&elementSetName=full&id=7891e711-df3b-44df-bc35-81c3856a7efc#MD_DataIdentification","7891e711-df3b-44df-bc35-81c3856a7efc","download"
"67ab27cb-df8c-4ebd-949e-f09ec3fcb17a","Nuts- en Overheidsdiensten - Riool - Leidingelementen - RSA (INSPIRE geharmoniseerd) ATOM","https://service.pdok.nl/rws/nutsdiensten-en-overheidsdiensten/riool-leidingelementen/atom/index.xml","INSPIRE Atom","Beheer PDOK","beheerpdok@kadaster.nl,beheerpdok@kadaster.nl","Nederlands metadata profiel op ISO 19119 voor services 2.1.0","https://www.nationaalgeoregister.nl/geonetwork/srv/dut/csw?service=CSW&request=GetRecordById&version=2.0.2&outputSchema=http://www.isotc211.org/2005/gmd&elementSetName=full&id=917b5ba0-4fdd-4654-8c18-b3ccdadaa55a#MD_DataIdentification","917b5ba0-4fdd-4654-8c18-b3ccdadaa55a","download"
"ab1c5d6a-c40f-4277-a9c0-a3e54f803c0f","Begrenzingen van vergunde ontgrondingsgebieden voor zand- en grindwinning (INSPIRE geharmoniseerd) ATOM","https://service.pdok.nl/provincies/begrenzingen-vergunde-ontgrondingsgebieden-zand-grindwinning/atom/index.xml","INSPIRE Atom","Beheer PDOK","beheerpdok@kadaster.nl,beheerpdok@kadaster.nl","Nederlands metadata profiel op ISO 19119 voor services 2.1.0","https://ngr.acceptatie.nationaalgeoregister.nl/geonetwork/srv/dut/csw?service=CSW&request=GetRecordById&version=2.0.2&outputSchema=http://www.isotc211.org/2005/gmd&elementSetName=full&id=58e7dc38-a498-4852-b4ef-908f5baa9056#MD_DataIdentification","58e7dc38-a498-4852-b4ef-908f5baa9056","download"
"ff5d850a-727b-4d44-911d-c7906f282bea","BRO Grondwatergebruiksysteem (GUF) ATOM","https://service.pdok.nl/bzk/bro-grondwatergebruiksysteem/atom/index.xml","INSPIRE Atom","Beheer PDOK","beheerpdok@kadaster.nl,beheerpdok@kadaster.nl","Nederlands metadata profiel op ISO 19119 voor services 2.1.0","https://www.nationaalgeoregister.nl/geonetwork/srv/dut/csw?service=CSW&request=GetRecordById&version=2.0.2&outputSchema=http://www.isotc211.org/2005/gmd&elementSetName=full&id=91f10e8e-fde9-11ec-b939-0242ac120002#MD_DataIdentification","91f10e8e-fde9-11ec-b939-0242ac120002","download"
"9ad3f0c0-9e2c-4d44-a467-b57920aa512f","Waterschappen Administratieve eenheden (INSPIRE geharmoniseerd) ATOM","https://service.pdok.nl/hwh/administratieve-eenheden/waterschapsgrenzen/atom/index.xml","INSPIRE Atom","Beheer PDOK","beheerpdok@kadaster.nl,beheerpdok@kadaster.nl","Nederlands metadata profiel op ISO 19119 voor services 2.1.0","https://www.nationaalgeoregister.nl/geonetwork/srv/dut/csw?service=CSW&request=GetRecordById&version=2.0.2&outputSchema=http://www.isotc211.org/2005/gmd&elementSetName=full&id=2d4ec7e6-50ae-4c71-bd20-5b9211e2135f#MD_DataIdentification","2d4ec7e6-50ae-4c71-bd20-5b9211e2135f","download"
"7358a8bc-42db-4eeb-9b3e-a081f7803b45","Administratieve Eenheden (INSPIRE geharmoniseerd) ATOM","https://service.pdok.nl/kadaster/au/atom/v2_0/index.xml","INSPIRE Atom","Beheer PDOK","beheerpdok@kadaster.nl,beheerpdok@kadaster.nl","Nederlands metadata profiel op ISO 19119 voor services 2.1.0","https://www.nationaalgeoregister.nl/geonetwork/srv/dut/csw?service=CSW&request=GetRecordById&version=2.0.2&outputSchema=http://www.isotc211.org/2005/gmd&elementSetName=full&id=7dd1fd45-ace5-41e0-93a6-64e3be231717#MD_DataIdentification","7dd1fd45-ace5-41e0-93a6-64e3be231717","download"
"aa31349f-9607-4fdb-83ac-732f0b942adc","Grondwaterbeschermingsgebieden (INSPIRE geharmoniseerd) ATOM","https://service.pdok.nl/provincies/grondwaterbeschermingsgebieden/atom/index.xml","INSPIRE Atom","Beheer PDOK","beheerpdok@kadaster.nl,beheerpdok@kadaster.nl","Nederlands metadata profiel op ISO 19119 voor services 2.1.0","https://www.nationaalgeoregister.nl/geonetwork/srv/dut/csw?service=CSW&request=GetRecordById&version=2.0.2&outputSchema=http://www.isotc211.org/2005/gmd&elementSetName=full&id=666554ed-5106-487d-b4bf-69fbd888a6d7#MD_DataIdentification","666554ed-5106-487d-b4bf-69fbd888a6d7","download"
"78155dcb-61fa-4c16-896f-637f5936ce6c","Zwemwaterkwaliteit (Provinciaal en Rijkswateren) (INSPIRE geharmoniseerd) ATOM","https://service.pdok.nl/provincies/zwemwaterkwaliteit-provinciaal-rijkswateren/atom/index.xml","INSPIRE Atom","Beheer PDOK","beheerpdok@kadaster.nl,beheerpdok@kadaster.nl","Nederlands metadata profiel op ISO 19119 voor services 2.1.0","https://nationaalgeoregister.nl/geonetwork/srv/dut/csw?service=CSW&request=GetRecordById&version=2.0.2&outputSchema=http://www.isotc211.org/2005/gmd&elementSetName=full&id=df5ee213-e1bd-433b-80f7-4ea20f493ca8#MD_DataIdentification","df5ee213-e1bd-433b-80f7-4ea20f493ca8","download"
"88c6f637-ed7a-4d3a-8ff3-afc8a6b744d6","Hydrografie (INSPIRE geharmoniseerd) ATOM","https://service.pdok.nl/kadaster/hy/atom/v1_0/index.xml","INSPIRE Atom","Beheer PDOK","beheerpdok@kadaster.nl,beheerpdok@kadaster.nl","Nederlands metadata profiel op ISO 19119 voor services 2.1.0","https://nationaalgeoregister.nl/geonetwork/srv/dut/csw?service=CSW&request=GetRecordById&version=2.0.2&outputSchema=http://www.isotc211.org/2005/gmd&elementSetName=full&id=1c3afc74-cc34-44b7-938a-963e2350795a#MD_DataIdentification","1c3afc74-cc34-44b7-938a-963e2350795a","download"
"7c651e06-858e-4184-8de3-da9def9c6fd0","BRO Bodemkaart (SGM) ATOM","https://service.pdok.nl/bzk/bro-bodemkaart/atom/index.xml","INSPIRE Atom","Beheer PDOK","beheerpdok@kadaster.nl,beheerpdok@kadaster.nl","Nederlands metadata profiel op ISO 19119 voor services 2.1.0","https://www.nationaalgeoregister.nl/geonetwork/srv/dut/csw?service=CSW&request=GetRecordById&version=2.0.2&outputSchema=http://www.isotc211.org/2005/gmd&elementSetName=full&id=ed960299-a147-4c1a-bc57-41ff83a2264f#MD_DataIdentification","ed960299-a147-4c1a-bc57-41ff83a2264f","download"
"f8b4a0b9-9687-435e-a271-c8403dec630e","Habitatrichtlijn verspreiding van soorten ATOM","https://service.pdok.nl/rvo/habitatrichtlijnsoorten/atom/index.xml","INSPIRE Atom","Beheer PDOK","beheerpdok@kadaster.nl,beheerpdok@kadaster.nl","Nederlands metadata profiel op ISO 19119 voor services 2.1.0","https://nationaalgeoregister.nl/geonetwork/srv/dut/csw?service=CSW&request=GetRecordById&version=2.0.2&outputSchema=http://www.isotc211.org/2005/gmd&elementSetName=full&id=28c4780a-1a44-4376-b283-14a50a481729#MD_DataIdentification","28c4780a-1a44-4376-b283-14a50a481729","download"
"bb85e473-c04a-42a6-9fdc-f0bb0239327e","Gebouwen (INSPIRE geharmoniseerd) ATOM","https://service.pdok.nl/kadaster/bu/atom/index.xml","INSPIRE Atom","Beheer PDOK","beheerpdok@kadaster.nl,beheerpdok@kadaster.nl","Nederlands metadata profiel op ISO 19119 voor services 2.1.0","https://nationaalgeoregister.nl/geonetwork/srv/dut/csw?service=CSW&request=GetRecordById&version=2.0.2&outputSchema=http://www.isotc211.org/2005/gmd&elementSetName=full&id=b4ae622c-6201-49d8-bd2e-f7fce9206a1e#MD_DataIdentification","b4ae622c-6201-49d8-bd2e-f7fce9206a1e","download"
"12fa3d3b-6ed6-4a7b-9231-fc0f856dc643","BRT TOPNL ATOM","https://service.pdok.nl/brt/topnl/atom/index.xml","INSPIRE Atom","Beheer PDOK","beheerpdok@kadaster.nl,beheerpdok@kadaster.nl","Nederlands metadata profiel op ISO 19119 voor services 2.1.0","["https:\/\/nationaalgeoregister.nl\/geonetwork\/srv\/dut\/csw?service=CSW&request=GetRecordById&version=2.0.2&outputSchema=http:\/\/www.isotc211.org\/2005\/gmd&elementSetName=full&id=29d5310f-dd0d-45ba-abad-b4ffc6b8785f#MD_DataIdentification","https:\/\/nationaalgeoregister.nl\/geonetwork\/srv\/dut\/csw?service=CSW&request=GetRecordById&version=2.0.2&outputSchema=http:\/\/www.isotc211.org\/2005\/gmd&elementSetName=full&id=f85220d0-10e3-4c9a-b4b2-f8f6fba76ecc#MD_DataIdentification","https:\/\/nationaalgeoregister.nl\/geonetwork\/srv\/dut\/csw?service=CSW&request=GetRecordById&version=2.0.2&outputSchema=http:\/\/www.isotc211.org\/2005\/gmd&elementSetName=full&id=99f89bdb-3992-4a19-b7a1-9afbb5c60402#MD_DataIdentification","https:\/\/nationaalgeoregister.nl\/geonetwork\/srv\/dut\/csw?service=CSW&request=GetRecordById&version=2.0.2&outputSchema=http:\/\/www.isotc211.org\/2005\/gmd&elementSetName=full&id=075311f6-ffd0-404d-bb2e-8bdc8a106440#MD_DataIdentification","https:\/\/nationaalgeoregister.nl\/geonetwork\/srv\/dut\/csw?service=CSW&request=GetRecordById&version=2.0.2&outputSchema=http:\/\/www.isotc211.org\/2005\/gmd&elementSetName=full&id=c124fbf1-232d-4e84-8322-5a91b546adbd#MD_DataIdentification","https:\/\/nationaalgeoregister.nl\/geonetwork\/srv\/dut\/csw?service=CSW&request=GetRecordById&version=2.0.2&outputSchema=http:\/\/www.isotc211.org\/2005\/gmd&elementSetName=full&id=c0f5bc57-53a6-417b-806e-61118dc1ec27#MD_DataIdentification"]","29d5310f-dd0d-45ba-abad-b4ffc6b8785f f85220d0-10e3-4c9a-b4b2-f8f6fba76ecc 99f89bdb-3992-4a19-b7a1-9afbb5c60402 075311f6-ffd0-404d-bb2e-8bdc8a106440 c124fbf1-232d-4e84-8322-5a91b546adbd c0f5bc57-53a6-417b-806e-61118dc1ec27","download"
"2e2c3c53-7987-4026-99fd-df107b1b9a1c","NWB - Vaarwegen (Nationaal Wegenbestand) ATOM","https://service.pdok.nl/rws/nwbvaarwegen/atom/index.xml","INSPIRE Atom","Beheer PDOK","beheerpdok@kadaster.nl,beheerpdok@kadaster.nl","Nederlands metadata profiel op ISO 19119 voor services 2.1.0","https://nationaalgeoregister.nl/geonetwork/srv/dut/csw?service=CSW&request=GetRecordById&version=2.0.2&outputSchema=http://www.isotc211.org/2005/gmd&elementSetName=full&id=00d8c7c8-98ff-4b06-8f53-b44216e6e75c#MD_DataIdentification","00d8c7c8-98ff-4b06-8f53-b44216e6e75c","download"
"281d7dc5-68b2-4e2c-a427-3188b8a4a6e6","BRO - Milieuhygiënisch Bodemonderzoek (SAD) ATOM","https://service.pdok.nl/tno/bro-milieuhygienisch-bodemonderzoek/atom/index.xml","INSPIRE Atom","Beheer PDOK","beheerpdok@kadaster.nl,beheerpdok@kadaster.nl","Nederlands metadata profiel op ISO 19119 voor services 2.1.0","https://www.nationaalgeoregister.nl/geonetwork/srv/dut/csw?service=CSW&request=GetRecordById&version=2.0.2&outputSchema=http://www.isotc211.org/2005/gmd&elementSetName=full&id=b6e6566d-5b05-4602-b711-a6fe2fbfe331#MD_DataIdentification","b6e6566d-5b05-4602-b711-a6fe2fbfe331","download"
"7827e997-00da-4164-84b1-a86cac78b32b","Richtlijn Stedelijk Afvalwater (RSA) ATOM","https://service.pdok.nl/rws/richtlijnstedelijkafvalwater/atom/index.xml","INSPIRE Atom","Beheer PDOK","beheerpdok@kadaster.nl,beheerpdok@kadaster.nl","Nederlands metadata profiel op ISO 19119 voor services 2.1.0","https://www.nationaalgeoregister.nl/geonetwork/srv/dut/csw?service=CSW&request=GetRecordById&version=2.0.2&outputSchema=http://www.isotc211.org/2005/gmd&elementSetName=full&id=4eee12af-35db-49ff-8bf2-03793c53b739#MD_DataIdentification","4eee12af-35db-49ff-8bf2-03793c53b739","download"
"2b087d2c-6a1c-4746-95c6-3d40bc4294f9","Actueel Hoogtebestand Nederland (AHN) ATOM","https://service.pdok.nl/rws/ahn/atom/index.xml","INSPIRE Atom","Beheer PDOK","beheerpdok@kadaster.nl,beheerpdok@kadaster.nl","Nederlands metadata profiel op ISO 19119 voor services 2.1.0","["https:\/\/www.nationaalgeoregister.nl\/geonetwork\/srv\/dut\/csw?service=CSW&request=GetRecordById&version=2.0.2&outputSchema=http:\/\/www.isotc211.org\/2005\/gmd&elementSetName=full&id=41daef8b-155e-4608-b49c-c87ea45d931c#MD_DataIdentification","https:\/\/www.nationaalgeoregister.nl\/geonetwork\/srv\/dut\/csw?service=CSW&request=GetRecordById&version=2.0.2&outputSchema=http:\/\/www.isotc211.org\/2005\/gmd&elementSetName=full&id=41daef8b-155e-4608-b49c-c87ea45d931g#MD_DataIdentification"]","41daef8b-155e-4608-b49c-c87ea45d931c 41daef8b-155e-4608-b49c-c87ea45d931g","download"
"4d234572-712f-41fd-b2b4-d1775adb4c68","BRO - Wandonderzoek (SFR) - Bodem (INSPIRE geharmoniseerd) ATOM","https://service.pdok.nl/bzk/bodem/bro-wandonderzoek/atom/index.xml","INSPIRE Atom","Beheer PDOK","beheerpdok@kadaster.nl,beheerpdok@kadaster.nl","Nederlands metadata profiel op ISO 19119 voor services 2.1.0","https://www.nationaalgeoregister.nl/geonetwork/srv/dut/csw?service=CSW&request=GetRecordById&version=2.0.2&outputSchema=http://www.isotc211.org/2005/gmd&elementSetName=full&id=7400a9d7-7bf1-48da-8d81-a38e75723ea5#MD_DataIdentification","7400a9d7-7bf1-48da-8d81-a38e75723ea5","download"
"9220097c-ffa6-4763-b3e3-2cedbbe389a5","BRO - Geotechnisch booronderzoek (BHR-GT) - Geologie (INSPIRE geharmoniseerd) ATOM","https://service.pdok.nl/bzk/geologie/bro-geotechnisch-booronderzoek/atom/index.xml","INSPIRE Atom","Beheer PDOK","beheerpdok@kadaster.nl,beheerpdok@kadaster.nl","Nederlands metadata profiel op ISO 19119 voor services 2.1.0","https://www.nationaalgeoregister.nl/geonetwork/srv/dut/csw?service=CSW&request=GetRecordById&version=2.0.2&outputSchema=http://www.isotc211.org/2005/gmd&elementSetName=full&id=14ca0e53-d2b8-4a55-8bc9-d394e8d53e51#MD_DataIdentification","14ca0e53-d2b8-4a55-8bc9-d394e8d53e51","download"
"181b54ed-14d2-4fda-bae7-747972340f2f","Provinciale Monumenten - Provincies (INSPIRE geharmoniseerd) ATOM","https://service.pdok.nl/provincies/provinciale-monumenten/atom/index.xml","INSPIRE Atom","Beheer PDOK","beheerpdok@kadaster.nl,beheerpdok@kadaster.nl","Nederlands metadata profiel op ISO 19119 voor services 2.1.0","https://www.nationaalgeoregister.nl/geonetwork/srv/dut/csw?service=CSW&request=GetRecordById&version=2.0.2&outputSchema=http://www.isotc211.org/2005/gmd&elementSetName=full&id=ca94a0cb-7561-4a10-a7d6-b840e56c33ff#MD_DataIdentification","ca94a0cb-7561-4a10-a7d6-b840e56c33ff","download"
"d981070b-888c-42d5-85ff-1e383f3d7fce","Windsnelheden op 100m hoogte (m/s) WMS","https://service.pdok.nl/rvo/windkaart/wms/v1_0?request=getcapabilities&service=wms","OGC:WMS","Beheer PDOK","beheerPDOK@kadaster.nl,beheerPDOK@kadaster.nl","Nederlands metadata profiel op ISO 19119 voor services 2.1.0","https://www.nationaalgeoregister.nl/geonetwork/srv/dut/csw?service=CSW&request=GetRecordById&version=2.0.2&outputSchema=http://www.isotc211.org/2005/gmd&elementSetName=full&id=d845cef6-0e23-4212-a951-b69763e39ef0#MD_DataIdentification","d845cef6-0e23-4212-a951-b69763e39ef0","view"
"7c5bbc80-d6f1-48d7-ba75-bfb0316f4f38","BRO - Geotechnisch sondeeronderzoek (CPT) - Geologie (INSPIRE geharmoniseerd) ATOM","https://service.pdok.nl/bzk/geologie/bro-geotechnisch-sondeeronderzoek/atom/index.xml","INSPIRE Atom","Beheer PDOK","beheerpdok@kadaster.nl,beheerpdok@kadaster.nl","Nederlands metadata profiel op ISO 19119 voor services 2.1.0","https://www.nationaalgeoregister.nl/geonetwork/srv/dut/csw?service=CSW&request=GetRecordById&version=2.0.2&outputSchema=http://www.isotc211.org/2005/gmd&elementSetName=full&id=838e6339-1c0d-461b-bc0b-a5eeaa2c3648#MD_DataIdentification","838e6339-1c0d-461b-bc0b-a5eeaa2c3648","download"
"b4c6ba17-5daa-47b5-a029-341e2cf772e5","Hydrografie: Netwerk (INSPIRE geharmoniseerd) ATOM","https://service.pdok.nl/rws/hydrografie/netwerk/atom/index.xml","INSPIRE Atom","Beheer PDOK","beheerpdok@kadaster.nl,beheerpdok@kadaster.nl","Nederlands metadata profiel op ISO 19119 voor services 2.1.0","https://www.nationaalgeoregister.nl/geonetwork/srv/dut/csw?service=CSW&request=GetRecordById&version=2.0.2&outputSchema=http://www.isotc211.org/2005/gmd&elementSetName=full&id=c3955762-73a3-4c16-a15c-f3869487a1ea#MD_DataIdentification","c3955762-73a3-4c16-a15c-f3869487a1ea","download"
"7a4c7031-08cf-4bbf-b3dc-179a457b0674","Statistical Units Vector (INSPIRE geharmoniseerd) ATOM","https://service.pdok.nl/cbs/statisticalunitsvector/atom/index.xml","INSPIRE Atom","Beheer PDOK","beheerpdok@kadaster.nl,beheerpdok@kadaster.nl","Nederlands metadata profiel op ISO 19119 voor services 2.1.0","https://www.nationaalgeoregister.nl/geonetwork/srv/dut/csw?service=CSW&request=GetRecordById&version=2.0.2&outputSchema=http://www.isotc211.org/2005/gmd&elementSetName=full&id=10d1153e-778f-4995-9b6c-7c69b196cccb#MD_DataIdentification","10d1153e-778f-4995-9b6c-7c69b196cccb","download"
"e222648d-d19e-4a99-a67d-2af1c9aabd75","Kadastrale Percelen (INSPIRE geharmoniseerd) ATOM","https://service.pdok.nl/kadaster/cp/atom/v1_0/index.xml","INSPIRE Atom","Beheer PDOK","beheerpdok@kadaster.nl,beheerpdok@kadaster.nl","Nederlands metadata profiel op ISO 19119 voor services 2.1.0","https://www.nationaalgeoregister.nl/geonetwork/srv/dut/csw?service=CSW&request=GetRecordById&version=2.0.2&outputSchema=http://www.isotc211.org/2005/gmd&elementSetName=full&id=e80ad426-1392-4349-9f80-14dae5f1bf57#MD_DataIdentification","e80ad426-1392-4349-9f80-14dae5f1bf57","download"
"2fa191f3-55df-4016-bb08-8da445b952fe","Windsnelheden op 100m hoogte (m/s) ATOM","https://service.pdok.nl/rvo/windkaart/atom/index.xml","INSPIRE Atom","Beheer PDOK","beheerpdok@kadaster.nl,beheerpdok@kadaster.nl","Nederlands metadata profiel op ISO 19119 voor services 2.1.0","https://nationaalgeoregister.nl/geonetwork/srv/dut/csw?service=CSW&request=GetRecordById&version=2.0.2&outputSchema=http://www.isotc211.org/2005/gmd&elementSetName=full&id=d845cef6-0e23-4212-a951-b69763e39ef0#MD_DataIdentification","d845cef6-0e23-4212-a951-b69763e39ef0","download"
"9e2e977a-16a6-42a4-a208-c4f70704f383","BAG WMS","https:\/\/service.pdok.nl\/lv\/bag\/wms\/v2_0?request=getCapabilities&service=WMS","["OGC:WMS","OGC:WMS","OGC:WMS","OGC:WMS","OGC:WMS"]","Beheer PDOK","beheerPDOK@kadaster.nl,beheerPDOK@kadaster.nl","Nederlands metadata profiel op ISO 19119 voor services 2.1.0","http://nationaalgeoregister.nl/geonetwork/srv/dut/csw?service=CSW&version=2.0.2&request=GetRecordById&outputschema=http://www.isotc211.org/2005/gmd&elementsetname=full&id=aa3b5e6e-7baa-40c0-8972-3353e927ec2f#MD_DataIdentification","aa3b5e6e-7baa-40c0-8972-3353e927ec2f","view"
"d69fe272-78c8-4e34-9e1b-b48a86c8fe18","CBS Gebiedsindelingen 2025 WMS","https://service.pdok.nl/cbs/gebiedsindelingen/2025/wms/v1_0?request=GetCapabilities&service=WMS","OGC:WMS","Beheer PDOK","beheerpdok@kadaster.nl,beheerpdok@kadaster.nl","Nederlands metadata profiel op ISO 19119 voor services 2.1.0","https://www.nationaalgeoregister.nl/geonetwork/srv/dut/csw?service=CSW&request=GetRecordById&version=2.0.2&outputSchema=http://www.isotc211.org/2005/gmd&elementSetName=full&id=effe1ab0-073d-437c-af13-df5c5e07d6cd#MD_DataIdentification","effe1ab0-073d-437c-af13-df5c5e07d6cd","view"
"d9cc67ba-5491-4640-86ac-b8d392250270","BRO Bodemkaart (SGM) WMS","https://service.pdok.nl/bzk/bro-bodemkaart/wms/v1_0?request=getCapabilities&service=WMS","OGC:WMS","Beheer PDOK","beheerpdok@kadaster.nl,beheerpdok@kadaster.nl","Nederlands metadata profiel op ISO 19119 voor services 2.1.0","["https:\/\/www.nationaalgeoregister.nl\/geonetwork\/srv\/dut\/csw?service=CSW&request=GetRecordById&version=2.0.2&outputSchema=http:\/\/www.isotc211.org\/2005\/gmd&elementSetName=full&id=ed960299-a147-4c1a-bc57-41ff83a2264f#MD_DataIdentification","https:\/\/www.nationaalgeoregister.nl\/geonetwork\/srv\/dut\/csw?service=CSW&request=GetRecordById&version=2.0.2&outputSchema=http:\/\/www.isotc211.org\/2005\/gmd&elementSetName=full&id=ed960299-a147-4c1a-bc57-41ff83a2264f#MD_DataIdentification"]","ed960299-a147-4c1a-bc57-41ff83a2264f ed960299-a147-4c1a-bc57-41ff83a2264f","view"
"28e6b45e-7627-454d-99a0-4119bbe1678d","CBS Bestand bodemgebruik 2017 ATOM","https://service.pdok.nl/cbs/bestandbodemgebruik/2017/atom/index.xml","INSPIRE Atom","Beheer PDOK","beheerpdok@kadaster.nl,beheerpdok@kadaster.nl","Nederlands metadata profiel op ISO 19119 voor services 2.1.0","https://www.nationaalgeoregister.nl/geonetwork/srv/dut/csw?service=CSW&request=GetRecordById&version=2.0.2&outputSchema=http://www.isotc211.org/2005/gmd&elementSetName=full&id=d9bf1ce1-5197-409e-b19e-340e50afafc4#MD_DataIdentification","d9bf1ce1-5197-409e-b19e-340e50afafc4","download"
"d2a05dd5-98e8-4f9c-8ba2-7fe2d5c7c507","Spreiding van soorten - Invasieve Exoten (INSPIRE geharmoniseerd) ATOM","https://service.pdok.nl/rvo/spreiding-van-soorten/invasieve-exoten/atom/index.xml","INSPIRE Atom","Beheer PDOK","beheerPDOK@kadaster.nl,beheerpdok@kadaster.nl","Nederlands metadata profiel op ISO 19119 voor services 2.1.0","https://www.nationaalgeoregister.nl/geonetwork/srv/dut/csw?service=CSW&request=GetRecordById&version=2.0.2&outputSchema=http://www.isotc211.org/2005/gmd&elementSetName=full&id=3703b249-a0eb-484e-ba7a-10e31a55bcec#MD_DataIdentification","3703b249-a0eb-484e-ba7a-10e31a55bcec","download"
"fa29a28a-57ec-4e4c-82f3-08ddeaf19e61","Digitaal Topografisch Bestand (DTB) ATOM","https://service.pdok.nl/rws/digitaaltopografischbestand/atom/index.xml","INSPIRE Atom","Beheer PDOK","beheerpdok@kadaster.nl,beheerpdok@kadaster.nl","Nederlands metadata profiel op ISO 19119 voor services 2.1.0","https://www.nationaalgeoregister.nl/geonetwork/srv/dut/csw?service=CSW&request=GetRecordById&version=2.0.2&outputSchema=http://www.isotc211.org/2005/gmd&elementSetName=full&id=c4b137b8-2317-42c2-aced-204c4216d68d#MD_DataIdentification","c4b137b8-2317-42c2-aced-204c4216d68d","download"
"d26f2071-9747-46a2-bb74-723ffb01559e","KRW Grondwaterlichamen (INSPIRE geharmoniseerd) ATOM","https://service.pdok.nl/ihw/gebiedsbeheer/krw-grondwaterlichamen/atom/index.xml","INSPIRE Atom","Beheer PDOK","beheerpdok@kadaster.nl,beheerpdok@kadaster.nl","Nederlands metadata profiel op ISO 19119 voor services 2.1.0","https://www.nationaalgeoregister.nl/geonetwork/srv/dut/csw?service=CSW&request=GetRecordById&version=2.0.2&outputSchema=http://www.isotc211.org/2005/gmd&elementSetName=full&id=e09b134d-b150-4685-9651-bb81d8626cf3#MD_DataIdentification","e09b134d-b150-4685-9651-bb81d8626cf3","download"
"931b1a00-ad24-4eed-a73c-cb5441056136","Nationale Parken (INSPIRE geharmoniseerd) ATOM","https://service.pdok.nl/rvo/beschermde-gebieden/nationaleparken/atom/index.xml","INSPIRE Atom","Beheer PDOK","beheerpdok@kadaster.nl,beheerpdok@kadaster.nl","Nederlands metadata profiel op ISO 19119 voor services 2.1.0","https://nationaalgeoregister.nl/geonetwork/srv/dut/csw?service=CSW&request=GetRecordById&version=2.0.2&outputSchema=http://www.isotc211.org/2005/gmd&elementSetName=full&id=247a1d15-0a67-40ce-85be-1403c08f15a8#MD_DataIdentification","247a1d15-0a67-40ce-85be-1403c08f15a8","download"
"46471a8c-eefe-441a-b57b-ab0a1923bc12","KRW Stroomgebieddistricten Nederland (INSPIRE geharmoniseerd) ATOM","https://service.pdok.nl/ihw/gebiedsbeheer/krw-stroomgebieddistricten/atom/index.xml","INSPIRE Atom","Beheer PDOK","beheerpdok@kadaster.nl,beheerpdok@kadaster.nl","Nederlands metadata profiel op ISO 19119 voor services 2.1.0","https://www.nationaalgeoregister.nl/geonetwork/srv/dut/csw?service=CSW&request=GetRecordById&version=2.0.2&outputSchema=http://www.isotc211.org/2005/gmd&elementSetName=full&id=973b09e9-6904-48cd-aee1-827c529cdf02#MD_DataIdentification","973b09e9-6904-48cd-aee1-827c529cdf02","download"
"a6a249b9-70fe-4e47-bbe2-c864d712ed5b","CBS Vierkantstatistieken 500m ATOM","https://service.pdok.nl/cbs/vierkantstatistieken500m/atom/index.xml","INSPIRE Atom","Beheer PDOK","beheerpdok@kadaster.nl,beheerpdok@kadaster.nl","Nederlands metadata profiel op ISO 19119 voor services 2.1.0","https://www.nationaalgeoregister.nl/geonetwork/srv/dut/csw?service=CSW&request=GetRecordById&version=2.0.2&outputSchema=http://www.isotc211.org/2005/gmd&elementSetName=full&id=f605a24f-60cd-4c40-94c8-2186aba3ddd0#MD_DataIdentification","f605a24f-60cd-4c40-94c8-2186aba3ddd0","download"
"fa3ee2c5-6d2a-4e96-9ae3-3f3548932111","KRW Monitoringlocaties (INSPIRE geharmoniseerd) ATOM","https://service.pdok.nl/ihw/milieubewakingsvoorzieningen/krw-monitoringlocaties/atom/index.xml","INSPIRE Atom","Beheer PDOK","beheerpdok@kadaster.nl,beheerpdok@kadaster.nl","Nederlands metadata profiel op ISO 19119 voor services 2.1.0","https://www.nationaalgeoregister.nl/geonetwork/srv/dut/csw?service=CSW&request=GetRecordById&version=2.0.2&outputSchema=http://www.isotc211.org/2005/gmd&elementSetName=full&id=6244610d-a33c-4a4c-8071-2c656196a449#MD_DataIdentification","6244610d-a33c-4a4c-8071-2c656196a449","download"
"bbcaaf5b-fdf0-4a97-a729-05c0572ed4f9","Gebieden met Natuurrisico's - Overstromingen - Geobserveerde gebeurtenis - Richtlijn Overstromingsrisico's (ROR) (INSPIRE geharmoniseerd) ATOM","https://service.pdok.nl/rws/overstromingen-gebeurtenis/atom/index.xml","INSPIRE Atom","Beheer PDOK","beheerpdok@kadaster.nl,beheerpdok@kadaster.nl","Nederlands metadata profiel op ISO 19119 voor services 2.1.0","https://www.nationaalgeoregister.nl/geonetwork/srv/dut/csw?service=CSW&request=GetRecordById&version=2.0.2&outputSchema=http://www.isotc211.org/2005/gmd&elementSetName=full&id=18e2f49d-bf90-48b4-9a8f-81db44d97ecd#MD_DataIdentification","18e2f49d-bf90-48b4-9a8f-81db44d97ecd","download"
"5afdff7a-bd61-48e8-a290-6adc83570a1c","BRO Grondwaterproductiedossier (GPD) ATOM","https://service.pdok.nl/bzk/bro-grondwaterproductiedossier/atom/index.xml","INSPIRE Atom","Beheer PDOK","beheerpdok@kadaster.nl,beheerpdok@kadaster.nl","Nederlands metadata profiel op ISO 19119 voor services 2.1.0","https://www.nationaalgeoregister.nl/geonetwork/srv/dut/csw?service=CSW&request=GetRecordById&version=2.0.2&outputSchema=http://www.isotc211.org/2005/gmd&elementSetName=full&id=91f1124e-fde9-11ec-b939-0242ac120002#MD_DataIdentification","91f1124e-fde9-11ec-b939-0242ac120002","download"
"86bf5671-a34b-4a79-a45c-276e4498dee3","Gebieden met Natuurrisico's - Overstromingen - Risicogebied - Richtlijn Overstromingsrisico's (ROR) (INSPIRE geharmoniseerd) ATOM","https://service.pdok.nl/rws/overstromingen-risicogebied/atom/index.xml","INSPIRE Atom","Beheer PDOK","beheerpdok@kadaster.nl,beheerpdok@kadaster.nl","Nederlands metadata profiel op ISO 19119 voor services 2.1.0","https://www.nationaalgeoregister.nl/geonetwork/srv/dut/csw?service=CSW&request=GetRecordById&version=2.0.2&outputSchema=http://www.isotc211.org/2005/gmd&elementSetName=full&id=c66acb58-7534-453a-9fc4-b5d3faa7b41c#MD_DataIdentification","c66acb58-7534-453a-9fc4-b5d3faa7b41c","download"
"14390e7e-4b64-49b2-bfe6-4774532532f9","KRW Deelstroomgebieddistricten Nederland (INSPIRE geharmoniseerd) ATOM","https://service.pdok.nl/ihw/gebiedsbeheer/krw-deelstroomgebieddistricten/atom/index.xml","INSPIRE Atom","Beheer PDOK","beheerpdok@kadaster.nl,beheerpdok@kadaster.nl","Nederlands metadata profiel op ISO 19119 voor services 2.1.0","https://www.nationaalgeoregister.nl/geonetwork/srv/dut/csw?service=CSW&request=GetRecordById&version=2.0.2&outputSchema=http://www.isotc211.org/2005/gmd&elementSetName=full&id=47093e3c-4696-4ba2-b792-fa42a12052f0#MD_DataIdentification","47093e3c-4696-4ba2-b792-fa42a12052f0","download"
"32e0942d-729d-4021-bdc3-17147ddaf797","Potentiekaart reststromen ATOM","https://service.pdok.nl/rvo/potentiekaart-reststromen/atom/index.xml","INSPIRE Atom","Beheer PDOK","beheerpdok@kadaster.nl,beheerpdok@kadaster.nl","Nederlands metadata profiel op ISO 19119 voor services 2.1.0","https://www.nationaalgeoregister.nl/geonetwork/srv/dut/csw?service=CSW&request=GetRecordById&version=2.0.2&outputSchema=http://www.isotc211.org/2005/gmd&elementSetName=full&id=24eb504e-f5f3-4ecf-b760-cc5630e82a57#MD_DataIdentification","24eb504e-f5f3-4ecf-b760-cc5630e82a57","download"
"f95c6429-2cdf-47b8-bc2a-e614440050b8","Wetlands (INSPIRE geharmoniseerd) ATOM","https://service.pdok.nl/rvo/beschermdegebieden/wetlands/atom/index.xml","INSPIRE Atom","Beheer PDOK","beheerpdok@kadaster.nl,beheerpdok@kadaster.nl","Nederlands metadata profiel op ISO 19119 voor services 2.1.0","https://nationaalgeoregister.nl/geonetwork/srv/dut/csw?service=CSW&request=GetRecordById&version=2.0.2&outputSchema=http://www.isotc211.org/2005/gmd&elementSetName=full&id=19165027-a13a-4c19-9013-ec1fd191019d#MD_DataIdentification","19165027-a13a-4c19-9013-ec1fd191019d","download"
"18b9e1e4-dac6-4d26-a37b-94bb309c03cf","Gepland landgebruik DSO-LV Omgevingswet (INSPIRE geharmoniseerd) ATOM","https://service.pdok.nl/kadaster/landgebruik/gepland-landgebruik-dso-lv/atom/index.xml","INSPIRE Atom","Beheer PDOK","beheerpdok@kadaster.nl,beheerpdok@kadaster.nl","Nederlands metadata profiel op ISO 19119 voor services 2.1.0","https://www.nationaalgeoregister.nl/geonetwork/srv/dut/csw?service=CSW&request=GetRecordById&version=2.0.2&outputSchema=http://www.isotc211.org/2005/gmd&elementSetName=full&id=e0cb0dd4-3cef-4661-840d-c1d3ba4c9dd6#MD_DataIdentification","e0cb0dd4-3cef-4661-840d-c1d3ba4c9dd6","download"
"f7f45343-463e-43a5-a393-8bb1c15c523a","Natura 2000 (INSPIRE geharmoniseerd) ATOM","https://service.pdok.nl/rvo/beschermde-gebieden/natura2000/atom/index.xml","INSPIRE Atom","Beheer PDOK","beheerpdok@kadaster.nl,beheerpdok@kadaster.nl","Nederlands metadata profiel op ISO 19119 voor services 2.1.0","https://nationaalgeoregister.nl/geonetwork/srv/dut/csw?service=CSW&request=GetRecordById&version=2.0.2&outputSchema=http://www.isotc211.org/2005/gmd&elementSetName=full&id=280ed37a-b8d2-4ac5-8567-04d84fad3a41 #MD_DataIdentification","280ed37a-b8d2-4ac5-8567-04d84fad3a41 ","download"
"95883512-2cc0-476f-8637-6d70709aefaf","Habitatrichtlijn verspreiding van habitattypen ATOM","https://service.pdok.nl/rvo/habitatrichtlijntypen/atom/index.xml","INSPIRE Atom","Beheer PDOK","beheerpdok@kadaster.nl,beheerpdok@kadaster.nl","Nederlands metadata profiel op ISO 19119 voor services 2.1.0","https://nationaalgeoregister.nl/geonetwork/srv/dut/csw?service=CSW&request=GetRecordById&version=2.0.2&outputSchema=http://www.isotc211.org/2005/gmd&elementSetName=full&id=977e0e94-7aa9-4784-b2da-eaec44adb61b#MD_DataIdentification","977e0e94-7aa9-4784-b2da-eaec44adb61b","download"
"fe4b36d5-8f69-403f-b084-ce010a4ae3b2","Natura2000 ATOM","https://service.pdok.nl/rvo/natura2000/atom/index.xml","INSPIRE Atom","Beheer PDOK","beheerpdok@kadaster.nl,beheerpdok@kadaster.nl","Nederlands metadata profiel op ISO 19119 voor services 2.1.0","https://nationaalgeoregister.nl/geonetwork/srv/dut/csw?service=CSW&request=GetRecordById&version=2.0.2&outputSchema=http://www.isotc211.org/2005/gmd&elementSetName=full&id=8829e5dd-c861-4639-a6c8-fdbb6e3440d2#MD_DataIdentification","8829e5dd-c861-4639-a6c8-fdbb6e3440d2","download"
"69958238-d61e-4440-bed2-26d990578835","Richtlijn Stedelijk Afvalwater (RSA) WFS","https://service.pdok.nl/rws/richtlijnstedelijkafvalwater/wfs/v2_0?request=GetCapabilities&service=WFS","OGC:WFS","Beheer PDOK","beheerpdok@kadaster.nl,beheerpdok@kadaster.nl","Nederlands metadata profiel op ISO 19119 voor services 2.1.0","["https:\/\/www.nationaalgeoregister.nl\/geonetwork\/srv\/dut\/csw?service=CSW&request=GetRecordById&version=2.0.2&outputSchema=http:\/\/www.isotc211.org\/2005\/gmd&elementSetName=full&id=4eee12af-35db-49ff-8bf2-03793c53b739#MD_DataIdentification","https:\/\/www.nationaalgeoregister.nl\/geonetwork\/srv\/dut\/csw?service=CSW&request=GetRecordById&version=2.0.2&outputSchema=http:\/\/www.isotc211.org\/2005\/gmd&elementSetName=full&id=4eee12af-35db-49ff-8bf2-03793c53b739#MD_DataIdentification","https:\/\/www.nationaalgeoregister.nl\/geonetwork\/srv\/dut\/csw?service=CSW&request=GetRecordById&version=2.0.2&outputSchema=http:\/\/www.isotc211.org\/2005\/gmd&elementSetName=full&id=4eee12af-35db-49ff-8bf2-03793c53b739#MD_DataIdentification","https:\/\/www.nationaalgeoregister.nl\/geonetwork\/srv\/dut\/csw?service=CSW&request=GetRecordById&version=2.0.2&outputSchema=http:\/\/www.isotc211.org\/2005\/gmd&elementSetName=full&id=4eee12af-35db-49ff-8bf2-03793c53b739#MD_DataIdentification"]","4eee12af-35db-49ff-8bf2-03793c53b739 4eee12af-35db-49ff-8bf2-03793c53b739 4eee12af-35db-49ff-8bf2-03793c53b739 4eee12af-35db-49ff-8bf2-03793c53b739","other"
"d556f31b-97f1-467f-9451-096004a30067","Publiekrechtelijke beperkingen WFS","https://service.pdok.nl/kadaster/wkpb/wfs/v1_0?request=GetCapabilities&service=WFS","OGC:WFS","Beheer PDOK","beheerpdok@kadaster.nl,beheerpdok@kadaster.nl","Nederlands metadata profiel op ISO 19119 voor services 2.1.0","https://nationaalgeoregister.nl/geonetwork/srv/dut/csw?service=CSW&request=GetRecordById&version=2.0.2&outputSchema=http://www.isotc211.org/2005/gmd&elementSetName=full&id=5d2ffea6-e7c5-4e29-9474-c13718828779#MD_DataIdentification","5d2ffea6-e7c5-4e29-9474-c13718828779","other"
"af4841b5-ce83-4edb-af41-429a21140316","Habitatrichtlijn verspreiding van habitattypen WFS","https://service.pdok.nl/rvo/habitatrichtlijntypen/wfs/v1_0?request=GetCapabilities&service=WFS","OGC:WFS","Beheer PDOK","beheerpdok@kadaster.nl,beheerpdok@kadaster.nl","Nederlands metadata profiel op ISO 19119 voor services 2.1.0","https://nationaalgeoregister.nl/geonetwork/srv/dut/csw?service=CSW&request=GetRecordById&version=2.0.2&outputSchema=http://www.isotc211.org/2005/gmd&elementSetName=full&id=977e0e94-7aa9-4784-b2da-eaec44adb61b#MD_DataIdentification","977e0e94-7aa9-4784-b2da-eaec44adb61b","other"
"280c33d5-169f-4ea3-8f7e-330b5b0fe642","CBS Wijken en Buurten 2023 versie 2 WFS","https://service.pdok.nl/cbs/wijkenbuurten/2023/wfs/v1_0?request=GetCapabilities&service=WFS","OGC:WFS","Beheer PDOK","beheerpdok@kadaster.nl,beheerpdok@kadaster.nl","Nederlands metadata profiel op ISO 19119 voor services 2.1.0","https://www.nationaalgeoregister.nl/geonetwork/srv/dut/csw?service=CSW&request=GetRecordById&version=2.0.2&outputSchema=http://www.isotc211.org/2005/gmd&elementSetName=full&id=9f0b4396-90d6-4be2-aa4e-dc52942b845a#MD_DataIdentification","9f0b4396-90d6-4be2-aa4e-dc52942b845a","other"
"bfcc588f-9393-4c70-b989-d9e92ac2f493","Actueel Hoogtebestand Nederland (AHN) WCS","https://service.pdok.nl/rws/ahn/wcs/v1_0?request=GetCapabilities&service=WCS","OGC:WCS","Beheer PDOK","beheerpdok@kadaster.nl,beheerpdok@kadaster.nl","Nederlands metadata profiel op ISO 19119 voor services 2.1.0","["https:\/\/www.nationaalgeoregister.nl\/geonetwork\/srv\/dut\/csw?service=CSW&request=GetRecordById&version=2.0.2&outputSchema=http:\/\/www.isotc211.org\/2005\/gmd&elementSetName=full&id=41daef8b-155e-4608-b49c-c87ea45d931c#MD_DataIdentification","https:\/\/www.nationaalgeoregister.nl\/geonetwork\/srv\/dut\/csw?service=CSW&request=GetRecordById&version=2.0.2&outputSchema=http:\/\/www.isotc211.org\/2005\/gmd&elementSetName=full&id=41daef8b-155e-4608-b49c-c87ea45d931g#MD_DataIdentification"]","41daef8b-155e-4608-b49c-c87ea45d931c 41daef8b-155e-4608-b49c-c87ea45d931g","other"
"609d0c9e-173f-4f90-b020-c91ab3a0b6ef","RD info WMS","https:\/\/service.pdok.nl\/kadaster\/rdinfo\/wms\/v1_0?request=getcapabilities&service=WMS","["OGC:WMS","OGC:WMS"]","Beheer PDOK","beheerPDOK@kadaster.nl,BeheerPDOK@kadaster.nl","Nederlands metadata profiel op ISO 19119 voor services 2.1.0","https://www.nationaalgeoregister.nl/geonetwork/srv/dut/csw?service=CSW&request=GetRecordById&version=2.0.2&outputSchema=http://www.isotc211.org/2005/gmd&elementSetName=full&id=29c17585-e702-463f-a5dc-99d34b17d333#MD_DataIdentification","29c17585-e702-463f-a5dc-99d34b17d333","view"
"3ebe56dc-5f09-4fb3-b224-55c2db4ca2fd","RD info WFS","https:\/\/service.pdok.nl\/kadaster\/rdinfo\/wfs\/v1_0?request=getcapabilities&service=WFS","["OGC:WFS","OGC:WFS"]","Beheer PDOK","beheerPDOK@kadaster.nl,beheerPDOK@kadaster.nl","Nederlands metadata profiel op ISO 19119 voor services 2.1.0","https://www.nationaalgeoregister.nl/geonetwork/srv/dut/csw?service=CSW&request=GetRecordById&version=2.0.2&outputSchema=http://www.isotc211.org/2005/gmd&elementSetName=full&id=29c17585-e702-463f-a5dc-99d34b17d333#MD_DataIdentification","29c17585-e702-463f-a5dc-99d34b17d333","download"
"ff0f3779-25cc-4150-ae3c-ec885388c59e","BRO - Bodemkundig booronderzoek (BHR-P) - Geologie (INSPIRE geharmoniseerd) WMS","https://service.pdok.nl/bzk/geologie/bro-bodemkundig-booronderzoek/wms/v1_0?request=GetCapabilities&service=WMS","OGC:WMS","Beheer PDOK","beheerpdok@kadaster.nl,beheerpdok@kadaster.nl","Nederlands metadata profiel op ISO 19119 voor services 2.1.0","https://www.nationaalgeoregister.nl/geonetwork/srv/dut/csw?service=CSW&request=GetRecordById&version=2.0.2&outputSchema=http://www.isotc211.org/2005/gmd&elementSetName=full&id=923f1bf3-912d-4b46-b19e-f95944b61558#MD_DataIdentification","923f1bf3-912d-4b46-b19e-f95944b61558","view"
"1c0dcc64-91aa-4d44-a9e3-54355556f5e7","BAG WFS","https:\/\/service.pdok.nl\/lv\/bag\/wfs\/v2_0?request=getCapabilities&service=WFS","["OGC:WFS","OGC:WFS","OGC:WFS","OGC:WFS","OGC:WFS"]","Beheer PDOK","beheerPDOK@kadaster.nl,beheerPDOK@kadaster.nl","Nederlands metadata profiel op ISO 19119 voor services 2.1.0","http://nationaalgeoregister.nl/geonetwork/srv/dut/csw?service=CSW&version=2.0.2&request=GetRecordById&outputschema=http://www.isotc211.org/2005/gmd&elementsetname=full&id=aa3b5e6e-7baa-40c0-8972-3353e927ec2f#MD_DataIdentification","aa3b5e6e-7baa-40c0-8972-3353e927ec2f","other"
"fa09603b-d799-4ede-8243-1eb4f654ae75","CBS Wijken en Buurten 2022 versie 3 WFS","https://service.pdok.nl/cbs/wijkenbuurten/2022/wfs/v1_0?request=GetCapabilities&service=WFS","OGC:WFS","Beheer PDOK","beheerpdok@kadaster.nl,beheerpdok@kadaster.nl","Nederlands metadata profiel op ISO 19119 voor services 2.1.0","https://www.nationaalgeoregister.nl/geonetwork/srv/dut/csw?service=CSW&request=GetRecordById&version=2.0.2&outputSchema=http://www.isotc211.org/2005/gmd&elementSetName=full&id=70c52fd8-6b2e-42aa-873a-742711903243#MD_DataIdentification","70c52fd8-6b2e-42aa-873a-742711903243","other"
"bfe4f5c6-b6d2-4a63-a7b7-961dd9c9fcaa","Bodemgebruik - Land Cover (INSPIRE geharmoniseerd) WMS","https://service.pdok.nl/kadaster/lc/wms/v1_0?request=GetCapabilities&service=WMS","OGC:WMS","Beheer PDOK","beheerpdok@kadaster.nl,beheerpdok@kadaster.nl","Nederlands metadata profiel op ISO 19119 voor services 2.1.0","https://www.nationaalgeoregister.nl/geonetwork/srv/dut/csw?service=CSW&request=GetRecordById&version=2.0.2&outputSchema=http://www.isotc211.org/2005/gmd&elementSetName=full&id=1689d1b7-ef22-417a-becd-d8d9a8a90a10#MD_DataIdentification","1689d1b7-ef22-417a-becd-d8d9a8a90a10","view"
"94f241c2-43a2-42c3-8e9e-71976605aa0e","BRT TOP10NL WMS","https://service.pdok.nl/brt/top10nl/wms/v1_0?service=wms&request=getCapabilities","OGC:WMS","Beheer PDOK","beheerPDOK@kadaster.nl,beheerPDOK@kadaster.nl","Nederlands metadata profiel op ISO 19119 voor services 2.1.0","http://nationaalgeoregister.nl/geonetwork/srv/dut/csw?service=CSW&version=2.0.2&request=GetRecordById&outputschema=http://www.isotc211.org/2005/gmd&elementsetname=full&id=29d5310f-dd0d-45ba-abad-b4ffc6b8785f#MD_DataIdentification","29d5310f-dd0d-45ba-abad-b4ffc6b8785f","view"
"589a9223-7588-4cd7-93aa-5373a12d8cea","Hydrografie (INSPIRE geharmoniseerd) WMS","https://service.pdok.nl/kadaster/hy/wms/v1_0?request=GetCapabilities&service=WMS","OGC:WMS","Beheer PDOK","beheerpdok@kadaster.nl,beheerpdok@kadaster.nl","Nederlands metadata profiel op ISO 19119 voor services 2.1.0","["https:\/\/nationaalgeoregister.nl\/geonetwork\/srv\/dut\/csw?service=CSW&request=GetRecordById&version=2.0.2&outputSchema=http:\/\/www.isotc211.org\/2005\/gmd&elementSetName=full&id=1c3afc74-cc34-44b7-938a-963e2350795a#MD_DataIdentification","https:\/\/nationaalgeoregister.nl\/geonetwork\/srv\/dut\/csw?service=CSW&request=GetRecordById&version=2.0.2&outputSchema=http:\/\/www.isotc211.org\/2005\/gmd&elementSetName=full&id=1c3afc74-cc34-44b7-938a-963e2350795a#MD_DataIdentification","https:\/\/nationaalgeoregister.nl\/geonetwork\/srv\/dut\/csw?service=CSW&request=GetRecordById&version=2.0.2&outputSchema=http:\/\/www.isotc211.org\/2005\/gmd&elementSetName=full&id=1c3afc74-cc34-44b7-938a-963e2350795a#MD_DataIdentification","https:\/\/nationaalgeoregister.nl\/geonetwork\/srv\/dut\/csw?service=CSW&request=GetRecordById&version=2.0.2&outputSchema=http:\/\/www.isotc211.org\/2005\/gmd&elementSetName=full&id=1c3afc74-cc34-44b7-938a-963e2350795a#MD_DataIdentification","https:\/\/nationaalgeoregister.nl\/geonetwork\/srv\/dut\/csw?service=CSW&request=GetRecordById&version=2.0.2&outputSchema=http:\/\/www.isotc211.org\/2005\/gmd&elementSetName=full&id=1c3afc74-cc34-44b7-938a-963e2350795a#MD_DataIdentification","https:\/\/nationaalgeoregister.nl\/geonetwork\/srv\/dut\/csw?service=CSW&request=GetRecordById&version=2.0.2&outputSchema=http:\/\/www.isotc211.org\/2005\/gmd&elementSetName=full&id=1c3afc74-cc34-44b7-938a-963e2350795a#MD_DataIdentification","https:\/\/nationaalgeoregister.nl\/geonetwork\/srv\/dut\/csw?service=CSW&request=GetRecordById&version=2.0.2&outputSchema=http:\/\/www.isotc211.org\/2005\/gmd&elementSetName=full&id=1c3afc74-cc34-44b7-938a-963e2350795a#MD_DataIdentification","https:\/\/nationaalgeoregister.nl\/geonetwork\/srv\/dut\/csw?service=CSW&request=GetRecordById&version=2.0.2&outputSchema=http:\/\/www.isotc211.org\/2005\/gmd&elementSetName=full&id=1c3afc74-cc34-44b7-938a-963e2350795a#MD_DataIdentification","https:\/\/nationaalgeoregister.nl\/geonetwork\/srv\/dut\/csw?service=CSW&request=GetRecordById&version=2.0.2&outputSchema=http:\/\/www.isotc211.org\/2005\/gmd&elementSetName=full&id=1c3afc74-cc34-44b7-938a-963e2350795a#MD_DataIdentification","https:\/\/nationaalgeoregister.nl\/geonetwork\/srv\/dut\/csw?service=CSW&request=GetRecordById&version=2.0.2&outputSchema=http:\/\/www.isotc211.org\/2005\/gmd&elementSetName=full&id=1c3afc74-cc34-44b7-938a-963e2350795a#MD_DataIdentification","https:\/\/nationaalgeoregister.nl\/geonetwork\/srv\/dut\/csw?service=CSW&request=GetRecordById&version=2.0.2&outputSchema=http:\/\/www.isotc211.org\/2005\/gmd&elementSetName=full&id=1c3afc74-cc34-44b7-938a-963e2350795a#MD_DataIdentification","https:\/\/nationaalgeoregister.nl\/geonetwork\/srv\/dut\/csw?service=CSW&request=GetRecordById&version=2.0.2&outputSchema=http:\/\/www.isotc211.org\/2005\/gmd&elementSetName=full&id=1c3afc74-cc34-44b7-938a-963e2350795a#MD_DataIdentification","https:\/\/nationaalgeoregister.nl\/geonetwork\/srv\/dut\/csw?service=CSW&request=GetRecordById&version=2.0.2&outputSchema=http:\/\/www.isotc211.org\/2005\/gmd&elementSetName=full&id=1c3afc74-cc34-44b7-938a-963e2350795a#MD_DataIdentification","https:\/\/nationaalgeoregister.nl\/geonetwork\/srv\/dut\/csw?service=CSW&request=GetRecordById&version=2.0.2&outputSchema=http:\/\/www.isotc211.org\/2005\/gmd&elementSetName=full&id=1c3afc74-cc34-44b7-938a-963e2350795a#MD_DataIdentification","https:\/\/nationaalgeoregister.nl\/geonetwork\/srv\/dut\/csw?service=CSW&request=GetRecordById&version=2.0.2&outputSchema=http:\/\/www.isotc211.org\/2005\/gmd&elementSetName=full&id=1c3afc74-cc34-44b7-938a-963e2350795a#MD_DataIdentification","https:\/\/nationaalgeoregister.nl\/geonetwork\/srv\/dut\/csw?service=CSW&request=GetRecordById&version=2.0.2&outputSchema=http:\/\/www.isotc211.org\/2005\/gmd&elementSetName=full&id=1c3afc74-cc34-44b7-938a-963e2350795a#MD_DataIdentification","https:\/\/nationaalgeoregister.nl\/geonetwork\/srv\/dut\/csw?service=CSW&request=GetRecordById&version=2.0.2&outputSchema=http:\/\/www.isotc211.org\/2005\/gmd&elementSetName=full&id=1c3afc74-cc34-44b7-938a-963e2350795a#MD_DataIdentification","https:\/\/nationaalgeoregister.nl\/geonetwork\/srv\/dut\/csw?service=CSW&request=GetRecordById&version=2.0.2&outputSchema=http:\/\/www.isotc211.org\/2005\/gmd&elementSetName=full&id=1c3afc74-cc34-44b7-938a-963e2350795a#MD_DataIdentification","https:\/\/nationaalgeoregister.nl\/geonetwork\/srv\/dut\/csw?service=CSW&request=GetRecordById&version=2.0.2&outputSchema=http:\/\/www.isotc211.org\/2005\/gmd&elementSetName=full&id=1c3afc74-cc34-44b7-938a-963e2350795a#MD_DataIdentification"]","1c3afc74-cc34-44b7-938a-963e2350795a 1c3afc74-cc34-44b7-938a-963e2350795a 1c3afc74-cc34-44b7-938a-963e2350795a 1c3afc74-cc34-44b7-938a-963e2350795a 1c3afc74-cc34-44b7-938a-963e2350795a 1c3afc74-cc34-44b7-938a-963e2350795a 1c3afc74-cc34-44b7-938a-963e2350795a 1c3afc74-cc34-44b7-938a-963e2350795a 1c3afc74-cc34-44b7-938a-963e2350795a 1c3afc74-cc34-44b7-938a-963e2350795a 1c3afc74-cc34-44b7-938a-963e2350795a 1c3afc74-cc34-44b7-938a-963e2350795a 1c3afc74-cc34-44b7-938a-963e2350795a 1c3afc74-cc34-44b7-938a-963e2350795a 1c3afc74-cc34-44b7-938a-963e2350795a 1c3afc74-cc34-44b7-938a-963e2350795a 1c3afc74-cc34-44b7-938a-963e2350795a 1c3afc74-cc34-44b7-938a-963e2350795a 1c3afc74-cc34-44b7-938a-963e2350795a","view"
"734bdcf3-e825-48da-9872-46cb132ef763","BRO - Geologisch booronderzoek (BHR-G) WMS","https://service.pdok.nl/bzk/bro-geologisch-booronderzoek/wms/v1_0?request=GetCapabilities&service=WMS","OGC:WMS","Beheer PDOK","beheerpdok@kadaster.nl,beheerpdok@kadaster.nl","Nederlands metadata profiel op ISO 19119 voor services 2.1.0","https://www.nationaalgeoregister.nl/geonetwork/srv/dut/csw?service=CSW&request=GetRecordById&version=2.0.2&outputSchema=http://www.isotc211.org/2005/gmd&elementSetName=full&id=2bae2c5e-02a3-4979-ac74-5f3f37b16bc1#MD_DataIdentification","2bae2c5e-02a3-4979-ac74-5f3f37b16bc1","view"
"a0ad469d-be1b-4d38-b699-faf946666bcc","BAG ATOM","https://service.pdok.nl/lv/bag/atom/index.xml","INSPIRE Atom","Beheer PDOK","beheerpdok@kadaster.nl,beheerpdok@kadaster.nl","Nederlands metadata profiel op ISO 19119 voor services 2.1.0","https://www.nationaalgeoregister.nl/geonetwork/srv/dut/csw?service=CSW&request=GetRecordById&version=2.0.2&outputSchema=http://www.isotc211.org/2005/gmd&elementSetName=full&id=aa3b5e6e-7baa-40c0-8972-3353e927ec2f#MD_DataIdentification","aa3b5e6e-7baa-40c0-8972-3353e927ec2f","download"
"a9fa7fff-6365-4885-950c-e9d9848359ee","NWB - Wegen WFS","https://service.pdok.nl/rws/nwbwegen/wfs/v1_0?request=GetCapabilities&service=WFS","OGC:WFS","Beheer PDOK","beheerpdok@kadaster.nl,beheerpdok@kadaster.nl","Nederlands metadata profiel op ISO 19119 voor services 2.1.0","["https:\/\/www.nationaalgeoregister.nl\/geonetwork\/srv\/dut\/csw?service=CSW&request=GetRecordById&version=2.0.2&outputSchema=http:\/\/www.isotc211.org\/2005\/gmd&elementSetName=full&id=a9b7026e-0a81-4813-93bd-ba49e6f28502#MD_DataIdentification","https:\/\/www.nationaalgeoregister.nl\/geonetwork\/srv\/dut\/csw?service=CSW&request=GetRecordById&version=2.0.2&outputSchema=http:\/\/www.isotc211.org\/2005\/gmd&elementSetName=full&id=a9b7026e-0a81-4813-93bd-ba49e6f28502#MD_DataIdentification"]","a9b7026e-0a81-4813-93bd-ba49e6f28502 a9b7026e-0a81-4813-93bd-ba49e6f28502","other"
"634a11eb-d72b-4688-b978-2743b8d1688f","BRO - Milieuhygiënisch Bodemonderzoek (SAD) WMS","https://service.pdok.nl/tno/bro-milieuhygienisch-bodemonderzoek/wms/v1_0?request=GetCapabilities&service=WMS","OGC:WMS","Beheer PDOK","beheerpdok@kadaster.nl,beheerpdok@kadaster.nl","Nederlands metadata profiel op ISO 19119 voor services 2.1.0","["https:\/\/www.nationaalgeoregister.nl\/geonetwork\/srv\/dut\/csw?service=CSW&request=GetRecordById&version=2.0.2&outputSchema=http:\/\/www.isotc211.org\/2005\/gmd&elementSetName=full&id=b6e6566d-5b05-4602-b711-a6fe2fbfe331#MD_DataIdentification","https:\/\/www.nationaalgeoregister.nl\/geonetwork\/srv\/dut\/csw?service=CSW&request=GetRecordById&version=2.0.2&outputSchema=http:\/\/www.isotc211.org\/2005\/gmd&elementSetName=full&id=b6e6566d-5b05-4602-b711-a6fe2fbfe331#MD_DataIdentification"]","b6e6566d-5b05-4602-b711-a6fe2fbfe331 b6e6566d-5b05-4602-b711-a6fe2fbfe331","view"
"a614d468-7a66-437b-82ec-5d21381f5dca","CBS Wijken en Buurten 2023 versie 2 WMS","https://service.pdok.nl/cbs/wijkenbuurten/2023/wms/v1_0?request=GetCapabilities&service=WMS","OGC:WMS","Beheer PDOK","beheerpdok@kadaster.nl,beheerpdok@kadaster.nl","Nederlands metadata profiel op ISO 19119 voor services 2.1.0","https://www.nationaalgeoregister.nl/geonetwork/srv/dut/csw?service=CSW&request=GetRecordById&version=2.0.2&outputSchema=http://www.isotc211.org/2005/gmd&elementSetName=full&id=9f0b4396-90d6-4be2-aa4e-dc52942b845a#MD_DataIdentification","9f0b4396-90d6-4be2-aa4e-dc52942b845a","view"
"94e5b115-bece-4140-99ed-93b8f363948e","Actueel Hoogtebestand Nederland (AHN) WMS","https://service.pdok.nl/rws/ahn/wms/v1_0?request=GetCapabilities&service=WMS","OGC:WMS","Beheer PDOK","beheerpdok@kadaster.nl,beheerpdok@kadaster.nl","Nederlands metadata profiel op ISO 19119 voor services 2.1.0","["https:\/\/www.nationaalgeoregister.nl\/geonetwork\/srv\/dut\/csw?service=CSW&request=GetRecordById&version=2.0.2&outputSchema=http:\/\/www.isotc211.org\/2005\/gmd&elementSetName=full&id=41daef8b-155e-4608-b49c-c87ea45d931c#MD_DataIdentification","https:\/\/www.nationaalgeoregister.nl\/geonetwork\/srv\/dut\/csw?service=CSW&request=GetRecordById&version=2.0.2&outputSchema=http:\/\/www.isotc211.org\/2005\/gmd&elementSetName=full&id=41daef8b-155e-4608-b49c-c87ea45d931g#MD_DataIdentification"]","41daef8b-155e-4608-b49c-c87ea45d931c 41daef8b-155e-4608-b49c-c87ea45d931g","view"
"5117ebc1-5a63-439b-b3ca-43b80be804fb","Adressen (INSPIRE geharmoniseerd) WMS","https://service.pdok.nl/kadaster/ad/wms/v1_0?request=GetCapabilities&service=WMS","OGC:WMS","Beheer PDOK","beheerpdok@kadaster.nl,beheerpdok@kadaster.nl","Nederlands metadata profiel op ISO 19119 voor services 2.1.0","https://www.nationaalgeoregister.nl/geonetwork/srv/dut/csw?service=CSW&request=GetRecordById&version=2.0.2&outputSchema=http://www.isotc211.org/2005/gmd&elementSetName=full&id=a5f961e9-ebdd-41e2-b8e8-ab33ed340a83#MD_DataIdentification","a5f961e9-ebdd-41e2-b8e8-ab33ed340a83","view"
"32b1eb9e-c54f-4598-92d2-328eb77fa0d3","Natura2000 WFS","https://service.pdok.nl/rvo/natura2000/wfs/v1_0?request=getcapabilities&service=wfs","OGC:WFS","Beheer PDOK","beheerPDOK@kadaster.nl,beheerPDOK@kadaster.nl","Nederlands metadata profiel op ISO 19119 voor services 2.1.0","https://www.nationaalgeoregister.nl/geonetwork/srv/dut/csw?service=CSW&request=GetRecordById&version=2.0.2&outputSchema=http://www.isotc211.org/2005/gmd&elementSetName=full&id=8829e5dd-c861-4639-a6c8-fdbb6e3440d2#MD_DataIdentification","8829e5dd-c861-4639-a6c8-fdbb6e3440d2","other"
"9f051605-bac9-4486-908d-9ada36c7b16e","CBS Existing Land Use (INSPIRE geharmoniseerd) WFS","https://service.pdok.nl/cbs/landuse/wfs/v1_0?request=GetCapabilities&service=WFS","OGC:WFS","Beheer PDOK","beheerpdok@kadaster.nl,beheerpdok@kadaster.nl","Nederlands metadata profiel op ISO 19119 voor services 2.1.0","https://www.nationaalgeoregister.nl/geonetwork/srv/dut/csw?service=CSW&request=GetRecordById&version=2.0.2&outputSchema=http://www.isotc211.org/2005/gmd&elementSetName=full&id=6318009c-7b11-4ab9-9929-735584dfb692#MD_DataIdentification","6318009c-7b11-4ab9-9929-735584dfb692","other"
"3bad67da-5004-488e-911a-81502adefedb","CBS Wijken en Buurten 2023 versie 2 ATOM","https://service.pdok.nl/cbs/wijkenbuurten/2023/atom/index.xml","INSPIRE Atom","Beheer PDOK","beheerpdok@kadaster.nl,beheerpdok@kadaster.nl","Nederlands metadata profiel op ISO 19119 voor services 2.1.0","https://www.nationaalgeoregister.nl/geonetwork/srv/dut/csw?service=CSW&request=GetRecordById&version=2.0.2&outputSchema=http://www.isotc211.org/2005/gmd&elementSetName=full&id=9f0b4396-90d6-4be2-aa4e-dc52942b845a#MD_DataIdentification","9f0b4396-90d6-4be2-aa4e-dc52942b845a","download"
"101a2cc7-bb53-4a16-98f9-bab1f4745b01","Beschermde Gebieden - Cultuurhistorie (INSPIRE geharmoniseerd) WFS","https://service.pdok.nl/rce/ps-ch/wfs/v1_0?request=GetCapabilities&service=WFS","OGC:WFS","Beheer PDOK","beheerPDOK@kadaster.nl,beheerpdok@kadaster.nl","Nederlands metadata profiel op ISO 19119 voor services 2.1.0","https://www.nationaalgeoregister.nl/geonetwork/srv/dut/csw?service=CSW&request=GetRecordById&version=2.0.2&outputSchema=http://www.isotc211.org/2005/gmd&elementSetName=full&id=493ab81b-75f8-4205-b030-6b2fd9eb4295#MD_DataIdentification","493ab81b-75f8-4205-b030-6b2fd9eb4295","other"
"ed249628-41f0-4fdd-81a8-838f7a3a8344","CBS Wijken en Buurten 2024 versie 1 WFS","https://service.pdok.nl/cbs/wijkenbuurten/2024/wfs/v1_0?request=GetCapabilities&service=WFS","OGC:WFS","Beheer PDOK","beheerpdok@kadaster.nl,beheerpdok@kadaster.nl","Nederlands metadata profiel op ISO 19119 voor services 2.1.0","https://www.nationaalgeoregister.nl/geonetwork/srv/dut/csw?service=CSW&request=GetRecordById&version=2.0.2&outputSchema=http://www.isotc211.org/2005/gmd&elementSetName=full&id=a0cfe9fa-4b2d-404c-a2ca-c98bc12abdfd#MD_DataIdentification","a0cfe9fa-4b2d-404c-a2ca-c98bc12abdfd","other"
"7b8f44b5-6eae-4113-a835-84b8678c3dd5","Beschermde Gebieden - Cultuurhistorie (INSPIRE geharmoniseerd) WMS","https://service.pdok.nl/rce/ps-ch/wms/v1_0?request=GetCapabilities&service=WMS","OGC:WMS","Beheer PDOK","beheerPDOK@kadaster.nl,beheerPDOK@kadaster.nl","Nederlands metadata profiel op ISO 19119 voor services 2.1.0","https://www.nationaalgeoregister.nl/geonetwork/srv/dut/csw?service=CSW&request=GetRecordById&version=2.0.2&outputSchema=http://www.isotc211.org/2005/gmd&elementSetName=full&id=493ab81b-75f8-4205-b030-6b2fd9eb4295#MD_DataIdentification","493ab81b-75f8-4205-b030-6b2fd9eb4295","view"
"56a3a4f1-c1a0-4eb7-9a2b-b84e41f8903b","Publiekrechtelijke beperkingen WMS","https://service.pdok.nl/kadaster/wkpb/wms/v1_0?request=GetCapabilities&service=WMS","OGC:WMS","Beheer PDOK","beheerpdok@kadaster.nl,beheerpdok@kadaster.nl","Nederlands metadata profiel op ISO 19119 voor services 2.1.0","https://nationaalgeoregister.nl/geonetwork/srv/dut/csw?service=CSW&request=GetRecordById&version=2.0.2&outputSchema=http://www.isotc211.org/2005/gmd&elementSetName=full&id=5d2ffea6-e7c5-4e29-9474-c13718828779#MD_DataIdentification","5d2ffea6-e7c5-4e29-9474-c13718828779","view"
"9c80458b-12c6-4d38-8f6d-387ab6e4ed21","Natura2000 WMS","https://service.pdok.nl/rvo/natura2000/wms/v1_0?request=getcapabilities&service=wms","OGC:WMS","Beheer PDOK","beheerPDOK@kadaster.nl,beheerPDOK@kadaster.nl","Nederlands metadata profiel op ISO 19119 voor services 2.1.0","https://www.nationaalgeoregister.nl/geonetwork/srv/dut/csw?service=CSW&request=GetRecordById&version=2.0.2&outputSchema=http://www.isotc211.org/2005/gmd&elementSetName=full&id=8829e5dd-c861-4639-a6c8-fdbb6e3440d2#MD_DataIdentification","8829e5dd-c861-4639-a6c8-fdbb6e3440d2","view"
