"serviceIdentifierCode","title","url","servicetype","conformanceHref","conformanceTitles","conformancePass"
"d4f4ebb4-dea0-4f32-b2c4-f1f733091b75","Vogelrichtlijn verspreiding van soorten OGC API Features","https://api.pdok.nl/rvo/vogelrichtlijn-verspreidingsgebied-soorten/ogc/v1","other",""https:\/\/data.europa.eu\/eli\/reg\/2010\/1089";"http:\/\/inspire.ec.europa.eu\/id\/ats\/metadata\/2.0\/sds-invocable";"http:\/\/www.opengis.net\/def\/interface\/ogcapi-features"",""Conform verordening";"De service voldoet aan de requirements van de invocable conformance class";"is conform OGC API features specificatie"",""true";"true";"true""
"983c059f-2cd2-4808-b11c-abf446eac658","Vogelrichtlijn verspreidingsgebied van soorten OGC API Features","https://api.pdok.nl/rvo/vogelrichtlijn-verspreidingsgebied-soorten/ogc/v1","other",""https:\/\/data.europa.eu\/eli\/reg\/2010\/1089";"http:\/\/inspire.ec.europa.eu\/id\/ats\/metadata\/2.0\/sds-invocable";"http:\/\/www.opengis.net\/def\/interface\/ogcapi-features"",""Conform verordening";"De service voldoet aan de requirements van de invocable conformance class";"is conform OGC API features specificatie"",""true";"true";"true""
"ab9f8fd0-8465-4071-bbe4-5446736afcf7","Population Distribution (INSPIRE geharmoniseerd) OGC API Features","https://api.pdok.nl/cbs/population-distribution/ogc/v1","other",""https:\/\/data.europa.eu\/eli\/reg\/2010\/1089";"http:\/\/inspire.ec.europa.eu\/id\/ats\/metadata\/2.0\/sds-interoperable";"http:\/\/www.opengis.net\/def\/interface\/ogcapi-features";"http:\/\/inspire.ec.europa.eu\/metadata-codelist\/QualityOfServiceCriteria\/availability";"urn:ogc:def:uom:OGC::percent";"http:\/\/inspire.ec.europa.eu\/metadata-codelist\/QualityOfServiceCriteria\/performance";"http:\/\/www.opengis.net\/def\/uom\/SI\/second";"http:\/\/inspire.ec.europa.eu\/metadata-codelist\/QualityOfServiceCriteria\/capacity";"http:\/\/www.opengis.net\/def\/uom\/OGC\/1.0\/unity"",""Conform verordening";"De service voldoet aan de requirements van de interoperable conformance class";"is conform OGC API features specificatie";"Beschikbaarheid op jaarbasis; uitgedrukt in percentage in tijd";"Gemiddelde response tijd; uitgedrukt in seconden";"Maximum aantal gelijktijdige requests per seconde die aan de performance criteria voldoen; uitgedrukt als aantal requests per seconde"",""true";"true";"true""
"66bee60e-c5e4-48bf-8da5-edcccadcb310","Statistical Units Vector (INSPIRE geharmoniseerd) OGC API Features","https://api.pdok.nl/cbs/statistical-units-vector/ogc/v1","other",""https:\/\/data.europa.eu\/eli\/reg\/2010\/1089";"http:\/\/inspire.ec.europa.eu\/id\/ats\/metadata\/2.0\/sds-interoperable";"http:\/\/www.opengis.net\/def\/interface\/ogcapi-features";"http:\/\/inspire.ec.europa.eu\/metadata-codelist\/QualityOfServiceCriteria\/availability";"urn:ogc:def:uom:OGC::percent";"http:\/\/inspire.ec.europa.eu\/metadata-codelist\/QualityOfServiceCriteria\/performance";"http:\/\/www.opengis.net\/def\/uom\/SI\/second";"http:\/\/inspire.ec.europa.eu\/metadata-codelist\/QualityOfServiceCriteria\/capacity";"http:\/\/www.opengis.net\/def\/uom\/OGC\/1.0\/unity"",""Conform verordening";"De service voldoet aan de requirements van de interoperable conformance class";"is conform OGC API features specificatie";"Beschikbaarheid op jaarbasis; uitgedrukt in percentage in tijd";"Gemiddelde response tijd; uitgedrukt in seconden";"Maximum aantal gelijktijdige requests per seconde die aan de performance criteria voldoen; uitgedrukt als aantal requests per seconde"",""true";"true";"true""
"2742bbc5-d526-47f0-9dcb-078cf8d4882c","Schelpdierpercelen WMS","https://service.pdok.nl/rvo/schelpdierpercelen/wms/v3_0?request=getcapabilities&service=WMS","view",""https:\/\/eur-lex.europa.eu\/eli\/reg\/2009\/976";"https:\/\/inspire.ec.europa.eu\/documents\/technical-guidance-implementation-inspire-view-services"",""Conform verordening; validatie uitgevoerd met de ETF Validator voor INSPIRE view en downloadservices versie 1.4.1";"Conform technische specificatie; validatie uitgevoerd met de ETF Validator voor INSPIRE view en downloadservices versie 1.4.1"",""true";"true""
"1b07ba6f-3877-4a13-82db-17a601300d8a","Schelpdierpercelen WFS","https://service.pdok.nl/rvo/schelpdierpercelen/wfs/v3_0?request=getcapabilities&service=WFS","other",""https:\/\/eur-lex.europa.eu\/eli\/reg\/2010\/1089";"http:\/\/inspire.ec.europa.eu\/id\/ats\/metadata\/2.0\/sds-invocable";"http:\/\/www.opengis.net\/def\/serviceType\/ogc\/wfs"",""Conform verordening; validatie uitgevoerd met de ETF Validator voor INSPIRE view en downloadservices versie 1.4.1";"De service voldoet aan de requirements van de invocable conformance class";"De service voldoet aan de requirements van de WFS 2.0 conformance class"",""true";"true";"true""
"f27c4326-14c9-45ee-a6cc-decee877c966","Hydrografie: Netwerk (INSPIRE geharmoniseerd) OGC API Features","https://api.pdok.nl/rws/hydrografie-netwerk/ogc/v1","other",""https:\/\/data.europa.eu\/eli\/reg\/2010\/1089";"http:\/\/inspire.ec.europa.eu\/id\/ats\/metadata\/2.0\/sds-interoperable";"http:\/\/www.opengis.net\/def\/interface\/ogcapi-features";"http:\/\/inspire.ec.europa.eu\/metadata-codelist\/QualityOfServiceCriteria\/availability";"urn:ogc:def:uom:OGC::percent";"http:\/\/inspire.ec.europa.eu\/metadata-codelist\/QualityOfServiceCriteria\/performance";"http:\/\/www.opengis.net\/def\/uom\/SI\/second";"http:\/\/inspire.ec.europa.eu\/metadata-codelist\/QualityOfServiceCriteria\/capacity";"http:\/\/www.opengis.net\/def\/uom\/OGC\/1.0\/unity"",""Conform verordening";"De service voldoet aan de requirements van de interoperable conformance class";"is conform OGC API features specificatie";"Beschikbaarheid op jaarbasis; uitgedrukt in percentage in tijd";"Gemiddelde response tijd; uitgedrukt in seconden";"Maximum aantal gelijktijdige requests per seconde die aan de performance criteria voldoen; uitgedrukt als aantal requests per seconde"",""true";"true";"true""
"51fea735-04b2-46db-a05f-17985ba30555","Mossel- en oesterhabitats OGC API Features","https://api.pdok.nl/rvo/mossel-en-oesterhabitats/ogc/v1","other",""https:\/\/data.europa.eu\/eli\/reg\/2010\/1089";"http:\/\/inspire.ec.europa.eu\/id\/ats\/metadata\/2.0\/sds-invocable";"http:\/\/www.opengis.net\/def\/interface\/ogcapi-features"",""Conform verordening";"De service voldoet aan de requirements van de invocable conformance class";"is conform OGC API features specificatie"",""true";"true";"true""
"887c892f-9ef5-4869-b424-3215cb2b5697","Kaderrichtlijn Mariene Strategie WFS","https://service.pdok.nl/rws/kaderrichtlijn-mariene-strategie/wfs/v1_0?request=GetCapabilities&service=WFS","other",""https:\/\/eur-lex.europa.eu\/eli\/reg\/2010\/1089";"http:\/\/inspire.ec.europa.eu\/id\/ats\/metadata\/2.0\/sds-invocable";"http:\/\/www.opengis.net\/def\/serviceType\/ogc\/wfs"",""Conform verordening; validatie uitgevoerd met de ETF Validator voor INSPIRE view en downloadservices versie 1.4.1";"De service voldoet aan de requirements van de invocable conformance class";"De service voldoet aan de requirements van de WFS 2.0 conformance class"",""true";"true";"true""
"f5fd4f4f-56a0-42f4-a0e4-5127016e7932","CBS Vierkantstatistieken 500m 2001 WMS","https://service.pdok.nl/cbs/vierkantstatistieken500m/2001/wms/v1_0?request=GetCapabilities&service=WMS","view",""https:\/\/eur-lex.europa.eu\/eli\/reg\/2009\/976";"https:\/\/inspire.ec.europa.eu\/documents\/technical-guidance-implementation-inspire-view-services"",""Conform verordening; validatie uitgevoerd met de ETF Validator voor INSPIRE view en downloadservices versie 1.4.1";"Conform technische specificatie; validatie uitgevoerd met de ETF Validator voor INSPIRE view en downloadservices versie 1.4.1"",""true";"true""
"1a06274d-c202-448f-8e9b-7cfb492075ac","Wetlands (INSPIRE geharmoniseerd) OGC API Features","https://api.pdok.nl/rvo/wetlands-geharmoniseerd/ogc/v1","other",""https:\/\/data.europa.eu\/eli\/reg\/2010\/1089";"http:\/\/inspire.ec.europa.eu\/id\/ats\/metadata\/2.0\/sds-interoperable";"http:\/\/www.opengis.net\/def\/interface\/ogcapi-features";"http:\/\/inspire.ec.europa.eu\/metadata-codelist\/QualityOfServiceCriteria\/availability";"urn:ogc:def:uom:OGC::percent";"http:\/\/inspire.ec.europa.eu\/metadata-codelist\/QualityOfServiceCriteria\/performance";"http:\/\/www.opengis.net\/def\/uom\/SI\/second";"http:\/\/inspire.ec.europa.eu\/metadata-codelist\/QualityOfServiceCriteria\/capacity";"http:\/\/www.opengis.net\/def\/uom\/OGC\/1.0\/unity"",""Conform verordening";"De service voldoet aan de requirements van de interoperable conformance class";"is conform OGC API features specificatie";"Beschikbaarheid op jaarbasis; uitgedrukt in percentage in tijd";"Gemiddelde response tijd; uitgedrukt in seconden";"Maximum aantal gelijktijdige requests per seconde die aan de performance criteria voldoen; uitgedrukt als aantal requests per seconde"",""true";"true";"true""
"1e3ac76b-67e8-4696-aa7d-e7a6aa7e45b9","Gebiedsbeheer eenheden - Kwetsbaar gebied - Agglomeraties - RSA (INSPIRE geharmoniseerd) OGC API Features","https://api.pdok.nl/rws/kwetsbaar-gebied-agglomeraties/ogc/v1","other",""https:\/\/data.europa.eu\/eli\/reg\/2010\/1089";"http:\/\/inspire.ec.europa.eu\/id\/ats\/metadata\/2.0\/sds-interoperable";"http:\/\/www.opengis.net\/def\/interface\/ogcapi-features";"http:\/\/inspire.ec.europa.eu\/metadata-codelist\/QualityOfServiceCriteria\/availability";"urn:ogc:def:uom:OGC::percent";"http:\/\/inspire.ec.europa.eu\/metadata-codelist\/QualityOfServiceCriteria\/performance";"http:\/\/www.opengis.net\/def\/uom\/SI\/second";"http:\/\/inspire.ec.europa.eu\/metadata-codelist\/QualityOfServiceCriteria\/capacity";"http:\/\/www.opengis.net\/def\/uom\/OGC\/1.0\/unity"",""Conform verordening";"De service voldoet aan de requirements van de interoperable conformance class";"is conform OGC API features specificatie";"Beschikbaarheid op jaarbasis; uitgedrukt in percentage in tijd";"Gemiddelde response tijd; uitgedrukt in seconden";"Maximum aantal gelijktijdige requests per seconde die aan de performance criteria voldoen; uitgedrukt als aantal requests per seconde"",""true";"true";"true""
"557f39e4-faa8-4b9b-a6fa-6b929b67e0ae","CBS Vierkantstatistieken 100m 2016 WMS","https://service.pdok.nl/cbs/vierkantstatistieken100m/2016/wms/v1_0?request=GetCapabilities&service=WMS","view",""https:\/\/eur-lex.europa.eu\/eli\/reg\/2009\/976";"https:\/\/inspire.ec.europa.eu\/documents\/technical-guidance-implementation-inspire-view-services-1"",""Conform verordening; validatie uitgevoerd met de ETF Validator voor INSPIRE view en downloadservices versie 1.4.1";"Conform technische specificatie; Validatie uitgevoerd met de ETF Validator voor INSPIRE view en downloadservices versie 1.4.1"",""true";"true""
"0ceba006-67a6-4b6f-8096-9b66e33c7f83","Gebiedsbeheer eenheden - Kwetsbaar gebied - RSA (INSPIRE geharmoniseerd) OGC API Features","https://api.pdok.nl/rws/kwetsbaar-gebied/ogc/v1/","other",""https:\/\/data.europa.eu\/eli\/reg\/2010\/1089";"http:\/\/inspire.ec.europa.eu\/id\/ats\/metadata\/2.0\/sds-interoperable";"http:\/\/www.opengis.net\/def\/interface\/ogcapi-features";"http:\/\/inspire.ec.europa.eu\/metadata-codelist\/QualityOfServiceCriteria\/availability";"urn:ogc:def:uom:OGC::percent";"http:\/\/inspire.ec.europa.eu\/metadata-codelist\/QualityOfServiceCriteria\/performance";"http:\/\/www.opengis.net\/def\/uom\/SI\/second";"http:\/\/inspire.ec.europa.eu\/metadata-codelist\/QualityOfServiceCriteria\/capacity";"http:\/\/www.opengis.net\/def\/uom\/OGC\/1.0\/unity"",""Conform verordening";"De service voldoet aan de requirements van de interoperable conformance class";"is conform OGC API features specificatie";"Beschikbaarheid op jaarbasis; uitgedrukt in percentage in tijd";"Gemiddelde response tijd; uitgedrukt in seconden";"Maximum aantal gelijktijdige requests per seconde die aan de performance criteria voldoen; uitgedrukt als aantal requests per seconde"",""true";"true";"true""
"cec728f0-48de-41cc-ae9e-3d2c68d6c95f","Schelpdierpercelen (INSPIRE geharmoniseerd) OGC API Features","https://api.pdok.nl/rvo/schelpdierpercelen-geharmoniseerd/ogc/v1","other",""https:\/\/data.europa.eu\/eli\/reg\/2010\/1089";"http:\/\/inspire.ec.europa.eu\/id\/ats\/metadata\/2.0\/sds-interoperable";"http:\/\/www.opengis.net\/def\/interface\/ogcapi-features";"http:\/\/inspire.ec.europa.eu\/metadata-codelist\/QualityOfServiceCriteria\/availability";"urn:ogc:def:uom:OGC::percent";"http:\/\/inspire.ec.europa.eu\/metadata-codelist\/QualityOfServiceCriteria\/performance";"http:\/\/www.opengis.net\/def\/uom\/SI\/second";"http:\/\/inspire.ec.europa.eu\/metadata-codelist\/QualityOfServiceCriteria\/capacity";"http:\/\/www.opengis.net\/def\/uom\/OGC\/1.0\/unity"",""Conform verordening";"De service voldoet aan de requirements van de interoperable conformance class";"is conform OGC API features specificatie";"Beschikbaarheid op jaarbasis; uitgedrukt in percentage in tijd";"Gemiddelde response tijd; uitgedrukt in seconden";"Maximum aantal gelijktijdige requests per seconde die aan de performance criteria voldoen; uitgedrukt als aantal requests per seconde"",""true";"true";"true""
"39d03482-fef0-4706-8f66-16ffb2617155","Gebiedsbeheer eenheden - Kwetsbaar gebied - Agglomeraties - RSA (INSPIRE geharmoniseerd) WFS","https://service.pdok.nl/rws/kwetsbaar-gebied-agglomeraties/wfs/v1_0?request=GetCapabilities&service=WFS","other",""https:\/\/eur-lex.europa.eu\/eli\/reg\/2010\/1089";"http:\/\/inspire.ec.europa.eu\/id\/ats\/metadata\/2.0\/sds-interoperable";"http:\/\/www.opengis.net\/def\/serviceType\/ogc\/wfs";"http:\/\/inspire.ec.europa.eu\/metadata-codelist\/QualityOfServiceCriteria\/availability";"urn:ogc:def:uom:OGC::percent";"http:\/\/inspire.ec.europa.eu\/metadata-codelist\/QualityOfServiceCriteria\/performance";"http:\/\/www.opengis.net\/def\/uom\/SI\/second";"http:\/\/inspire.ec.europa.eu\/metadata-codelist\/QualityOfServiceCriteria\/capacity";"http:\/\/www.opengis.net\/def\/uom\/OGC\/1.0\/unity"",""Conform verordening; validatie uitgevoerd met de ETF Validator voor INSPIRE view en downloadservices versie 1.4.1";"De service voldoet aan de requirements van de interoperable conformance class";"De service voldoet aan de requirements van de WFS 2.0 conformance class";"Beschikbaarheid op jaarbasis; uitgedrukt in percentage in tijd";"Gemiddelde response tijd; uitgedrukt in seconden";"Maximum aantal gelijktijdige requests per seconde die aan de performance criteria voldoen; uitgedrukt als aantal requests per seconde"",""true";"true";"true""
"aa01985b-a910-46cb-8f30-dd97acd3d7b4","CBS Vierkantstatistieken 500m OGC API Features","https://api.pdok.nl/cbs/vierkantstatistieken500m/ogc/v1","other",""https:\/\/data.europa.eu\/eli\/reg\/2010\/1089";"http:\/\/inspire.ec.europa.eu\/id\/ats\/metadata\/2.0\/sds-invocable";"http:\/\/www.opengis.net\/def\/interface\/ogcapi-features"",""Conform verordening";"De service voldoet aan de requirements van de invocable conformance class";"is conform OGC API features specificatie"",""true";"true";"true""
"86466c65-1a71-4fa0-86fc-d2538a0b9d4a","Geografische Namen (INSPIRE geharmoniseerd) OGC API Features","https://api.pdok.nl/kadaster/brt-geografische-namen/ogc/v1","other",""https:\/\/data.europa.eu\/eli\/reg\/2010\/1089";"http:\/\/inspire.ec.europa.eu\/id\/ats\/metadata\/2.0\/sds-interoperable";"http:\/\/www.opengis.net\/def\/interface\/ogcapi-features";"http:\/\/inspire.ec.europa.eu\/metadata-codelist\/QualityOfServiceCriteria\/availability";"urn:ogc:def:uom:OGC::percent";"http:\/\/inspire.ec.europa.eu\/metadata-codelist\/QualityOfServiceCriteria\/performance";"http:\/\/www.opengis.net\/def\/uom\/SI\/second";"http:\/\/inspire.ec.europa.eu\/metadata-codelist\/QualityOfServiceCriteria\/capacity";"http:\/\/www.opengis.net\/def\/uom\/OGC\/1.0\/unity"",""Conform verordening";"De service voldoet aan de requirements van de interoperable conformance class";"is conform OGC API features specificatie";"Beschikbaarheid op jaarbasis; uitgedrukt in percentage in tijd";"Gemiddelde response tijd; uitgedrukt in seconden";"Maximum aantal gelijktijdige requests per seconde die aan de performance criteria voldoen; uitgedrukt als aantal requests per seconde"",""true";"true";"true""
"499365ec-e001-45ab-9c68-1d80272e9192","CBS Vierkantstatistieken 500m 2011 WMS","https://service.pdok.nl/cbs/vierkantstatistieken500m/2011/wms/v1_0?request=GetCapabilities&service=WMS","view",""https:\/\/eur-lex.europa.eu\/eli\/reg\/2009\/976";"https:\/\/inspire.ec.europa.eu\/documents\/technical-guidance-implementation-inspire-view-services"",""Conform verordening; validatie uitgevoerd met de ETF Validator voor INSPIRE view en downloadservices versie 1.4.1";"Conform technische specificatie; validatie uitgevoerd met de ETF Validator voor INSPIRE view en downloadservices versie 1.4.1"",""true";"true""
"394a5d9f-e98c-44aa-abfa-a57fd67aec6c","CBS Vierkantstatistieken 100m 2006 WMS","https://service.pdok.nl/cbs/vierkantstatistieken100m/2006/wms/v1_0?request=GetCapabilities&service=WMS","view",""https:\/\/eur-lex.europa.eu\/eli\/reg\/2009\/976";"https:\/\/inspire.ec.europa.eu\/documents\/technical-guidance-implementation-inspire-view-services-1"",""Conform verordening; validatie uitgevoerd met de ETF Validator voor INSPIRE view en downloadservices versie 1.4.1";"Conform technische specificatie; Validatie uitgevoerd met de ETF Validator voor INSPIRE view en downloadservices versie 1.4.1"",""true";"true""
"89dbce66-d2c5-44d8-9d5d-ed3f7cbb85fa","Schelpdierpercelen OGC API Features","https://api.pdok.nl/rvo/schelpdierpercelen/ogc/v1","other",""https:\/\/data.europa.eu\/eli\/reg\/2010\/1089";"http:\/\/inspire.ec.europa.eu\/id\/ats\/metadata\/2.0\/sds-invocable";"http:\/\/www.opengis.net\/def\/interface\/ogcapi-features"",""Conform verordening";"De service voldoet aan de requirements van de invocable conformance class";"is conform OGC API features specificatie"",""true";"true";"true""
"924cfdc3-71cc-40fc-8581-abe9b2332547","Gebieden met Natuurrisico's - Overstromingen - Geobserveerde gebeurtenis - Richtlijn Overstromingsrisico's (ROR) (INSPIRE geharmoniseerd) OGC API Features","https://api.pdok.nl/rws/overstromingen-gebeurtenis/ogc/v1","other",""https:\/\/data.europa.eu\/eli\/reg\/2010\/1089";"http:\/\/inspire.ec.europa.eu\/id\/ats\/metadata\/2.0\/sds-interoperable";"http:\/\/www.opengis.net\/def\/interface\/ogcapi-features";"http:\/\/inspire.ec.europa.eu\/metadata-codelist\/QualityOfServiceCriteria\/availability";"urn:ogc:def:uom:OGC::percent";"http:\/\/inspire.ec.europa.eu\/metadata-codelist\/QualityOfServiceCriteria\/performance";"http:\/\/www.opengis.net\/def\/uom\/SI\/second";"http:\/\/inspire.ec.europa.eu\/metadata-codelist\/QualityOfServiceCriteria\/capacity";"http:\/\/www.opengis.net\/def\/uom\/OGC\/1.0\/unity"",""Conform verordening";"De service voldoet aan de requirements van de interoperable conformance class";"is conform OGC API features specificatie";"Beschikbaarheid op jaarbasis; uitgedrukt in percentage in tijd";"Gemiddelde response tijd; uitgedrukt in seconden";"Maximum aantal gelijktijdige requests per seconde die aan de performance criteria voldoen; uitgedrukt als aantal requests per seconde"",""true";"true";"true""
"b6d2d023-92d9-40a2-a020-5cc2275a450f","CBS Vierkantstatistieken 100m 2009 WMS","https://service.pdok.nl/cbs/vierkantstatistieken100m/2009/wms/v1_0?request=GetCapabilities&service=WMS","view",""https:\/\/eur-lex.europa.eu\/eli\/reg\/2009\/976";"https:\/\/inspire.ec.europa.eu\/documents\/technical-guidance-implementation-inspire-view-services-1"",""Conform verordening; validatie uitgevoerd met de ETF Validator voor INSPIRE view en downloadservices versie 1.4.1";"Conform technische specificatie; Validatie uitgevoerd met de ETF Validator voor INSPIRE view en downloadservices versie 1.4.1"",""true";"true""
"d664846d-8b6d-43dc-acd2-f06eb751056d","CBS Vierkantstatistieken 100m 2022 WMS","https://service.pdok.nl/cbs/vierkantstatistieken100m/2022/wms/v1_0?request=GetCapabilities&service=WMS","view",""https:\/\/eur-lex.europa.eu\/eli\/reg\/2009\/976";"https:\/\/inspire.ec.europa.eu\/documents\/technical-guidance-implementation-inspire-view-services-1"",""Conform verordening; validatie uitgevoerd met de ETF Validator voor INSPIRE view en downloadservices versie 1.4.1";"Conform technische specificatie; Validatie uitgevoerd met de ETF Validator voor INSPIRE view en downloadservices versie 1.4.1"",""true";"true""
"e8af7137-b357-4bc7-81d8-fccb8819f4ae","CBS Vierkantstatistieken 500m 2016 WMS","https://service.pdok.nl/cbs/vierkantstatistieken500m/2016/wms/v1_0?request=GetCapabilities&service=WMS","view",""https:\/\/eur-lex.europa.eu\/eli\/reg\/2009\/976";"https:\/\/inspire.ec.europa.eu\/documents\/technical-guidance-implementation-inspire-view-services"",""Conform verordening; validatie uitgevoerd met de ETF Validator voor INSPIRE view en downloadservices versie 1.4.1";"Conform technische specificatie; validatie uitgevoerd met de ETF Validator voor INSPIRE view en downloadservices versie 1.4.1"",""true";"true""
"5bc4e496-4b75-4f6e-ae69-083911db5c8d","Gebieden met Natuurrisico's - Overstromingen - Risicogebied - Richtlijn Overstromingsrisico's (ROR) (INSPIRE geharmoniseerd) WFS","https://service.pdok.nl/rws/overstromingen-risicogebied/wfs/v1_0?request=GetCapabilities&service=WFS","other",""https:\/\/eur-lex.europa.eu\/eli\/reg\/2010\/1089";"http:\/\/inspire.ec.europa.eu\/id\/ats\/metadata\/2.0\/sds-interoperable";"http:\/\/www.opengis.net\/def\/serviceType\/ogc\/wfs";"http:\/\/inspire.ec.europa.eu\/metadata-codelist\/QualityOfServiceCriteria\/availability";"urn:ogc:def:uom:OGC::percent";"http:\/\/inspire.ec.europa.eu\/metadata-codelist\/QualityOfServiceCriteria\/performance";"http:\/\/www.opengis.net\/def\/uom\/SI\/second";"http:\/\/inspire.ec.europa.eu\/metadata-codelist\/QualityOfServiceCriteria\/capacity";"http:\/\/www.opengis.net\/def\/uom\/OGC\/1.0\/unity"",""Conform verordening; validatie uitgevoerd met de ETF Validator voor INSPIRE view en downloadservices versie 1.4.1";"De service voldoet aan de requirements van de interoperable conformance class";"De service voldoet aan de requirements van de WFS 2.0 conformance class";"Beschikbaarheid op jaarbasis; uitgedrukt in percentage in tijd";"Gemiddelde response tijd; uitgedrukt in seconden";"Maximum aantal gelijktijdige requests per seconde die aan de performance criteria voldoen; uitgedrukt als aantal requests per seconde"",""true";"true";"true""
"f7d74ce4-9a56-4cdc-ab46-0bf7ec318eeb","Gebieden met Natuurrisico's - Overstromingen - Geobserveerde gebeurtenis - Richtlijn Overstromingsrisico's (ROR) (INSPIRE geharmoniseerd) WFS","https://service.pdok.nl/rws/overstromingen-gebeurtenis/wfs/v1_0?request=GetCapabilities&service=WFS","other",""https:\/\/eur-lex.europa.eu\/eli\/reg\/2010\/1089";"http:\/\/inspire.ec.europa.eu\/id\/ats\/metadata\/2.0\/sds-interoperable";"http:\/\/www.opengis.net\/def\/serviceType\/ogc\/wfs";"http:\/\/inspire.ec.europa.eu\/metadata-codelist\/QualityOfServiceCriteria\/availability";"urn:ogc:def:uom:OGC::percent";"http:\/\/inspire.ec.europa.eu\/metadata-codelist\/QualityOfServiceCriteria\/performance";"http:\/\/www.opengis.net\/def\/uom\/SI\/second";"http:\/\/inspire.ec.europa.eu\/metadata-codelist\/QualityOfServiceCriteria\/capacity";"http:\/\/www.opengis.net\/def\/uom\/OGC\/1.0\/unity"",""Conform verordening; validatie uitgevoerd met de ETF Validator voor INSPIRE view en downloadservices versie 1.4.1";"De service voldoet aan de requirements van de interoperable conformance class";"De service voldoet aan de requirements van de WFS 2.0 conformance class";"Beschikbaarheid op jaarbasis; uitgedrukt in percentage in tijd";"Gemiddelde response tijd; uitgedrukt in seconden";"Maximum aantal gelijktijdige requests per seconde die aan de performance criteria voldoen; uitgedrukt als aantal requests per seconde"",""true";"true";"true""
"3e0b67e8-5f4b-4d90-8a33-614dbeef5f39","Agglomeraties gemeenten inclusief bevolkingsaantallen volgens Richtlijn Omgevingslawaai 2022 (INSPIRE geharmoniseerd) WFS","https://service.pdok.nl/ienw/agglomeraties-omgevingslawaai-geharmoniseerd/wfs/v1_0?request=GetCapabilities&service=WFS","other",""https:\/\/eur-lex.europa.eu\/eli\/reg\/2010\/1089";"http:\/\/inspire.ec.europa.eu\/id\/ats\/metadata\/2.0\/sds-interoperable";"http:\/\/www.opengis.net\/def\/serviceType\/ogc\/wfs";"http:\/\/inspire.ec.europa.eu\/metadata-codelist\/QualityOfServiceCriteria\/availability";"urn:ogc:def:uom:OGC::percent";"http:\/\/inspire.ec.europa.eu\/metadata-codelist\/QualityOfServiceCriteria\/performance";"http:\/\/www.opengis.net\/def\/uom\/SI\/second";"http:\/\/inspire.ec.europa.eu\/metadata-codelist\/QualityOfServiceCriteria\/capacity";"http:\/\/www.opengis.net\/def\/uom\/OGC\/1.0\/unity"",""Conform verordening; validatie uitgevoerd met de ETF Validator voor INSPIRE view en downloadservices versie 1.4.1";"De service voldoet aan de requirements van de interoperable conformance class";"De service voldoet aan de requirements van de WFS 2.0 conformance class";"Beschikbaarheid op jaarbasis; uitgedrukt in percentage in tijd";"Gemiddelde response tijd; uitgedrukt in seconden";"Maximum aantal gelijktijdige requests per seconde die aan de performance criteria voldoen; uitgedrukt als aantal requests per seconde"",""true";"true";"true""
"36cf9eaa-3987-4ae8-9873-5f862da87ebb","Mosselzaadinvanginstallaties OGC API Features","https://api.pdok.nl/rvo/mosselzaadinvanginstallaties/ogc/v1","other",""https:\/\/data.europa.eu\/eli\/reg\/2010\/1089";"http:\/\/inspire.ec.europa.eu\/id\/ats\/metadata\/2.0\/sds-invocable";"http:\/\/www.opengis.net\/def\/interface\/ogcapi-features"",""Conform verordening";"De service voldoet aan de requirements van de invocable conformance class";"is conform OGC API features specificatie"",""true";"true";"true""
"1abb4ba0-cb1a-4b08-9b35-10982db0c74c","Zeegebieden (INSPIRE geharmoniseerd) OGC API Features","https://api.pdok.nl/kadaster/brt-zeegebieden/ogc/v1","other",""https:\/\/data.europa.eu\/eli\/reg\/2010\/1089";"http:\/\/inspire.ec.europa.eu\/id\/ats\/metadata\/2.0\/sds-interoperable";"http:\/\/www.opengis.net\/def\/interface\/ogcapi-features";"http:\/\/inspire.ec.europa.eu\/metadata-codelist\/QualityOfServiceCriteria\/availability";"urn:ogc:def:uom:OGC::percent";"http:\/\/inspire.ec.europa.eu\/metadata-codelist\/QualityOfServiceCriteria\/performance";"http:\/\/www.opengis.net\/def\/uom\/SI\/second";"http:\/\/inspire.ec.europa.eu\/metadata-codelist\/QualityOfServiceCriteria\/capacity";"http:\/\/www.opengis.net\/def\/uom\/OGC\/1.0\/unity"",""Conform verordening";"De service voldoet aan de requirements van de interoperable conformance class";"is conform OGC API features specificatie";"Beschikbaarheid op jaarbasis; uitgedrukt in percentage in tijd";"Gemiddelde response tijd; uitgedrukt in seconden";"Maximum aantal gelijktijdige requests per seconde die aan de performance criteria voldoen; uitgedrukt als aantal requests per seconde"",""true";"true";"true""
"8cf3c8cd-6e42-4b29-86b8-deb04b2e7750","Nuts- en Overheidsdiensten - Riool - Milieu management voorziening - RSA (INSPIRE geharmoniseerd) WFS","https://service.pdok.nl/rws/rioolnetwerk-milieumanagementvoorziening/wfs/v1_0?request=GetCapabilities&service=WFS","other",""https:\/\/eur-lex.europa.eu\/eli\/reg\/2010\/1089";"http:\/\/inspire.ec.europa.eu\/id\/ats\/metadata\/2.0\/sds-interoperable";"http:\/\/www.opengis.net\/def\/serviceType\/ogc\/wfs";"http:\/\/inspire.ec.europa.eu\/metadata-codelist\/QualityOfServiceCriteria\/availability";"urn:ogc:def:uom:OGC::percent";"http:\/\/inspire.ec.europa.eu\/metadata-codelist\/QualityOfServiceCriteria\/performance";"http:\/\/www.opengis.net\/def\/uom\/SI\/second";"http:\/\/inspire.ec.europa.eu\/metadata-codelist\/QualityOfServiceCriteria\/capacity";"http:\/\/www.opengis.net\/def\/uom\/OGC\/1.0\/unity"",""Conform verordening; validatie uitgevoerd met de ETF Validator voor INSPIRE view en downloadservices versie 1.4.1";"De service voldoet aan de requirements van de interoperable conformance class";"De service voldoet aan de requirements van de WFS 2.0 conformance class";"Beschikbaarheid op jaarbasis; uitgedrukt in percentage in tijd";"Gemiddelde response tijd; uitgedrukt in seconden";"Maximum aantal gelijktijdige requests per seconde die aan de performance criteria voldoen; uitgedrukt als aantal requests per seconde"",""true";"true";"true""
"4ab2f91f-3049-438b-a1fb-737f29d4b588","CBS Vierkantstatistieken 500m 2005 WMS","https://service.pdok.nl/cbs/vierkantstatistieken500m/2005/wms/v1_0?request=GetCapabilities&service=WMS","view",""https:\/\/eur-lex.europa.eu\/eli\/reg\/2009\/976";"https:\/\/inspire.ec.europa.eu\/documents\/technical-guidance-implementation-inspire-view-services"",""Conform verordening; validatie uitgevoerd met de ETF Validator voor INSPIRE view en downloadservices versie 1.4.1";"Conform technische specificatie; validatie uitgevoerd met de ETF Validator voor INSPIRE view en downloadservices versie 1.4.1"",""true";"true""
"31a92174-2bd1-4f56-a8d5-b1d05c40b149","Habitatrichtlijn verspreiding van habitattypen OGC API Features","https://api.pdok.nl/rvo/habitatrichtlijn-verspreiding-typen/ogc/v1","other",""https:\/\/data.europa.eu\/eli\/reg\/2010\/1089";"http:\/\/inspire.ec.europa.eu\/id\/ats\/metadata\/2.0\/sds-invocable";"http:\/\/www.opengis.net\/def\/interface\/ogcapi-features"",""Conform verordening";"De service voldoet aan de requirements van de invocable conformance class";"is conform OGC API features specificatie"",""true";"true";"true""
"602ad34d-fe51-48f4-8224-95835144cf68","CBS Vierkantstatistieken 100m 2000 WMS","https://service.pdok.nl/cbs/vierkantstatistieken100m/2000/wms/v1_0?request=GetCapabilities&service=WMS","view",""https:\/\/eur-lex.europa.eu\/eli\/reg\/2009\/976";"https:\/\/inspire.ec.europa.eu\/documents\/technical-guidance-implementation-inspire-view-services-1"",""Conform verordening; validatie uitgevoerd met de ETF Validator voor INSPIRE view en downloadservices versie 1.4.1";"Conform technische specificatie; Validatie uitgevoerd met de ETF Validator voor INSPIRE view en downloadservices versie 1.4.1"",""true";"true""
"5698d8bd-9e8c-4d0a-8c91-68ff3206781c","CBS Vierkantstatistieken 500m 2006 WMS","https://service.pdok.nl/cbs/vierkantstatistieken500m/2006/wms/v1_0?request=GetCapabilities&service=WMS","view",""https:\/\/eur-lex.europa.eu\/eli\/reg\/2009\/976";"https:\/\/inspire.ec.europa.eu\/documents\/technical-guidance-implementation-inspire-view-services"",""Conform verordening; validatie uitgevoerd met de ETF Validator voor INSPIRE view en downloadservices versie 1.4.1";"Conform technische specificatie; validatie uitgevoerd met de ETF Validator voor INSPIRE view en downloadservices versie 1.4.1"",""true";"true""
"43bb4581-0720-426f-a771-b7f9ded50fd5","CBS Gebiedsindelingen 2021 WMS","https://service.pdok.nl/cbs/gebiedsindelingen/2021/wms/v1_0?request=GetCapabilities&service=WMS","view",""https:\/\/eur-lex.europa.eu\/eli\/reg\/2009\/976";"https:\/\/inspire.ec.europa.eu\/documents\/technical-guidance-implementation-inspire-view-services-1"",""Conform verordening; validatie uitgevoerd met de ETF Validator voor INSPIRE view en downloadservices versie 1.4.1";"Conform technische specificatie; Validatie uitgevoerd met de ETF Validator voor INSPIRE view en downloadservices versie 1.4.1"",""true";"true""
"6776cafe-a7a9-45af-b370-6a8f638a12d5","CBS Vierkantstatistieken 500m 2015 WMS","https://service.pdok.nl/cbs/vierkantstatistieken500m/2015/wms/v1_0?request=GetCapabilities&service=WMS","view",""https:\/\/eur-lex.europa.eu\/eli\/reg\/2009\/976";"https:\/\/inspire.ec.europa.eu\/documents\/technical-guidance-implementation-inspire-view-services"",""Conform verordening; validatie uitgevoerd met de ETF Validator voor INSPIRE view en downloadservices versie 1.4.1";"Conform technische specificatie; validatie uitgevoerd met de ETF Validator voor INSPIRE view en downloadservices versie 1.4.1"",""true";"true""
"db566407-fa5a-4df9-83ab-353b9476c44c","Adressen (INSPIRE geharmoniseerd) WFS","https://service.pdok.nl/kadaster/ad/wfs/v1_0?request=GetCapabilities&service=WFS","other",""https:\/\/eur-lex.europa.eu\/eli\/reg\/2010\/1089";"http:\/\/inspire.ec.europa.eu\/id\/ats\/metadata\/2.0\/sds-interoperable";"http:\/\/www.opengis.net\/def\/serviceType\/ogc\/wfs";"http:\/\/inspire.ec.europa.eu\/metadata-codelist\/QualityOfServiceCriteria\/availability";"urn:ogc:def:uom:OGC::percent";"http:\/\/inspire.ec.europa.eu\/metadata-codelist\/QualityOfServiceCriteria\/performance";"http:\/\/www.opengis.net\/def\/uom\/SI\/second";"http:\/\/inspire.ec.europa.eu\/metadata-codelist\/QualityOfServiceCriteria\/capacity";"http:\/\/www.opengis.net\/def\/uom\/OGC\/1.0\/unity"",""Conform verordening; validatie uitgevoerd met de ETF Validator voor INSPIRE view en downloadservices versie 1.4.1";"De service voldoet aan de requirements van de interoperable conformance class";"De service voldoet aan de requirements van de WFS 2.0 conformance class";"Beschikbaarheid op jaarbasis; uitgedrukt in percentage in tijd";"Gemiddelde response tijd; uitgedrukt in seconden";"Maximum aantal gelijktijdige requests per seconde die aan de performance criteria voldoen; uitgedrukt als aantal requests per seconde"",""true";"true";"true""
"ccf3d6e0-f67b-490a-b3f1-a6d129fdb253","CBS Vierkantstatistieken 500m 2013 WMS","https://service.pdok.nl/cbs/vierkantstatistieken500m/2013/wms/v1_0?request=GetCapabilities&service=WMS","view",""https:\/\/eur-lex.europa.eu\/eli\/reg\/2009\/976";"https:\/\/inspire.ec.europa.eu\/documents\/technical-guidance-implementation-inspire-view-services"",""Conform verordening; validatie uitgevoerd met de ETF Validator voor INSPIRE view en downloadservices versie 1.4.1";"Conform technische specificatie; validatie uitgevoerd met de ETF Validator voor INSPIRE view en downloadservices versie 1.4.1"",""true";"true""
"73b71baa-8a3d-11f0-8de9-0242ac120002","Hoofdwegen volgens Richtlijn Omgevingslawaai 2022 (INSPIRE geharmoniseerd) OGC API Features","https://api.pdok.nl/ienw/hoofdwegen-omgevingslawaai-geharmoniseerd/ogc/v1","other",""https:\/\/data.europa.eu\/eli\/reg\/2010\/1089";"http:\/\/inspire.ec.europa.eu\/id\/ats\/metadata\/2.0\/sds-interoperable";"http:\/\/www.opengis.net\/def\/interface\/ogcapi-features";"http:\/\/inspire.ec.europa.eu\/metadata-codelist\/QualityOfServiceCriteria\/availability";"urn:ogc:def:uom:OGC::percent";"http:\/\/inspire.ec.europa.eu\/metadata-codelist\/QualityOfServiceCriteria\/performance";"http:\/\/www.opengis.net\/def\/uom\/SI\/second";"http:\/\/inspire.ec.europa.eu\/metadata-codelist\/QualityOfServiceCriteria\/capacity";"http:\/\/www.opengis.net\/def\/uom\/OGC\/1.0\/unity"",""Conform verordening";"De service voldoet aan de requirements van de interoperable conformance class";"is conform OGC API features specificatie";"Beschikbaarheid op jaarbasis; uitgedrukt in percentage in tijd";"Gemiddelde response tijd; uitgedrukt in seconden";"Maximum aantal gelijktijdige requests per seconde die aan de performance criteria voldoen; uitgedrukt als aantal requests per seconde"",""true";"true";"true""
"9215411c-e91f-497b-8e28-74d430ccb204","CBS Vierkantstatistieken 500m 2018 WMS","https://service.pdok.nl/cbs/vierkantstatistieken500m/2018/wms/v1_0?request=GetCapabilities&service=WMS","view",""https:\/\/eur-lex.europa.eu\/eli\/reg\/2009\/976";"https:\/\/inspire.ec.europa.eu\/documents\/technical-guidance-implementation-inspire-view-services"",""Conform verordening; validatie uitgevoerd met de ETF Validator voor INSPIRE view en downloadservices versie 1.4.1";"Conform technische specificatie; validatie uitgevoerd met de ETF Validator voor INSPIRE view en downloadservices versie 1.4.1"",""true";"true""
"f02c357c-9a5c-48b9-8d32-458ca7b9a058","Nationaal Hydrologisch Instrumentarium (NHI) OGC API Features","https://api.pdok.nl/rws/nationaal-hydrologisch-instrumentarium-netwerkschematisatie/ogc/v1","other",""https:\/\/data.europa.eu\/eli\/reg\/2010\/1089";"http:\/\/inspire.ec.europa.eu\/id\/ats\/metadata\/2.0\/sds-invocable";"http:\/\/www.opengis.net\/def\/interface\/ogcapi-features"",""Conform verordening";"De service voldoet aan de requirements van de invocable conformance class";"is conform OGC API features specificatie"",""true";"true";"true""
"a13dfbbf-5357-47af-b787-13fac42aa795","Potentiekaart Restwarmte OGC API Features","https://api.pdok.nl/rvo/potentiekaart-restwarmte/ogc/v1","other",""https:\/\/data.europa.eu\/eli\/reg\/2010\/1089";"http:\/\/inspire.ec.europa.eu\/id\/ats\/metadata\/2.0\/sds-invocable";"http:\/\/www.opengis.net\/def\/interface\/ogcapi-features"",""Conform verordening";"De service voldoet aan de requirements van de invocable conformance class";"is conform OGC API features specificatie"",""true";"true";"true""
"4bb1a3a9-22a2-47b0-85e9-72b913c07ecb","CBS Vierkantstatistieken 100m 2019 WMS","https://service.pdok.nl/cbs/vierkantstatistieken100m/2019/wms/v1_0?request=GetCapabilities&service=WMS","view",""https:\/\/eur-lex.europa.eu\/eli\/reg\/2009\/976";"https:\/\/inspire.ec.europa.eu\/documents\/technical-guidance-implementation-inspire-view-services-1"",""Conform verordening; validatie uitgevoerd met de ETF Validator voor INSPIRE view en downloadservices versie 1.4.1";"Conform technische specificatie; Validatie uitgevoerd met de ETF Validator voor INSPIRE view en downloadservices versie 1.4.1"",""true";"true""
"488ce96d-2571-4ec2-ac7c-a350c55c5d70","Beschermde Gebieden - Cultuurhistorie (INSPIRE geharmoniseerd) OGC API Features","https://api.pdok.nl/rce/beschermde-gebieden-cultuurhistorie/ogc/v1/","other",""https:\/\/data.europa.eu\/eli\/reg\/2010\/1089";"http:\/\/inspire.ec.europa.eu\/id\/ats\/metadata\/2.0\/sds-interoperable";"http:\/\/www.opengis.net\/def\/interface\/ogcapi-features";"http:\/\/inspire.ec.europa.eu\/metadata-codelist\/QualityOfServiceCriteria\/availability";"urn:ogc:def:uom:OGC::percent";"http:\/\/inspire.ec.europa.eu\/metadata-codelist\/QualityOfServiceCriteria\/performance";"http:\/\/www.opengis.net\/def\/uom\/SI\/second";"http:\/\/inspire.ec.europa.eu\/metadata-codelist\/QualityOfServiceCriteria\/capacity";"http:\/\/www.opengis.net\/def\/uom\/OGC\/1.0\/unity"",""Conform verordening";"De service voldoet aan de requirements van de interoperable conformance class";"is conform OGC API features specificatie";"Beschikbaarheid op jaarbasis; uitgedrukt in percentage in tijd";"Gemiddelde response tijd; uitgedrukt in seconden";"Maximum aantal gelijktijdige requests per seconde die aan de performance criteria voldoen; uitgedrukt als aantal requests per seconde"",""true";"true";"true""
"783f5c73-193c-43d5-a158-3ff4db4c77c0","CBS Vierkantstatistieken 100m 2001 WFS","https://service.pdok.nl/cbs/vierkantstatistieken100m/2001/wfs/v1_0?request=GetCapabilities&service=WFS","other",""https:\/\/eur-lex.europa.eu\/eli\/reg\/2010\/1089";"http:\/\/inspire.ec.europa.eu\/id\/ats\/metadata\/2.0\/sds-invocable";"http:\/\/www.opengis.net\/def\/serviceType\/ogc\/wfs"",""Conform verordening; validatie uitgevoerd met de ETF Validator voor INSPIRE view en downloadservices versie 1.4.1";"De service voldoet aan de requirements van de invocable conformance class";"De service voldoet aan de requirements van de WFS 2.0 conformance class"",""true";"true";"true""
"b205350f-77cf-45b8-8c3c-1e1f6e3120a7","RD info OGC API Features","https://api.pdok.nl/kadaster/rdinfo/ogc/v1","other",""https:\/\/data.europa.eu\/eli\/reg\/2010\/1089";"http:\/\/inspire.ec.europa.eu\/id\/ats\/metadata\/2.0\/sds-invocable";"http:\/\/www.opengis.net\/def\/interface\/ogcapi-features"",""Conform verordening";"De service voldoet aan de requirements van de invocable conformance class";"is conform OGC API features specificatie"",""true";"true";"true""
"b8ccb347-66cc-4c98-a205-75574c07c9f6","Nuts- en Overheidsdiensten - Riool - Milieu management voorziening - RSA (INSPIRE geharmoniseerd) OGC API Features","https://api.pdok.nl/rws/rioolnetwerk-milieumanagementvoorziening/ogc/v1","other",""https:\/\/data.europa.eu\/eli\/reg\/2010\/1089";"http:\/\/inspire.ec.europa.eu\/id\/ats\/metadata\/2.0\/sds-interoperable";"http:\/\/www.opengis.net\/def\/interface\/ogcapi-features";"http:\/\/inspire.ec.europa.eu\/metadata-codelist\/QualityOfServiceCriteria\/availability";"urn:ogc:def:uom:OGC::percent";"http:\/\/inspire.ec.europa.eu\/metadata-codelist\/QualityOfServiceCriteria\/performance";"http:\/\/www.opengis.net\/def\/uom\/SI\/second";"http:\/\/inspire.ec.europa.eu\/metadata-codelist\/QualityOfServiceCriteria\/capacity";"http:\/\/www.opengis.net\/def\/uom\/OGC\/1.0\/unity"",""Conform verordening";"De service voldoet aan de requirements van de interoperable conformance class";"is conform OGC API features specificatie";"Beschikbaarheid op jaarbasis; uitgedrukt in percentage in tijd";"Gemiddelde response tijd; uitgedrukt in seconden";"Maximum aantal gelijktijdige requests per seconde die aan de performance criteria voldoen; uitgedrukt als aantal requests per seconde"",""true";"true";"true""
"d4bb0eb0-fdaf-4ce2-a005-e0b3686cb38e","CBS Vierkantstatistieken 100m 2016 WFS","https://service.pdok.nl/cbs/vierkantstatistieken100m/2016/wfs/v1_0?request=GetCapabilities&service=WFS","other",""https:\/\/eur-lex.europa.eu\/eli\/reg\/2010\/1089";"http:\/\/inspire.ec.europa.eu\/id\/ats\/metadata\/2.0\/sds-invocable";"http:\/\/www.opengis.net\/def\/serviceType\/ogc\/wfs"",""Conform verordening; validatie uitgevoerd met de ETF Validator voor INSPIRE view en downloadservices versie 1.4.1";"De service voldoet aan de requirements van de invocable conformance class";"De service voldoet aan de requirements van de WFS 2.0 conformance class"",""true";"true";"true""
"fe1fc758-fa9d-11f0-8de9-0242ac120002","Kaderrichtlijn Mariene Strategie (INSPIRE geharmoniseerd) OGC API Features","https://api.pdok.nl/rvo/kaderrichtlijn-mariene-strategie-geharmoniseerd/ogc/v1","other",""https:\/\/data.europa.eu\/eli\/reg\/2010\/1089";"http:\/\/inspire.ec.europa.eu\/id\/ats\/metadata\/2.0\/sds-interoperable";"http:\/\/www.opengis.net\/def\/interface\/ogcapi-features";"http:\/\/inspire.ec.europa.eu\/metadata-codelist\/QualityOfServiceCriteria\/availability";"urn:ogc:def:uom:OGC::percent";"http:\/\/inspire.ec.europa.eu\/metadata-codelist\/QualityOfServiceCriteria\/performance";"http:\/\/www.opengis.net\/def\/uom\/SI\/second";"http:\/\/inspire.ec.europa.eu\/metadata-codelist\/QualityOfServiceCriteria\/capacity";"http:\/\/www.opengis.net\/def\/uom\/OGC\/1.0\/unity"",""Conform verordening";"De service voldoet aan de requirements van de interoperable conformance class";"is conform OGC API features specificatie";"Beschikbaarheid op jaarbasis; uitgedrukt in percentage in tijd";"Gemiddelde response tijd; uitgedrukt in seconden";"Maximum aantal gelijktijdige requests per seconde die aan de performance criteria voldoen; uitgedrukt als aantal requests per seconde"",""true";"true";"true""
"da35b15d-9484-4f0a-b854-f94553a1b294","Gebiedsbeheer eenheden - Kwetsbaar gebied - RSA (INSPIRE geharmoniseerd) WFS","https://service.pdok.nl/rws/kwetsbaar-gebied/wfs/v1_0?request=GetCapabilities&service=WFS","other",""https:\/\/eur-lex.europa.eu\/eli\/reg\/2010\/1089";"http:\/\/inspire.ec.europa.eu\/id\/ats\/metadata\/2.0\/sds-interoperable";"http:\/\/www.opengis.net\/def\/serviceType\/ogc\/wfs";"http:\/\/inspire.ec.europa.eu\/metadata-codelist\/QualityOfServiceCriteria\/availability";"urn:ogc:def:uom:OGC::percent";"http:\/\/inspire.ec.europa.eu\/metadata-codelist\/QualityOfServiceCriteria\/performance";"http:\/\/www.opengis.net\/def\/uom\/SI\/second";"http:\/\/inspire.ec.europa.eu\/metadata-codelist\/QualityOfServiceCriteria\/capacity";"http:\/\/www.opengis.net\/def\/uom\/OGC\/1.0\/unity"",""Conform verordening; validatie uitgevoerd met de ETF Validator voor INSPIRE view en downloadservices versie 1.4.1";"De service voldoet aan de requirements van de interoperable conformance class";"De service voldoet aan de requirements van de WFS 2.0 conformance class";"Beschikbaarheid op jaarbasis; uitgedrukt in percentage in tijd";"Gemiddelde response tijd; uitgedrukt in seconden";"Maximum aantal gelijktijdige requests per seconde die aan de performance criteria voldoen; uitgedrukt als aantal requests per seconde"",""true";"true";"true""
"77c6d546-5ffc-41a2-b263-c7b2ae0bee52","Vervoersnetwerken - Wegen - Netwerk (INSPIRE geharmoniseerd) WFS","hhttps://service.pdok.nl/rws/vervoersnetwerken-wegen-netwerk/wfs/v1_0?request=GetCapabilities&service=WFS","other",""https:\/\/eur-lex.europa.eu\/eli\/reg\/2010\/1089";"http:\/\/inspire.ec.europa.eu\/id\/ats\/metadata\/2.0\/sds-interoperable";"http:\/\/www.opengis.net\/def\/serviceType\/ogc\/wfs";"http:\/\/inspire.ec.europa.eu\/metadata-codelist\/QualityOfServiceCriteria\/availability";"urn:ogc:def:uom:OGC::percent";"http:\/\/inspire.ec.europa.eu\/metadata-codelist\/QualityOfServiceCriteria\/performance";"http:\/\/www.opengis.net\/def\/uom\/SI\/second";"http:\/\/inspire.ec.europa.eu\/metadata-codelist\/QualityOfServiceCriteria\/capacity";"http:\/\/www.opengis.net\/def\/uom\/OGC\/1.0\/unity"",""Conform verordening; validatie uitgevoerd met de ETF Validator voor INSPIRE view en downloadservices versie 1.4.1";"De service voldoet aan de requirements van de interoperable conformance class";"De service voldoet aan de requirements van de WFS 2.0 conformance class";"Beschikbaarheid op jaarbasis; uitgedrukt in percentage in tijd";"Gemiddelde response tijd; uitgedrukt in seconden";"Maximum aantal gelijktijdige requests per seconde die aan de performance criteria voldoen; uitgedrukt als aantal requests per seconde"",""true";"true";"true""
"86fd7ee0-bdb8-4c6a-8114-01b79e3cb38b","KRW Beschermde Gebieden - Drinkwateronttrekking (INSPIRE geharmoniseerd) WMS","https://service.pdok.nl/ihw/krw-beschermde-gebieden-drinkwateronttrekking-geharmoniseerd/wms/v1_0?request=GetCapabilities&service=WMS","view",""https:\/\/eur-lex.europa.eu\/eli\/reg\/2009\/976";"https:\/\/inspire.ec.europa.eu\/documents\/technical-guidance-implementation-inspire-view-services"",""Conform verordening; validatie uitgevoerd met de ETF Validator voor INSPIRE view en downloadservices versie 1.4.1";"Conform technische specificatie; validatie uitgevoerd met de ETF Validator voor INSPIRE view en downloadservices versie 1.4.1"",""true";"true""
"9aaf3fd1-271b-4367-bb41-742b5a30be83","KRW Deelstroomgebieddistricten (INSPIRE geharmoniseerd) WMS","https://service.pdok.nl/ihw/krw-deelstroomgebieddistricten-geharmoniseerd/wms/v1_0?request=GetCapabilities&service=WMS","view",""https:\/\/eur-lex.europa.eu\/eli\/reg\/2009\/976";"https:\/\/inspire.ec.europa.eu\/documents\/technical-guidance-implementation-inspire-view-services"",""Conform verordening; validatie uitgevoerd met de ETF Validator voor INSPIRE view en downloadservices versie 1.4.1";"Conform technische specificatie; validatie uitgevoerd met de ETF Validator voor INSPIRE view en downloadservices versie 1.4.1"",""true";"true""
"a4bbba49-6d8c-408d-85cc-30c3fcffeaad","CBS Vierkantstatistieken 100m 2013 WMS","https://service.pdok.nl/cbs/vierkantstatistieken100m/2013/wms/v1_0?request=GetCapabilities&service=WMS","view",""https:\/\/eur-lex.europa.eu\/eli\/reg\/2009\/976";"https:\/\/inspire.ec.europa.eu\/documents\/technical-guidance-implementation-inspire-view-services-1"",""Conform verordening; validatie uitgevoerd met de ETF Validator voor INSPIRE view en downloadservices versie 1.4.1";"Conform technische specificatie; Validatie uitgevoerd met de ETF Validator voor INSPIRE view en downloadservices versie 1.4.1"",""true";"true""
"d1f7333f-04d7-4062-b469-847c47846cd7","CBS Vierkantstatistieken 100m 2004 WMS","https://service.pdok.nl/cbs/vierkantstatistieken100m/2004/wms/v1_0?request=GetCapabilities&service=WMS","view",""https:\/\/eur-lex.europa.eu\/eli\/reg\/2009\/976";"https:\/\/inspire.ec.europa.eu\/documents\/technical-guidance-implementation-inspire-view-services-1"",""Conform verordening; validatie uitgevoerd met de ETF Validator voor INSPIRE view en downloadservices versie 1.4.1";"Conform technische specificatie; Validatie uitgevoerd met de ETF Validator voor INSPIRE view en downloadservices versie 1.4.1"",""true";"true""
"b965603f-7354-4d5c-9357-68c1c3777117","CBS Gebiedsindelingen 2019 WMS","https://service.pdok.nl/cbs/gebiedsindelingen/2019/wms/v1_0?request=GetCapabilities&service=WMS","view",""https:\/\/eur-lex.europa.eu\/eli\/reg\/2009\/976";"https:\/\/inspire.ec.europa.eu\/documents\/technical-guidance-implementation-inspire-view-services-1"",""Conform verordening; validatie uitgevoerd met de ETF Validator voor INSPIRE view en downloadservices versie 1.4.1";"Conform technische specificatie; Validatie uitgevoerd met de ETF Validator voor INSPIRE view en downloadservices versie 1.4.1"",""true";"true""
"4b717eaa-1086-4235-b0bd-b4af1d4e4c1e","CBS Vierkantstatistieken 500m 2004 WMS","https://service.pdok.nl/cbs/vierkantstatistieken500m/2004/wms/v1_0?request=GetCapabilities&service=WMS","view",""https:\/\/eur-lex.europa.eu\/eli\/reg\/2009\/976";"https:\/\/inspire.ec.europa.eu\/documents\/technical-guidance-implementation-inspire-view-services"",""Conform verordening; validatie uitgevoerd met de ETF Validator voor INSPIRE view en downloadservices versie 1.4.1";"Conform technische specificatie; validatie uitgevoerd met de ETF Validator voor INSPIRE view en downloadservices versie 1.4.1"",""true";"true""
"97590436-ecaf-422b-a95e-6aa9a00b47b0","CBS Gebiedsindelingen 2018 WMS","https://service.pdok.nl/cbs/gebiedsindelingen/2018/wms/v1_0?request=GetCapabilities&service=WMS","view",""https:\/\/eur-lex.europa.eu\/eli\/reg\/2009\/976";"https:\/\/inspire.ec.europa.eu\/documents\/technical-guidance-implementation-inspire-view-services-1"",""Conform verordening; validatie uitgevoerd met de ETF Validator voor INSPIRE view en downloadservices versie 1.4.1";"Conform technische specificatie; Validatie uitgevoerd met de ETF Validator voor INSPIRE view en downloadservices versie 1.4.1"",""true";"true""
"3514d891-7e11-43df-b25f-f339ec45bda8","CBS Vierkantstatistieken 500m 2014 WMS","https://service.pdok.nl/cbs/vierkantstatistieken500m/2014/wms/v1_0?request=GetCapabilities&service=WMS","view",""https:\/\/eur-lex.europa.eu\/eli\/reg\/2009\/976";"https:\/\/inspire.ec.europa.eu\/documents\/technical-guidance-implementation-inspire-view-services"",""Conform verordening; validatie uitgevoerd met de ETF Validator voor INSPIRE view en downloadservices versie 1.4.1";"Conform technische specificatie; validatie uitgevoerd met de ETF Validator voor INSPIRE view en downloadservices versie 1.4.1"",""true";"true""
"bc0b75c6-3eef-49de-aca2-8483024903c1","Wetlands (INSPIRE geharmoniseerd) WFS","https://service.pdok.nl/rvo/wetlands-geharmoniseerd/wfs/v1_0?request=GetCapabilities&service=WFS","other",""https:\/\/eur-lex.europa.eu\/eli\/reg\/2010\/1089";"http:\/\/inspire.ec.europa.eu\/id\/ats\/metadata\/2.0\/sds-interoperable";"http:\/\/www.opengis.net\/def\/serviceType\/ogc\/wfs";"http:\/\/inspire.ec.europa.eu\/metadata-codelist\/QualityOfServiceCriteria\/availability";"urn:ogc:def:uom:OGC::percent";"http:\/\/inspire.ec.europa.eu\/metadata-codelist\/QualityOfServiceCriteria\/performance";"http:\/\/www.opengis.net\/def\/uom\/SI\/second";"http:\/\/inspire.ec.europa.eu\/metadata-codelist\/QualityOfServiceCriteria\/capacity";"http:\/\/www.opengis.net\/def\/uom\/OGC\/1.0\/unity"",""Conform verordening; validatie uitgevoerd met de ETF Validator voor INSPIRE view en downloadservices versie 1.4.1";"De service voldoet aan de requirements van de interoperable conformance class";"De service voldoet aan de requirements van de WFS 2.0 conformance class";"Beschikbaarheid op jaarbasis; uitgedrukt in percentage in tijd";"Gemiddelde response tijd; uitgedrukt in seconden";"Maximum aantal gelijktijdige requests per seconde die aan de performance criteria voldoen; uitgedrukt als aantal requests per seconde"",""true";"true";"true""
"8129296b-b9c1-489f-990a-df4a879e12b2","Human Health Statistics Netherlands (INSPIRE geharmoniseerd) WFS","https://service.pdok.nl/cbs/human-health-statistics/wfs/v1_0?request=GetCapabilities&service=WFS","other",""http:\/\/data.europa.eu\/eli\/reg\/2010\/1089";"http:\/\/inspire.ec.europa.eu\/id\/ats\/metadata\/2.0\/sds-interoperable";"http:\/\/www.opengis.net\/def\/serviceType\/ogc\/wfs";"http:\/\/inspire.ec.europa.eu\/metadata-codelist\/QualityOfServiceCriteria\/availability";"urn:ogc:def:uom:OGC::percent";"http:\/\/inspire.ec.europa.eu\/metadata-codelist\/QualityOfServiceCriteria\/performance";"http:\/\/www.opengis.net\/def\/uom\/SI\/second";"http:\/\/inspire.ec.europa.eu\/metadata-codelist\/QualityOfServiceCriteria\/capacity";"http:\/\/www.opengis.net\/def\/uom\/OGC\/1.0\/unity"",""Deze service voldoet aan de specificaties voor spatial data services";"De service voldoet aan de requirements van de interoperable conformance class.";"De service voldoet aan de requirements van de WFS 2.0 conformance class";"Beschikbaarheid op jaarbasis; uitgedrukt in percentage in tijd";"Gemiddelde response tijd; uitgedrukt in seconden";"Maximum aantal gelijktijdige requests per seconde die aan de performance criteria voldoen; uitgedrukt als aantal requests per seconde"",""true";"true";"true""
"a614d468-7a66-437b-82ec-5d21381f5dca","CBS Wijken en Buurten 2023 versie 2 WMS","https://service.pdok.nl/cbs/wijkenbuurten/2023/wms/v1_0?request=GetCapabilities&service=WMS","view",""https:\/\/eur-lex.europa.eu\/eli\/reg\/2009\/976";"https:\/\/inspire.ec.europa.eu\/documents\/technical-guidance-implementation-inspire-view-services"",""Conform verordening; validatie uitgevoerd met de ETF Validator voor INSPIRE view en downloadservices versie 1.4.1";"Conform technische specificatie; validatie uitgevoerd met de ETF Validator voor INSPIRE view en downloadservices versie 1.4.1"",""true";"true""
"3f498900-56f5-4b23-8d05-0d665498662b","CBS Vierkantstatistieken 500m 2014 WFS","https://service.pdok.nl/cbs/vierkantstatistieken500m/2014/wfs/v1_0?request=GetCapabilities&service=WFS","other",""https:\/\/eur-lex.europa.eu\/eli\/reg\/2010\/1089";"http:\/\/inspire.ec.europa.eu\/id\/ats\/metadata\/2.0\/sds-invocable";"http:\/\/www.opengis.net\/def\/serviceType\/ogc\/wfs"",""Conform verordening; validatie uitgevoerd met de ETF Validator voor INSPIRE view en downloadservices versie 1.4.1";"De service voldoet aan de requirements van de invocable conformance class";"De service voldoet aan de requirements van de WFS 2.0 conformance class"",""true";"true";"true""
"a3338f09-2ff5-4edd-9d59-58c70f4b842c","Nationaal Beschermde Gebieden (CDDA) OGC API Features","https://api.pdok.nl/rvo/nationaal-beschermde-gebieden-cdda/ogc/v1","other",""https:\/\/data.europa.eu\/eli\/reg\/2010\/1089";"http:\/\/inspire.ec.europa.eu\/id\/ats\/metadata\/2.0\/sds-invocable";"http:\/\/www.opengis.net\/def\/interface\/ogcapi-features"",""Conform verordening";"De service voldoet aan de requirements van de invocable conformance class";"is conform OGC API features specificatie"",""true";"true";"true""
"d9aeb5c3-ff2a-441b-bdfa-15c6c2c54a3b","CBS Vierkantstatistieken 100m 2012 WMS","https://service.pdok.nl/cbs/vierkantstatistieken100m/2012/wms/v1_0?request=GetCapabilities&service=WMS","view",""https:\/\/eur-lex.europa.eu\/eli\/reg\/2009\/976";"https:\/\/inspire.ec.europa.eu\/documents\/technical-guidance-implementation-inspire-view-services-1"",""Conform verordening; validatie uitgevoerd met de ETF Validator voor INSPIRE view en downloadservices versie 1.4.1";"Conform technische specificatie; Validatie uitgevoerd met de ETF Validator voor INSPIRE view en downloadservices versie 1.4.1"",""true";"true""
"f95af5dd-e469-43b5-8d67-e4511b29b66b","Schelpdierpercelen (INSPIRE geharmoniseerd) WFS","https://service.pdok.nl/rvo/schelpdierpercelen-geharmoniseerd/wfs/v1_0?request=GetCapabilities&service=WFS","other",""https:\/\/eur-lex.europa.eu\/eli\/reg\/2010\/1089";"http:\/\/inspire.ec.europa.eu\/id\/ats\/metadata\/2.0\/sds-interoperable";"http:\/\/www.opengis.net\/def\/serviceType\/ogc\/wfs";"http:\/\/inspire.ec.europa.eu\/metadata-codelist\/QualityOfServiceCriteria\/availability";"urn:ogc:def:uom:OGC::percent";"http:\/\/inspire.ec.europa.eu\/metadata-codelist\/QualityOfServiceCriteria\/performance";"http:\/\/www.opengis.net\/def\/uom\/SI\/second";"http:\/\/inspire.ec.europa.eu\/metadata-codelist\/QualityOfServiceCriteria\/capacity";"http:\/\/www.opengis.net\/def\/uom\/OGC\/1.0\/unity"",""Conform verordening; validatie uitgevoerd met de ETF Validator voor INSPIRE view en downloadservices versie 1.4.1";"De service voldoet aan de requirements van de interoperable conformance class";"De service voldoet aan de requirements van de WFS 2.0 conformance class";"Beschikbaarheid op jaarbasis; uitgedrukt in percentage in tijd";"Gemiddelde response tijd; uitgedrukt in seconden";"Maximum aantal gelijktijdige requests per seconde die aan de performance criteria voldoen; uitgedrukt als aantal requests per seconde"",""true";"true";"true""
"7e914f11-b775-4a12-91f1-459627ccdf5f","CBS Vierkantstatistieken 100m 2006 WFS","https://service.pdok.nl/cbs/vierkantstatistieken100m/2006/wfs/v1_0?request=GetCapabilities&service=WFS","other",""https:\/\/eur-lex.europa.eu\/eli\/reg\/2010\/1089";"http:\/\/inspire.ec.europa.eu\/id\/ats\/metadata\/2.0\/sds-invocable";"http:\/\/www.opengis.net\/def\/serviceType\/ogc\/wfs"",""Conform verordening; validatie uitgevoerd met de ETF Validator voor INSPIRE view en downloadservices versie 1.4.1";"De service voldoet aan de requirements van de invocable conformance class";"De service voldoet aan de requirements van de WFS 2.0 conformance class"",""true";"true";"true""
"c6db4a22-e717-4446-b625-05eacfbb2890","CBS Vierkantstatistieken 500m 2004 WFS","https://service.pdok.nl/cbs/vierkantstatistieken500m/2004/wfs/v1_0?request=GetCapabilities&service=WFS","other",""https:\/\/eur-lex.europa.eu\/eli\/reg\/2010\/1089";"http:\/\/inspire.ec.europa.eu\/id\/ats\/metadata\/2.0\/sds-invocable";"http:\/\/www.opengis.net\/def\/serviceType\/ogc\/wfs"",""Conform verordening; validatie uitgevoerd met de ETF Validator voor INSPIRE view en downloadservices versie 1.4.1";"De service voldoet aan de requirements van de invocable conformance class";"De service voldoet aan de requirements van de WFS 2.0 conformance class"",""true";"true";"true""
"4041f923-6b77-4816-bf46-437e85416c31","Kaderrichtlijn Mariene Strategie WMS","https://service.pdok.nl/rws/kaderrichtlijn-mariene-strategie/wms/v1_0?request=GetCapabilities&service=WMS","view",""https:\/\/eur-lex.europa.eu\/eli\/reg\/2009\/976";"https:\/\/inspire.ec.europa.eu\/documents\/technical-guidance-implementation-inspire-view-services"",""Conform verordening; validatie uitgevoerd met de ETF Validator voor INSPIRE view en downloadservices versie 1.4.1";"Conform technische specificatie; validatie uitgevoerd met de ETF Validator voor INSPIRE view en downloadservices versie 1.4.1"",""true";"true""
"743a9d19-b478-4f34-b596-f8bbe1dd8ee7","Vervoersnetwerken (INSPIRE geharmoniseerd) WFS","https://service.pdok.nl/kadaster/brt-vervoersnetwerken/wfs/v1_0?request=GetCapabilities&service=WFS","other",""https:\/\/eur-lex.europa.eu\/eli\/reg\/2010\/1089";"http:\/\/inspire.ec.europa.eu\/id\/ats\/metadata\/2.0\/sds-interoperable";"http:\/\/www.opengis.net\/def\/serviceType\/ogc\/wfs";"http:\/\/inspire.ec.europa.eu\/metadata-codelist\/QualityOfServiceCriteria\/availability";"urn:ogc:def:uom:OGC::percent";"http:\/\/inspire.ec.europa.eu\/metadata-codelist\/QualityOfServiceCriteria\/performance";"http:\/\/www.opengis.net\/def\/uom\/SI\/second";"http:\/\/inspire.ec.europa.eu\/metadata-codelist\/QualityOfServiceCriteria\/capacity";"http:\/\/www.opengis.net\/def\/uom\/OGC\/1.0\/unity"",""Conform verordening; validatie uitgevoerd met de ETF Validator voor INSPIRE view en downloadservices versie 1.4.1";"De service voldoet aan de requirements van de interoperable conformance class";"De service voldoet aan de requirements van de WFS 2.0 conformance class";"Beschikbaarheid op jaarbasis; uitgedrukt in percentage in tijd";"Gemiddelde response tijd; uitgedrukt in seconden";"Maximum aantal gelijktijdige requests per seconde die aan de performance criteria voldoen; uitgedrukt als aantal requests per seconde"",""true";"true";"true""
"e5fdfa81-f582-4e8e-9d66-988cbd5cdd93","Gebieden met Natuurrisico's - Overstromingen - Geobserveerde gebeurtenis - Richtlijn Overstromingsrisico's (ROR) (INSPIRE geharmoniseerd) WMS","https://service.pdok.nl/rws/overstromingen-gebeurtenis/wms/v1_0?request=GetCapabilities&service=WMS","view",""https:\/\/eur-lex.europa.eu\/eli\/reg\/2009\/976";"https:\/\/inspire.ec.europa.eu\/documents\/technical-guidance-implementation-inspire-view-services"",""Conform verordening; validatie uitgevoerd met de ETF Validator voor INSPIRE view en downloadservices versie 1.4.1";"Conform technische specificatie; validatie uitgevoerd met de ETF Validator voor INSPIRE view en downloadservices versie 1.4.1"",""true";"true""
"4e85c509-c6a8-4814-b12b-ec3fc179f6fa","Vervoersnetwerken - Waterwegen - Netwerk (INSPIRE geharmoniseerd) OGC API Features","https://api.pdok.nl/rws/vervoersnetwerken-waterwegen-netwerk/ogc/v1","other",""https:\/\/data.europa.eu\/eli\/reg\/2010\/1089";"http:\/\/inspire.ec.europa.eu\/id\/ats\/metadata\/2.0\/sds-interoperable";"http:\/\/www.opengis.net\/def\/interface\/ogcapi-features";"http:\/\/inspire.ec.europa.eu\/metadata-codelist\/QualityOfServiceCriteria\/availability";"urn:ogc:def:uom:OGC::percent";"http:\/\/inspire.ec.europa.eu\/metadata-codelist\/QualityOfServiceCriteria\/performance";"http:\/\/www.opengis.net\/def\/uom\/SI\/second";"http:\/\/inspire.ec.europa.eu\/metadata-codelist\/QualityOfServiceCriteria\/capacity";"http:\/\/www.opengis.net\/def\/uom\/OGC\/1.0\/unity"",""Conform verordening";"De service voldoet aan de requirements van de interoperable conformance class";"is conform OGC API features specificatie";"Beschikbaarheid op jaarbasis; uitgedrukt in percentage in tijd";"Gemiddelde response tijd; uitgedrukt in seconden";"Maximum aantal gelijktijdige requests per seconde die aan de performance criteria voldoen; uitgedrukt als aantal requests per seconde"",""true";"true";"true""
"2d8e9629-0073-4e28-9284-4f72f91f2f58","CBS Vierkantstatistieken 500m 2016 WFS","https://service.pdok.nl/cbs/vierkantstatistieken500m/2016/wfs/v1_0?request=GetCapabilities&service=WFS","other",""https:\/\/eur-lex.europa.eu\/eli\/reg\/2010\/1089";"http:\/\/inspire.ec.europa.eu\/id\/ats\/metadata\/2.0\/sds-invocable";"http:\/\/www.opengis.net\/def\/serviceType\/ogc\/wfs"",""Conform verordening; validatie uitgevoerd met de ETF Validator voor INSPIRE view en downloadservices versie 1.4.1";"De service voldoet aan de requirements van de invocable conformance class";"De service voldoet aan de requirements van de WFS 2.0 conformance class"",""true";"true";"true""
"b0119753-5625-4500-9df3-13823ff9868f","Habitatrichtlijn verspreiding van habitattypen WMS","https://service.pdok.nl/rvo/habitatrichtlijn-verspreiding-typen/wms/v1_0?request=GetCapabilities&service=WMS","view",""https:\/\/eur-lex.europa.eu\/eli\/reg\/2009\/976";"https:\/\/inspire.ec.europa.eu\/documents\/technical-guidance-implementation-inspire-view-services"",""Conform verordening; validatie uitgevoerd met de ETF Validator voor INSPIRE view en downloadservices versie 1.4.1";"Conform technische specificatie; validatie uitgevoerd met de ETF Validator voor INSPIRE view en downloadservices versie 1.4.1"",""true";"true""
"913abeb7-82f8-4573-96c4-a3d6edf70814","Gepland landgebruik DSO-LV Omgevingswet (INSPIRE geharmoniseerd) WMS","https://service.pdok.nl/kadaster/omgevingswet-planned-land-use/wms/v1_0?request=GetCapabilities&service=WMS","view",""https:\/\/eur-lex.europa.eu\/eli\/reg\/2009\/976";"https:\/\/inspire.ec.europa.eu\/documents\/technical-guidance-implementation-inspire-view-services"",""Conform verordening; validatie uitgevoerd met de ETF Validator voor INSPIRE view en downloadservices versie 1.4.1";"Conform technische specificatie; validatie uitgevoerd met de ETF Validator voor INSPIRE view en downloadservices versie 1.4.1"",""true";"true""
"c80811ae-343d-4262-9615-abcbd9066c21","Windsnelheden op 100m hoogte (m/s) OGC API Features","https://api.pdok.nl/rvo/windsnelheden/ogc/v1","other",""https:\/\/data.europa.eu\/eli\/reg\/2010\/1089";"http:\/\/inspire.ec.europa.eu\/id\/ats\/metadata\/2.0\/sds-invocable";"http:\/\/www.opengis.net\/def\/interface\/ogcapi-features"",""Conform verordening";"De service voldoet aan de requirements van de invocable conformance class";"is conform OGC API features specificatie"",""true";"true";"true""
"a4eec686-ce4d-443a-bb52-f5a5384f640e","KRW Stroomgebieddistricten (INSPIRE geharmoniseerd) WMS","https://service.pdok.nl/ihw/krw-stroomgebieddistricten-geharmoniseerd/wms/v1_0?request=GetCapabilities&service=WMS","view",""https:\/\/eur-lex.europa.eu\/eli\/reg\/2009\/976";"https:\/\/inspire.ec.europa.eu\/documents\/technical-guidance-implementation-inspire-view-services"",""Conform verordening; validatie uitgevoerd met de ETF Validator voor INSPIRE view en downloadservices versie 1.4.1";"Conform technische specificatie; validatie uitgevoerd met de ETF Validator voor INSPIRE view en downloadservices versie 1.4.1"",""true";"true""
"4e0a72e4-1dd7-4ec8-8991-72571c9fa3d9","CBS Vierkantstatistieken 500m 2003 WMS","https://service.pdok.nl/cbs/vierkantstatistieken500m/2003/wms/v1_0?request=GetCapabilities&service=WMS","view",""https:\/\/eur-lex.europa.eu\/eli\/reg\/2009\/976";"https:\/\/inspire.ec.europa.eu\/documents\/technical-guidance-implementation-inspire-view-services"",""Conform verordening; validatie uitgevoerd met de ETF Validator voor INSPIRE view en downloadservices versie 1.4.1";"Conform technische specificatie; validatie uitgevoerd met de ETF Validator voor INSPIRE view en downloadservices versie 1.4.1"",""true";"true""
"a252d8b4-23d3-452c-8a24-4cd65681c424","CBS Vierkantstatistieken 100m 2009 WFS","https://service.pdok.nl/cbs/vierkantstatistieken100m/2009/wfs/v1_0?request=GetCapabilities&service=WFS","other",""https:\/\/eur-lex.europa.eu\/eli\/reg\/2010\/1089";"http:\/\/inspire.ec.europa.eu\/id\/ats\/metadata\/2.0\/sds-invocable";"http:\/\/www.opengis.net\/def\/serviceType\/ogc\/wfs"",""Conform verordening; validatie uitgevoerd met de ETF Validator voor INSPIRE view en downloadservices versie 1.4.1";"De service voldoet aan de requirements van de invocable conformance class";"De service voldoet aan de requirements van de WFS 2.0 conformance class"",""true";"true";"true""
"d7d19437-f875-45b3-86cd-2fa3335479ec","Nationale Parken (INSPIRE geharmoniseerd) WFS","https://service.pdok.nl/rvo/nationale-parken-geharmoniseerd/wfs/v1_0?request=GetCapabilities&service=WFS","other",""http:\/\/data.europa.eu\/eli\/reg\/2010\/1089";"http:\/\/inspire.ec.europa.eu\/id\/ats\/metadata\/2.0\/sds-interoperable";"http:\/\/www.opengis.net\/def\/serviceType\/ogc\/wfs";"http:\/\/inspire.ec.europa.eu\/metadata-codelist\/QualityOfServiceCriteria\/availability";"urn:ogc:def:uom:OGC::percent";"http:\/\/inspire.ec.europa.eu\/metadata-codelist\/QualityOfServiceCriteria\/performance";"http:\/\/www.opengis.net\/def\/uom\/SI\/second";"http:\/\/inspire.ec.europa.eu\/metadata-codelist\/QualityOfServiceCriteria\/capacity";"http:\/\/www.opengis.net\/def\/uom\/OGC\/1.0\/unity"",""Deze service voldoet aan de specificaties voor spatial data services";"De service voldoet aan de requirements van de interoperable conformance class.";"De service voldoet aan de requirements van de WFS 2.0 conformance class";"Beschikbaarheid op jaarbasis; uitgedrukt in percentage in tijd";"Gemiddelde response tijd; uitgedrukt in seconden";"Maximum aantal gelijktijdige requests per seconde die aan de performance criteria voldoen; uitgedrukt als aantal requests per seconde"",""true";"true";"true""
"ca3f849f-b303-4757-aa30-e5cdd692e07a","CBS Vierkantstatistieken 100m 2017 WFS","https://service.pdok.nl/cbs/vierkantstatistieken100m/2017/wfs/v1_0?request=GetCapabilities&service=WFS","other",""https:\/\/eur-lex.europa.eu\/eli\/reg\/2010\/1089";"http:\/\/inspire.ec.europa.eu\/id\/ats\/metadata\/2.0\/sds-invocable";"http:\/\/www.opengis.net\/def\/serviceType\/ogc\/wfs"",""Conform verordening; validatie uitgevoerd met de ETF Validator voor INSPIRE view en downloadservices versie 1.4.1";"De service voldoet aan de requirements van de invocable conformance class";"De service voldoet aan de requirements van de WFS 2.0 conformance class"",""true";"true";"true""
"a2cc9d14-1eea-4659-b341-735d94b29902","Natura 2000 (INSPIRE geharmoniseerd) WFS","https://service.pdok.nl/rvo/natura2000-geharmoniseerd/wfs/v2_0?request=GetCapabilities&service=WFS","other",""https:\/\/eur-lex.europa.eu\/eli\/reg\/2010\/1089";"http:\/\/inspire.ec.europa.eu\/id\/ats\/metadata\/2.0\/sds-interoperable";"http:\/\/www.opengis.net\/def\/serviceType\/ogc\/wfs";"http:\/\/inspire.ec.europa.eu\/metadata-codelist\/QualityOfServiceCriteria\/availability";"urn:ogc:def:uom:OGC::percent";"http:\/\/inspire.ec.europa.eu\/metadata-codelist\/QualityOfServiceCriteria\/performance";"http:\/\/www.opengis.net\/def\/uom\/SI\/second";"http:\/\/inspire.ec.europa.eu\/metadata-codelist\/QualityOfServiceCriteria\/capacity";"http:\/\/www.opengis.net\/def\/uom\/OGC\/1.0\/unity"",""Conform verordening; validatie uitgevoerd met de ETF Validator voor INSPIRE view en downloadservices versie 1.4.1";"De service voldoet aan de requirements van de interoperable conformance class";"De service voldoet aan de requirements van de WFS 2.0 conformance class";"Beschikbaarheid op jaarbasis; uitgedrukt in percentage in tijd";"Gemiddelde response tijd; uitgedrukt in seconden";"Maximum aantal gelijktijdige requests per seconde die aan de performance criteria voldoen; uitgedrukt als aantal requests per seconde"",""true";"true";"true""
"84975aa1-4357-43cd-a774-d31a482a6d35","CBS Vierkantstatistieken 100m 2001 WMS","https://service.pdok.nl/cbs/vierkantstatistieken100m/2001/wms/v1_0?request=GetCapabilities&service=WMS","view",""https:\/\/eur-lex.europa.eu\/eli\/reg\/2009\/976";"https:\/\/inspire.ec.europa.eu\/documents\/technical-guidance-implementation-inspire-view-services-1"",""Conform verordening; validatie uitgevoerd met de ETF Validator voor INSPIRE view en downloadservices versie 1.4.1";"Conform technische specificatie; Validatie uitgevoerd met de ETF Validator voor INSPIRE view en downloadservices versie 1.4.1"",""true";"true""
"c52f7e4d-d537-4e60-bb21-4157ae702f13","Overheidsdiensten (INSPIRE geharmoniseerd) WFS","https://service.pdok.nl/kvk/overheidsdiensten-geharmoniseerd/wfs/v1_0?request=GetCapabilities&service=WFS","other",""https:\/\/eur-lex.europa.eu\/eli\/reg\/2010\/1089";"http:\/\/inspire.ec.europa.eu\/id\/ats\/metadata\/2.0\/sds-interoperable";"http:\/\/www.opengis.net\/def\/serviceType\/ogc\/wfs";"http:\/\/inspire.ec.europa.eu\/metadata-codelist\/QualityOfServiceCriteria\/availability";"urn:ogc:def:uom:OGC::percent";"http:\/\/inspire.ec.europa.eu\/metadata-codelist\/QualityOfServiceCriteria\/performance";"http:\/\/www.opengis.net\/def\/uom\/SI\/second";"http:\/\/inspire.ec.europa.eu\/metadata-codelist\/QualityOfServiceCriteria\/capacity";"http:\/\/www.opengis.net\/def\/uom\/OGC\/1.0\/unity"",""Conform verordening; validatie uitgevoerd met de ETF Validator voor INSPIRE view en downloadservices versie 1.4.1";"De service voldoet aan de requirements van de interoperable conformance class";"De service voldoet aan de requirements van de WFS 2.0 conformance class";"Beschikbaarheid op jaarbasis; uitgedrukt in percentage in tijd";"Gemiddelde response tijd; uitgedrukt in seconden";"Maximum aantal gelijktijdige requests per seconde die aan de performance criteria voldoen; uitgedrukt als aantal requests per seconde"",""true";"true";"true""
"b78d50ac-663f-4471-8678-acdd33723f39","CBS Vierkantstatistieken 100m 2008 WMS","https://service.pdok.nl/cbs/vierkantstatistieken100m/2008/wms/v1_0?request=GetCapabilities&service=WMS","view",""https:\/\/eur-lex.europa.eu\/eli\/reg\/2009\/976";"https:\/\/inspire.ec.europa.eu\/documents\/technical-guidance-implementation-inspire-view-services-1"",""Conform verordening; validatie uitgevoerd met de ETF Validator voor INSPIRE view en downloadservices versie 1.4.1";"Conform technische specificatie; Validatie uitgevoerd met de ETF Validator voor INSPIRE view en downloadservices versie 1.4.1"",""true";"true""
"0ab016b5-f7d1-47ee-852e-565f5efe4427","CBS Vierkantstatistieken 500m 2009 WMS","https://service.pdok.nl/cbs/vierkantstatistieken500m/2009/wms/v1_0?request=GetCapabilities&service=WMS","view",""https:\/\/eur-lex.europa.eu\/eli\/reg\/2009\/976";"https:\/\/inspire.ec.europa.eu\/documents\/technical-guidance-implementation-inspire-view-services"",""Conform verordening; validatie uitgevoerd met de ETF Validator voor INSPIRE view en downloadservices versie 1.4.1";"Conform technische specificatie; validatie uitgevoerd met de ETF Validator voor INSPIRE view en downloadservices versie 1.4.1"",""true";"true""
"67c89d56-1d24-4484-9b15-191577d95ff2","Hoofd Luchtvervoersnetwerk volgens Richtlijn Omgevingslawaai 2022 (INSPIRE geharmoniseerd) WFS","https://service.pdok.nl/ienw/hoofd-luchtvervoersnetwerk-omgevingslawaai-geharmoniseerd/wfs/v1_0?request=GetCapabilities&service=WFS","other",""https:\/\/eur-lex.europa.eu\/eli\/reg\/2010\/1089";"http:\/\/inspire.ec.europa.eu\/id\/ats\/metadata\/2.0\/sds-interoperable";"http:\/\/www.opengis.net\/def\/serviceType\/ogc\/wfs";"http:\/\/inspire.ec.europa.eu\/metadata-codelist\/QualityOfServiceCriteria\/availability";"urn:ogc:def:uom:OGC::percent";"http:\/\/inspire.ec.europa.eu\/metadata-codelist\/QualityOfServiceCriteria\/performance";"http:\/\/www.opengis.net\/def\/uom\/SI\/second";"http:\/\/inspire.ec.europa.eu\/metadata-codelist\/QualityOfServiceCriteria\/capacity";"http:\/\/www.opengis.net\/def\/uom\/OGC\/1.0\/unity"",""Conform verordening; validatie uitgevoerd met de ETF Validator voor INSPIRE view en downloadservices versie 1.4.1";"De service voldoet aan de requirements van de interoperable conformance class";"De service voldoet aan de requirements van de WFS 2.0 conformance class";"Beschikbaarheid op jaarbasis; uitgedrukt in percentage in tijd";"Gemiddelde response tijd; uitgedrukt in seconden";"Maximum aantal gelijktijdige requests per seconde die aan de performance criteria voldoen; uitgedrukt als aantal requests per seconde"",""true";"true";"true""
"5b4769af-d36d-4fc1-b209-f93979806c6c","Invasieve Exoten (INSPIRE geharmoniseerd) OGC API Features","https://api.pdok.nl/rvo/invasieve-exoten-geharmoniseerd/ogc/v2","other",""https:\/\/data.europa.eu\/eli\/reg\/2010\/1089";"http:\/\/inspire.ec.europa.eu\/id\/ats\/metadata\/2.0\/sds-interoperable";"http:\/\/www.opengis.net\/def\/interface\/ogcapi-features";"http:\/\/inspire.ec.europa.eu\/metadata-codelist\/QualityOfServiceCriteria\/availability";"urn:ogc:def:uom:OGC::percent";"http:\/\/inspire.ec.europa.eu\/metadata-codelist\/QualityOfServiceCriteria\/performance";"http:\/\/www.opengis.net\/def\/uom\/SI\/second";"http:\/\/inspire.ec.europa.eu\/metadata-codelist\/QualityOfServiceCriteria\/capacity";"http:\/\/www.opengis.net\/def\/uom\/OGC\/1.0\/unity"",""Conform verordening";"De service voldoet aan de requirements van de interoperable conformance class";"is conform OGC API features specificatie";"Beschikbaarheid op jaarbasis; uitgedrukt in percentage in tijd";"Gemiddelde response tijd; uitgedrukt in seconden";"Maximum aantal gelijktijdige requests per seconde die aan de performance criteria voldoen; uitgedrukt als aantal requests per seconde"",""true";"true";"true""
"45c40b3a-6212-4227-b939-496a5ce95734","BRO - Geotechnisch booronderzoek (BHR-GT) - Geologie (INSPIRE geharmoniseerd) WMS","https://service.pdok.nl/tno/bro-geotechnisch-booronderzoek-geharmoniseerd/wms/v1_0?request=GetCapabilities&service=WMS","view",""https:\/\/eur-lex.europa.eu\/eli\/reg\/2009\/976";"https:\/\/inspire.ec.europa.eu\/documents\/technical-guidance-implementation-inspire-view-services"",""Conform verordening; validatie uitgevoerd met de ETF Validator voor INSPIRE view en downloadservices versie 1.4.1";"Conform technische specificatie; validatie uitgevoerd met de ETF Validator voor INSPIRE view en downloadservices versie 1.4.1"",""true";"true""
"684e1468-ec03-43ee-9f52-94236f187d8d","Statistical Units Vector (INSPIRE geharmoniseerd) WFS","https://service.pdok.nl/cbs/statistical-units-vector/wfs/v1_0?request=GetCapabilities&service=WFS","other",""https:\/\/eur-lex.europa.eu\/eli\/reg\/2010\/1089";"http:\/\/inspire.ec.europa.eu\/id\/ats\/metadata\/2.0\/sds-interoperable";"http:\/\/www.opengis.net\/def\/serviceType\/ogc\/wfs";"http:\/\/inspire.ec.europa.eu\/metadata-codelist\/QualityOfServiceCriteria\/availability";"urn:ogc:def:uom:OGC::percent";"http:\/\/inspire.ec.europa.eu\/metadata-codelist\/QualityOfServiceCriteria\/performance";"http:\/\/www.opengis.net\/def\/uom\/SI\/second";"http:\/\/inspire.ec.europa.eu\/metadata-codelist\/QualityOfServiceCriteria\/capacity";"http:\/\/www.opengis.net\/def\/uom\/OGC\/1.0\/unity"",""Conform verordening; validatie uitgevoerd met de ETF Validator voor INSPIRE view en downloadservices versie 1.4.1";"De service voldoet aan de requirements van de interoperable conformance class";"De service voldoet aan de requirements van de WFS 2.0 conformance class";"Beschikbaarheid op jaarbasis; uitgedrukt in percentage in tijd";"Gemiddelde response tijd; uitgedrukt in seconden";"Maximum aantal gelijktijdige requests per seconde die aan de performance criteria voldoen; uitgedrukt als aantal requests per seconde"",""true";"true";"true""
"4ba2d95d-f342-447a-9c35-ecf129a45df2","CBS Vierkantstatistieken 500m 1971 WFS","https://service.pdok.nl/cbs/vierkantstatistieken500m/1971/wfs/v1_0?request=GetCapabilities&service=WFS","other",""https:\/\/eur-lex.europa.eu\/eli\/reg\/2010\/1089";"http:\/\/inspire.ec.europa.eu\/id\/ats\/metadata\/2.0\/sds-invocable";"http:\/\/www.opengis.net\/def\/serviceType\/ogc\/wfs"",""Conform verordening; validatie uitgevoerd met de ETF Validator voor INSPIRE view en downloadservices versie 1.4.1";"De service voldoet aan de requirements van de invocable conformance class";"De service voldoet aan de requirements van de WFS 2.0 conformance class"",""true";"true";"true""
"57b47cd8-ef75-458d-b5bf-2c3b48f07e17","Hydrografie: Netwerk (INSPIRE geharmoniseerd) WMS","https://service.pdok.nl/rws/hydrografie-netwerk/wms/v1_0?request=getCapabilities&service=WMS","view",""https:\/\/eur-lex.europa.eu\/eli\/reg\/2009\/976";"https:\/\/inspire.ec.europa.eu\/documents\/technical-guidance-implementation-inspire-view-services"",""Conform verordening; validatie uitgevoerd met de ETF Validator voor INSPIRE view en downloadservices versie 1.4.1";"Conform technische specificatie; validatie uitgevoerd met de ETF Validator voor INSPIRE view en downloadservices versie 1.4.1"",""true";"true""
"b6ae8121-586d-430a-bd45-ab4484e96630","CBS Vierkantstatistieken 500m 2007 WMS","https://service.pdok.nl/cbs/vierkantstatistieken500m/2007/wms/v1_0?request=GetCapabilities&service=WMS","view",""https:\/\/eur-lex.europa.eu\/eli\/reg\/2009\/976";"https:\/\/inspire.ec.europa.eu\/documents\/technical-guidance-implementation-inspire-view-services"",""Conform verordening; validatie uitgevoerd met de ETF Validator voor INSPIRE view en downloadservices versie 1.4.1";"Conform technische specificatie; validatie uitgevoerd met de ETF Validator voor INSPIRE view en downloadservices versie 1.4.1"",""true";"true""
"371b7fc3-8a7d-4fb4-b9a6-0159b6574a7a","CBS Vierkantstatistieken 500m 2012 WMS","https://service.pdok.nl/cbs/vierkantstatistieken500m/2012/wms/v1_0?request=GetCapabilities&service=WMS","view",""https:\/\/eur-lex.europa.eu\/eli\/reg\/2009\/976";"https:\/\/inspire.ec.europa.eu\/documents\/technical-guidance-implementation-inspire-view-services"",""Conform verordening; validatie uitgevoerd met de ETF Validator voor INSPIRE view en downloadservices versie 1.4.1";"Conform technische specificatie; validatie uitgevoerd met de ETF Validator voor INSPIRE view en downloadservices versie 1.4.1"",""true";"true""
"0bc2bcb8-558b-446b-b4e2-381b13d483a8","Mossel- en oesterhabitats WMS","https://service.pdok.nl/rvo/mossel-en-oesterhabitats/wms/v1_0?request=GetCapabilities&service=WMS","view","#notpresent",""VERORDENING (EG) Nr. 976\/2009 VAN DE COMMISSIE van 19 oktober 2009 tot uitvoering van Richtlijn 2007\/2\/EG van het Europees Parlement en de Raad wat betreft de netwerkdiensten";"Conform verordening; validatie uitgevoerd met de ETF Validator voor INSPIRE view en downloadservices versie 1.4.1";"Technical Guidance for the implementation of INSPIRE View Services v3.11";"Conform technische specificatie; Validatie uitgevoerd met de ETF Validator voor INSPIRE view en downloadservices versie 1.4.1"",""true";"true""
"c78a99eb-9ba3-4307-a21b-2a64ad5da039","Mosselzaadinvanginstallaties WMS","https://service.pdok.nl/rvo/mosselzaadinvanginstallaties/wms/v1_0?service=wms&request=getcapabilities","view","#notpresent",""VERORDENING (EG) Nr. 976\/2009 VAN DE COMMISSIE van 19 oktober 2009 tot uitvoering van Richtlijn 2007\/2\/EG van het Europees Parlement en de Raad wat betreft de netwerkdiensten";"Conform verordening; validatie uitgevoerd met de ETF Validator voor INSPIRE view en downloadservices versie 1.4.1";"Technical Guidance for the implementation of INSPIRE View Services v3.11";"Conform technische specificatie; Validatie uitgevoerd met de ETF Validator voor INSPIRE view en downloadservices versie 1.4.1"",""true";"true""
"710187ec-2caf-4b24-9921-ca80ec7e5015","Vogelrichtlijn verspreidingsgebied van soorten WFS","https://service.pdok.nl/rvo/vogelrichtlijn-verspreidingsgebied-soorten/wfs/v1_0?request=GetCapabilities&service=WFS","other",""https:\/\/eur-lex.europa.eu\/eli\/reg\/2010\/1089";"http:\/\/inspire.ec.europa.eu\/id\/ats\/metadata\/2.0\/sds-invocable";"http:\/\/www.opengis.net\/def\/serviceType\/ogc\/wfs"",""Conform verordening; validatie uitgevoerd met de ETF Validator voor INSPIRE view en downloadservices versie 1.4.1";"De service voldoet aan de requirements van de invocable conformance class";"De service voldoet aan de requirements van de WFS 2.0 conformance class"",""true";"true";"true""
"34d4468a-780d-43cf-91f8-b1d3b3e3c7a5","CBS Vierkantstatistieken 100m 2003 WFS","https://service.pdok.nl/cbs/vierkantstatistieken100m/2003/wfs/v1_0?request=GetCapabilities&service=WFS","other",""https:\/\/eur-lex.europa.eu\/eli\/reg\/2010\/1089";"http:\/\/inspire.ec.europa.eu\/id\/ats\/metadata\/2.0\/sds-invocable";"http:\/\/www.opengis.net\/def\/serviceType\/ogc\/wfs"",""Conform verordening; validatie uitgevoerd met de ETF Validator voor INSPIRE view en downloadservices versie 1.4.1";"De service voldoet aan de requirements van de invocable conformance class";"De service voldoet aan de requirements van de WFS 2.0 conformance class"",""true";"true";"true""
"fbf5db58-bc1a-4767-9486-e028a2b69821","CBS Vierkantstatistieken 100m 2008 WFS","https://service.pdok.nl/cbs/vierkantstatistieken100m/2008/wfs/v1_0?request=GetCapabilities&service=WFS","other",""https:\/\/eur-lex.europa.eu\/eli\/reg\/2010\/1089";"http:\/\/inspire.ec.europa.eu\/id\/ats\/metadata\/2.0\/sds-invocable";"http:\/\/www.opengis.net\/def\/serviceType\/ogc\/wfs"",""Conform verordening; validatie uitgevoerd met de ETF Validator voor INSPIRE view en downloadservices versie 1.4.1";"De service voldoet aan de requirements van de invocable conformance class";"De service voldoet aan de requirements van de WFS 2.0 conformance class"",""true";"true";"true""
"6f938914-3ef6-4a88-beb4-9b1e72e869d3","NWB - Vaarwegen (Nationaal Wegen Bestand) OGC API Features","https://api.pdok.nl/rws/nationaal-wegenbestand-vaarwegen/ogc/v1","other",""https:\/\/data.europa.eu\/eli\/reg\/2010\/1089";"http:\/\/inspire.ec.europa.eu\/id\/ats\/metadata\/2.0\/sds-invocable";"http:\/\/www.opengis.net\/def\/interface\/ogcapi-features"",""Conform verordening";"De service voldoet aan de requirements van de invocable conformance class";"is conform OGC API features specificatie"",""true";"true";"true""
"8891985c-5178-4a9e-bb76-21625a9fb1ef","CBS Vierkantstatistieken 100m 2015 WFS","https://service.pdok.nl/cbs/vierkantstatistieken100m/2015/wfs/v1_0?request=GetCapabilities&service=WFS","other",""https:\/\/eur-lex.europa.eu\/eli\/reg\/2010\/1089";"http:\/\/inspire.ec.europa.eu\/id\/ats\/metadata\/2.0\/sds-invocable";"http:\/\/www.opengis.net\/def\/serviceType\/ogc\/wfs"",""Conform verordening; validatie uitgevoerd met de ETF Validator voor INSPIRE view en downloadservices versie 1.4.1";"De service voldoet aan de requirements van de invocable conformance class";"De service voldoet aan de requirements van de WFS 2.0 conformance class"",""true";"true";"true""
"f0c6fbfe-a172-4223-8af3-58f6a28c881d","Human Health Statistics Netherlands (INSPIRE geharmoniseerd) WMS","https://service.pdok.nl/cbs/human-health-statistics/wms/v1_0?request=GetCapabilities&service=WMS","view",""https:\/\/eur-lex.europa.eu\/eli\/reg\/2009\/976";"https:\/\/inspire.ec.europa.eu\/documents\/technical-guidance-implementation-inspire-view-services-1"",""Conform verordening; validatie uitgevoerd met de ETF Validator voor INSPIRE view en downloadservices versie 1.4.1";"Conform technische specificatie; Validatie uitgevoerd met de ETF Validator voor INSPIRE view en downloadservices versie 1.4.1"",""true";"true""
"d6881c12-08b1-4f1d-90f8-21e0c3c4f733","CBS Vierkantstatistieken 500m 2008 WFS","https://service.pdok.nl/cbs/vierkantstatistieken500m/2008/wfs/v1_0?request=GetCapabilities&service=WFS","other",""https:\/\/eur-lex.europa.eu\/eli\/reg\/2010\/1089";"http:\/\/inspire.ec.europa.eu\/id\/ats\/metadata\/2.0\/sds-invocable";"http:\/\/www.opengis.net\/def\/serviceType\/ogc\/wfs"",""Conform verordening; validatie uitgevoerd met de ETF Validator voor INSPIRE view en downloadservices versie 1.4.1";"De service voldoet aan de requirements van de invocable conformance class";"De service voldoet aan de requirements van de WFS 2.0 conformance class"",""true";"true";"true""
"2d46d4dc-efd5-493b-8152-60b18ef58ca6","CBS Wijken en Buurten 2023 versie 2 OGC API Features","https://api.pdok.nl/cbs/wijken-en-buurten-2023/ogc/v1","other",""https:\/\/data.europa.eu\/eli\/reg\/2010\/1089";"http:\/\/inspire.ec.europa.eu\/id\/ats\/metadata\/2.0\/sds-invocable";"http:\/\/www.opengis.net\/def\/interface\/ogcapi-features"",""Conform verordening";"De service voldoet aan de requirements van de invocable conformance class";"is conform OGC API features specificatie"",""true";"true";"true""
"8665fd45-d7d3-4341-a177-1788be9ec571","Hydrografie: Netwerk (INSPIRE geharmoniseerd) WFS","https://service.pdok.nl/rws/hydrografie-netwerk/wfs/v1_0?request=GetCapabilities&service=WFS","other",""https:\/\/eur-lex.europa.eu\/eli\/reg\/2010\/1089";"http:\/\/inspire.ec.europa.eu\/id\/ats\/metadata\/2.0\/sds-interoperable";"http:\/\/www.opengis.net\/def\/serviceType\/ogc\/wfs";"http:\/\/inspire.ec.europa.eu\/metadata-codelist\/QualityOfServiceCriteria\/availability";"urn:ogc:def:uom:OGC::percent";"http:\/\/inspire.ec.europa.eu\/metadata-codelist\/QualityOfServiceCriteria\/performance";"http:\/\/www.opengis.net\/def\/uom\/SI\/second";"http:\/\/inspire.ec.europa.eu\/metadata-codelist\/QualityOfServiceCriteria\/capacity";"http:\/\/www.opengis.net\/def\/uom\/OGC\/1.0\/unity"",""Conform verordening; validatie uitgevoerd met de ETF Validator voor INSPIRE view en downloadservices versie 1.4.1";"De service voldoet aan de requirements van de interoperable conformance class";"De service voldoet aan de requirements van de WFS 2.0 conformance class";"Beschikbaarheid op jaarbasis; uitgedrukt in percentage in tijd";"Gemiddelde response tijd; uitgedrukt in seconden";"Maximum aantal gelijktijdige requests per seconde die aan de performance criteria voldoen; uitgedrukt als aantal requests per seconde"",""true";"true";"true""
"5d4b2ced-bc3c-4941-a89d-f5dfc618effb","CBS Vierkantstatistieken 100m 2007 WMS","https://service.pdok.nl/cbs/vierkantstatistieken100m/2007/wms/v1_0?request=GetCapabilities&service=WMS","view",""https:\/\/eur-lex.europa.eu\/eli\/reg\/2009\/976";"https:\/\/inspire.ec.europa.eu\/documents\/technical-guidance-implementation-inspire-view-services-1"",""Conform verordening; validatie uitgevoerd met de ETF Validator voor INSPIRE view en downloadservices versie 1.4.1";"Conform technische specificatie; Validatie uitgevoerd met de ETF Validator voor INSPIRE view en downloadservices versie 1.4.1"",""true";"true""
"7112b294-3dfe-438e-a808-9bc0c9c7a29a","Gebouwen (INSPIRE geharmoniseerd) WFS","https://service.pdok.nl/kadaster/bu/wfs/v1_0?request=GetCapabilities&service=WFS","other",""https:\/\/eur-lex.europa.eu\/eli\/reg\/2010\/1089";"http:\/\/inspire.ec.europa.eu\/id\/ats\/metadata\/2.0\/sds-interoperable";"http:\/\/www.opengis.net\/def\/serviceType\/ogc\/wfs";"http:\/\/inspire.ec.europa.eu\/metadata-codelist\/QualityOfServiceCriteria\/availability";"urn:ogc:def:uom:OGC::percent";"http:\/\/inspire.ec.europa.eu\/metadata-codelist\/QualityOfServiceCriteria\/performance";"http:\/\/www.opengis.net\/def\/uom\/SI\/second";"http:\/\/inspire.ec.europa.eu\/metadata-codelist\/QualityOfServiceCriteria\/capacity";"http:\/\/www.opengis.net\/def\/uom\/OGC\/1.0\/unity"",""Conform verordening; validatie uitgevoerd met de ETF Validator voor INSPIRE view en downloadservices versie 1.4.1";"De service voldoet aan de requirements van de interoperable conformance class";"De service voldoet aan de requirements van de WFS 2.0 conformance class";"Beschikbaarheid op jaarbasis; uitgedrukt in percentage in tijd";"Gemiddelde response tijd; uitgedrukt in seconden";"Maximum aantal gelijktijdige requests per seconde die aan de performance criteria voldoen; uitgedrukt als aantal requests per seconde"",""true";"true";"true""
"c95a48dd-c868-4396-b99e-08231b293044","Hoofdspoorwegen volgens Richtlijn Omgevingslawaai 2022 (INSPIRE geharmoniseerd) WMS","https://service.pdok.nl/ienw/hoofdspoorwegen-omgevingslawaai-geharmoniseerd/wms/v1_0?request=GetCapabilities&service=WMS","view",""https:\/\/eur-lex.europa.eu\/eli\/reg\/2009\/976";"https:\/\/inspire.ec.europa.eu\/documents\/technical-guidance-implementation-inspire-view-services"",""Conform verordening; validatie uitgevoerd met de ETF Validator voor INSPIRE view en downloadservices versie 1.4.1";"Conform technische specificatie; validatie uitgevoerd met de ETF Validator voor INSPIRE view en downloadservices versie 1.4.1"",""true";"true""
"add7e618-78e7-4189-abc8-a64becee7a60","CBS Vierkantstatistieken 100m 2018 WMS","https://service.pdok.nl/cbs/vierkantstatistieken100m/2018/wms/v1_0?request=GetCapabilities&service=WMS","view",""https:\/\/eur-lex.europa.eu\/eli\/reg\/2009\/976";"https:\/\/inspire.ec.europa.eu\/documents\/technical-guidance-implementation-inspire-view-services-1"",""Conform verordening; validatie uitgevoerd met de ETF Validator voor INSPIRE view en downloadservices versie 1.4.1";"Conform technische specificatie; Validatie uitgevoerd met de ETF Validator voor INSPIRE view en downloadservices versie 1.4.1"",""true";"true""
"17c49c13-6982-4a95-8252-66fe2608a11d","Hoofdwegen volgens Richtlijn Omgevingslawaai 2022 (INSPIRE geharmoniseerd) WMS","https://service.pdok.nl/ienw/hoofdwegen-omgevingslawaai-geharmoniseerd/wms/v1_0?request=GetCapabilities&service=WMS","view",""https:\/\/eur-lex.europa.eu\/eli\/reg\/2009\/976";"https:\/\/inspire.ec.europa.eu\/documents\/technical-guidance-implementation-inspire-view-services"",""Conform verordening; validatie uitgevoerd met de ETF Validator voor INSPIRE view en downloadservices versie 1.4.1";"Conform technische specificatie; validatie uitgevoerd met de ETF Validator voor INSPIRE view en downloadservices versie 1.4.1"",""true";"true""
"a09d5ffc-e448-44af-ad41-f2346a659953","Nuts- en Overheidsdiensten - Riool - Leidingelementen - RSA (INSPIRE geharmoniseerd) WFS","https://service.pdok.nl/rws/rioolnetwerk-leidingelementen/wfs/v1_0?request=GetCapabilities&service=WFS","other",""https:\/\/eur-lex.europa.eu\/eli\/reg\/2010\/1089";"http:\/\/inspire.ec.europa.eu\/id\/ats\/metadata\/2.0\/sds-interoperable";"http:\/\/www.opengis.net\/def\/serviceType\/ogc\/wfs";"http:\/\/inspire.ec.europa.eu\/metadata-codelist\/QualityOfServiceCriteria\/availability";"urn:ogc:def:uom:OGC::percent";"http:\/\/inspire.ec.europa.eu\/metadata-codelist\/QualityOfServiceCriteria\/performance";"http:\/\/www.opengis.net\/def\/uom\/SI\/second";"http:\/\/inspire.ec.europa.eu\/metadata-codelist\/QualityOfServiceCriteria\/capacity";"http:\/\/www.opengis.net\/def\/uom\/OGC\/1.0\/unity"",""Conform verordening; validatie uitgevoerd met de ETF Validator voor INSPIRE view en downloadservices versie 1.4.1";"De service voldoet aan de requirements van de interoperable conformance class";"De service voldoet aan de requirements van de WFS 2.0 conformance class";"Beschikbaarheid op jaarbasis; uitgedrukt in percentage in tijd";"Gemiddelde response tijd; uitgedrukt in seconden";"Maximum aantal gelijktijdige requests per seconde die aan de performance criteria voldoen; uitgedrukt als aantal requests per seconde"",""true";"true";"true""
"2a3d09ae-8a3c-11f0-8de9-0242ac120002","Hoofdspoorwegen volgens Richtlijn Omgevingslawaai 2022 (INSPIRE geharmoniseerd) OGC API Features","https://api.pdok.nl/ienw/hoofdspoorwegen-omgevingslawaai-geharmoniseerd/ogc/v1","other",""https:\/\/data.europa.eu\/eli\/reg\/2010\/1089";"http:\/\/inspire.ec.europa.eu\/id\/ats\/metadata\/2.0\/sds-interoperable";"http:\/\/www.opengis.net\/def\/interface\/ogcapi-features";"http:\/\/inspire.ec.europa.eu\/metadata-codelist\/QualityOfServiceCriteria\/availability";"urn:ogc:def:uom:OGC::percent";"http:\/\/inspire.ec.europa.eu\/metadata-codelist\/QualityOfServiceCriteria\/performance";"http:\/\/www.opengis.net\/def\/uom\/SI\/second";"http:\/\/inspire.ec.europa.eu\/metadata-codelist\/QualityOfServiceCriteria\/capacity";"http:\/\/www.opengis.net\/def\/uom\/OGC\/1.0\/unity"",""Conform verordening";"De service voldoet aan de requirements van de interoperable conformance class";"is conform OGC API features specificatie";"Beschikbaarheid op jaarbasis; uitgedrukt in percentage in tijd";"Gemiddelde response tijd; uitgedrukt in seconden";"Maximum aantal gelijktijdige requests per seconde die aan de performance criteria voldoen; uitgedrukt als aantal requests per seconde"",""true";"true";"true""
"bef01bd9-ea47-4a7d-9c2c-1832894019a3","CBS Vierkantstatistieken 100m 2013 WFS","https://service.pdok.nl/cbs/vierkantstatistieken100m/2013/wfs/v1_0?request=GetCapabilities&service=WFS","other",""https:\/\/eur-lex.europa.eu\/eli\/reg\/2010\/1089";"http:\/\/inspire.ec.europa.eu\/id\/ats\/metadata\/2.0\/sds-invocable";"http:\/\/www.opengis.net\/def\/serviceType\/ogc\/wfs"",""Conform verordening; validatie uitgevoerd met de ETF Validator voor INSPIRE view en downloadservices versie 1.4.1";"De service voldoet aan de requirements van de invocable conformance class";"De service voldoet aan de requirements van de WFS 2.0 conformance class"",""true";"true";"true""
"eddb4021-dabf-45f7-a1f9-b6b0646429d9","Weggegevens (WEGGEG) OGC API Features","https://api.pdok.nl/rws/weggegevens/ogc/v1","other",""https:\/\/data.europa.eu\/eli\/reg\/2010\/1089";"http:\/\/inspire.ec.europa.eu\/id\/ats\/metadata\/2.0\/sds-invocable";"http:\/\/www.opengis.net\/def\/interface\/ogcapi-features"",""Conform verordening";"De service voldoet aan de requirements van de invocable conformance class";"is conform OGC API features specificatie"",""true";"true";"true""
"1449d355-d81f-4818-80b9-1dd9d556a8f1","CBS Vierkantstatistieken 500m 2024 WMS","https://service.pdok.nl/cbs/vierkantstatistieken500m/2024/wms/v1_0?request=GetCapabilities&service=WMS","view",""https:\/\/data.europa.eu\/eli\/reg\/2009\/976";"https:\/\/inspire.ec.europa.eu\/documents\/technical-guidance-implementation-inspire-view-services-1"",""Conform verordening";"Conform technische specificatie"",""true";"true""
"4d6cda23-d1a8-4ccc-85ed-9880bba9e82f","CBS Gebiedsindelingen 2024 WMS","https://service.pdok.nl/cbs/gebiedsindelingen/2024/wms/v1_0?request=GetCapabilities&service=WMS","view",""https:\/\/eur-lex.europa.eu\/eli\/reg\/2009\/976";"https:\/\/inspire.ec.europa.eu\/documents\/technical-guidance-implementation-inspire-view-services-1"",""Conform verordening; validatie uitgevoerd met de ETF Validator voor INSPIRE view en downloadservices versie 1.4.1";"Conform technische specificatie; Validatie uitgevoerd met de ETF Validator voor INSPIRE view en downloadservices versie 1.4.1"",""true";"true""
"0c1bc4a2-79eb-451d-9475-6e7c4adb10b0","CBS Vierkantstatistieken 100m 2003 WMS","https://service.pdok.nl/cbs/vierkantstatistieken100m/2003/wms/v1_0?request=GetCapabilities&service=WMS","view",""https:\/\/eur-lex.europa.eu\/eli\/reg\/2009\/976";"https:\/\/inspire.ec.europa.eu\/documents\/technical-guidance-implementation-inspire-view-services-1"",""Conform verordening; validatie uitgevoerd met de ETF Validator voor INSPIRE view en downloadservices versie 1.4.1";"Conform technische specificatie; Validatie uitgevoerd met de ETF Validator voor INSPIRE view en downloadservices versie 1.4.1"",""true";"true""
"a4ea8ba6-9918-42c0-85eb-1352ba926d24","CBS Vierkantstatistieken 500m 2023 WMS","https://service.pdok.nl/cbs/vierkantstatistieken500m/2023/wms/v1_0?request=GetCapabilities&service=WMS","view",""https:\/\/data.europa.eu\/eli\/reg\/2009\/976";"https:\/\/inspire.ec.europa.eu\/documents\/technical-guidance-implementation-inspire-view-services-1"",""Conform verordening";"Conform technische specificatie"",""true";"true""
"f05c3641-0d6b-4988-9757-ec42e80f3688","CBS Vierkantstatistieken 500m 2012 WFS","https://service.pdok.nl/cbs/vierkantstatistieken500m/2012/wfs/v1_0?request=GetCapabilities&service=WFS","other",""https:\/\/eur-lex.europa.eu\/eli\/reg\/2010\/1089";"http:\/\/inspire.ec.europa.eu\/id\/ats\/metadata\/2.0\/sds-invocable";"http:\/\/www.opengis.net\/def\/serviceType\/ogc\/wfs"",""Conform verordening; validatie uitgevoerd met de ETF Validator voor INSPIRE view en downloadservices versie 1.4.1";"De service voldoet aan de requirements van de invocable conformance class";"De service voldoet aan de requirements van de WFS 2.0 conformance class"",""true";"true";"true""
"c39f6bad-579b-49c2-95e4-249fe997f0cb","CBS Vierkantstatistieken 100m 2004 WFS","https://service.pdok.nl/cbs/vierkantstatistieken100m/2004/wfs/v1_0?request=GetCapabilities&service=WFS","other",""https:\/\/eur-lex.europa.eu\/eli\/reg\/2010\/1089";"http:\/\/inspire.ec.europa.eu\/id\/ats\/metadata\/2.0\/sds-invocable";"http:\/\/www.opengis.net\/def\/serviceType\/ogc\/wfs"",""Conform verordening; validatie uitgevoerd met de ETF Validator voor INSPIRE view en downloadservices versie 1.4.1";"De service voldoet aan de requirements van de invocable conformance class";"De service voldoet aan de requirements van de WFS 2.0 conformance class"",""true";"true";"true""
"b838c96b-c9fa-4798-821b-9a3e49c10dbb","Potentiekaart Reststromen OGC API Features","https://api.pdok.nl/rvo/potentiekaart-reststromen/ogc/v1","other",""https:\/\/data.europa.eu\/eli\/reg\/2010\/1089";"http:\/\/inspire.ec.europa.eu\/id\/ats\/metadata\/2.0\/sds-invocable";"http:\/\/www.opengis.net\/def\/interface\/ogcapi-features"",""Conform verordening";"De service voldoet aan de requirements van de invocable conformance class";"is conform OGC API features specificatie"",""true";"true";"true""
"21226249-b3cc-4ed8-be7c-83298c72d1b5","CBS Vierkantstatistieken 100m 2010 WMS","https://service.pdok.nl/cbs/vierkantstatistieken100m/2010/wms/v1_0?request=GetCapabilities&service=WMS","view",""https:\/\/eur-lex.europa.eu\/eli\/reg\/2009\/976";"https:\/\/inspire.ec.europa.eu\/documents\/technical-guidance-implementation-inspire-view-services-1"",""Conform verordening; validatie uitgevoerd met de ETF Validator voor INSPIRE view en downloadservices versie 1.4.1";"Conform technische specificatie; Validatie uitgevoerd met de ETF Validator voor INSPIRE view en downloadservices versie 1.4.1"",""true";"true""
"da6b0798-6040-427c-8cf9-88fa3387342b","KRW Monitoringlocaties (INSPIRE geharmoniseerd) WMS","https://service.pdok.nl/ihw/krw-monitoringlocaties-geharmoniseerd/wms/v1_0?request=GetCapabilities&service=WMS","view",""https:\/\/eur-lex.europa.eu\/eli\/reg\/2009\/976";"https:\/\/inspire.ec.europa.eu\/documents\/technical-guidance-implementation-inspire-view-services"",""Conform verordening; validatie uitgevoerd met de ETF Validator voor INSPIRE view en downloadservices versie 1.4.1";"Conform technische specificatie; validatie uitgevoerd met de ETF Validator voor INSPIRE view en downloadservices versie 1.4.1"",""true";"true""
"bc4277fe-7d0b-4d5e-9782-cccb1753f5f5","BRO - Wandonderzoek (SFR) - Bodem (INSPIRE geharmoniseerd) WMS","https://service.pdok.nl/tno/bro-wandonderzoek-geharmoniseerd/wms/v1_0?Service=WMS&Request=GetCapabilities","view",""https:\/\/eur-lex.europa.eu\/eli\/reg\/2009\/976";"https:\/\/inspire.ec.europa.eu\/documents\/technical-guidance-implementation-inspire-view-services"",""Conform verordening; validatie uitgevoerd met de ETF Validator voor INSPIRE view en downloadservices versie 1.4.1";"Conform technische specificatie; validatie uitgevoerd met de ETF Validator voor INSPIRE view en downloadservices versie 1.4.1"",""true";"true""
"575569de-c5d1-4250-991c-4c7ef0b8d3f7","CBS Vierkantstatistieken 100m 2020 WFS","https://service.pdok.nl/cbs/vierkantstatistieken100m/2020/wfs/v1_0?request=GetCapabilities&service=WFS","other",""https:\/\/eur-lex.europa.eu\/eli\/reg\/2010\/1089";"http:\/\/inspire.ec.europa.eu\/id\/ats\/metadata\/2.0\/sds-invocable";"http:\/\/www.opengis.net\/def\/serviceType\/ogc\/wfs"",""Conform verordening; validatie uitgevoerd met de ETF Validator voor INSPIRE view en downloadservices versie 1.4.1";"De service voldoet aan de requirements van de invocable conformance class";"De service voldoet aan de requirements van de WFS 2.0 conformance class"",""true";"true";"true""
"e5b2dc19-0286-422c-933e-6fb692513a25","CBS Vierkantstatistieken 100m 2019 WFS","https://service.pdok.nl/cbs/vierkantstatistieken100m/2019/wfs/v1_0?request=GetCapabilities&service=WFS","other",""https:\/\/eur-lex.europa.eu\/eli\/reg\/2010\/1089";"http:\/\/inspire.ec.europa.eu\/id\/ats\/metadata\/2.0\/sds-invocable";"http:\/\/www.opengis.net\/def\/serviceType\/ogc\/wfs"",""Conform verordening; validatie uitgevoerd met de ETF Validator voor INSPIRE view en downloadservices versie 1.4.1";"De service voldoet aan de requirements van de invocable conformance class";"De service voldoet aan de requirements van de WFS 2.0 conformance class"",""true";"true";"true""
"5b34d56a-ce9e-48f6-bb36-39d850a8f741","Administratieve Eenheden (INSPIRE geharmoniseerd) WFS","https://service.pdok.nl/kadaster/brk-administratieve-eenheden/wfs/v2_0?request=GetCapabilities&service=WFS","other",""https:\/\/eur-lex.europa.eu\/eli\/reg\/2010\/1089";"http:\/\/inspire.ec.europa.eu\/id\/ats\/metadata\/2.0\/sds-interoperable";"http:\/\/www.opengis.net\/def\/serviceType\/ogc\/wfs";"http:\/\/inspire.ec.europa.eu\/metadata-codelist\/QualityOfServiceCriteria\/availability";"urn:ogc:def:uom:OGC::percent";"http:\/\/inspire.ec.europa.eu\/metadata-codelist\/QualityOfServiceCriteria\/performance";"http:\/\/www.opengis.net\/def\/uom\/SI\/second";"http:\/\/inspire.ec.europa.eu\/metadata-codelist\/QualityOfServiceCriteria\/capacity";"http:\/\/www.opengis.net\/def\/uom\/OGC\/1.0\/unity"",""Conform verordening; validatie uitgevoerd met de ETF Validator voor INSPIRE view en downloadservices versie 1.4.1";"De service voldoet aan de requirements van de interoperable conformance class";"De service voldoet aan de requirements van de WFS 2.0 conformance class";"Beschikbaarheid op jaarbasis; uitgedrukt in percentage in tijd";"Gemiddelde response tijd; uitgedrukt in seconden";"Maximum aantal gelijktijdige requests per seconde die aan de performance criteria voldoen; uitgedrukt als aantal requests per seconde"",""true";"true";"true""
"3dc373ae-fcf6-49c9-b315-9a2178bffe4a","Potentiekaart Restwarmte WMS","https://service.pdok.nl/rvo/potentiekaart-restwarmte/wms/v1_0?request=getcapabilities&service=WMS","view","#notpresent",""VERORDENING (EG) Nr. 976\/2009 VAN DE COMMISSIE van 19 oktober 2009 tot uitvoering van Richtlijn 2007\/2\/EG van het Europees Parlement en de Raad wat betreft de netwerkdiensten";"Conform verordening; validatie uitgevoerd met de ETF Validator voor INSPIRE view en downloadservices versie 1.4.1";"Technical Guidance for the implementation of INSPIRE View Services v3.1";"Conform technische specificatie; Validatie uitgevoerd met de ETF Validator voor INSPIRE view en downloadservices versie 1.4.1"",""true";"true""
"7cfc30d6-f291-4f6e-9111-472c05538fb9","CBS Vierkantstatistieken 500m 2008 WMS","https:\/\/service.pdok.nl\/cbs\/vierkantstatistieken500m\/2008\/wms\/v1_0?request=GetCapabilities&service=WMS","view",""https:\/\/eur-lex.europa.eu\/eli\/reg\/2009\/976";"https:\/\/inspire.ec.europa.eu\/documents\/technical-guidance-implementation-inspire-view-services"",""Conform verordening; validatie uitgevoerd met de ETF Validator voor INSPIRE view en downloadservices versie 1.4.1";"Conform technische specificatie; validatie uitgevoerd met de ETF Validator voor INSPIRE view en downloadservices versie 1.4.1"",""true";"true""
"4a3a58eb-3956-4477-8715-52214d84e8ca","CBS Vierkantstatistieken 500m 2003 WFS","https://service.pdok.nl/cbs/vierkantstatistieken500m/2003/wfs/v1_0?request=GetCapabilities&service=WFS","other",""https:\/\/eur-lex.europa.eu\/eli\/reg\/2010\/1089";"http:\/\/inspire.ec.europa.eu\/id\/ats\/metadata\/2.0\/sds-invocable";"http:\/\/www.opengis.net\/def\/serviceType\/ogc\/wfs"",""Conform verordening; validatie uitgevoerd met de ETF Validator voor INSPIRE view en downloadservices versie 1.4.1";"De service voldoet aan de requirements van de invocable conformance class";"De service voldoet aan de requirements van de WFS 2.0 conformance class"",""true";"true";"true""
"823c5f01-5d11-481b-aa5f-e191d129365f","Geografische namen (INSPIRE geharmoniseerd) WMS","https://service.pdok.nl/kadaster/brt-geografische-namen/wms/v1_0?request=GetCapabilities&service=WMS","view",""https:\/\/eur-lex.europa.eu\/eli\/reg\/2009\/976";"https:\/\/inspire.ec.europa.eu\/documents\/technical-guidance-implementation-inspire-view-services"",""Conform verordening; validatie uitgevoerd met de ETF Validator voor INSPIRE view en downloadservices versie 1.4.1";"Conform technische specificatie; validatie uitgevoerd met de ETF Validator voor INSPIRE view en downloadservices versie 1.4.1"",""true";"true""
"dae8f9e3-99af-4d21-9feb-29f2a1693077","Vervoersnetwerken (INSPIRE geharmoniseerd) WMS","https://service.pdok.nl/kadaster/brt-vervoersnetwerken/wms/v1_0?request=GetCapabilities&service=WMS","view",""https:\/\/eur-lex.europa.eu\/eli\/reg\/2009\/976";"https:\/\/inspire.ec.europa.eu\/documents\/technical-guidance-implementation-inspire-view-services"",""Conform verordening; validatie uitgevoerd met de ETF Validator voor INSPIRE view en downloadservices versie 1.4.1";"Conform technische specificatie; validatie uitgevoerd met de ETF Validator voor INSPIRE view en downloadservices versie 1.4.1"",""true";"true""
"90b09114-87fe-11f0-8de9-0242ac120002","Agglomeraties gemeenten inclusief bevolkingsaantallen volgens Richtlijn Omgevingslawaai 2022 (INSPIRE geharmoniseerd) OGC API Features","https://api.pdok.nl/ienw/agglomeraties-omgevingslawaai-geharmoniseerd/ogc/v1","other",""https:\/\/data.europa.eu\/eli\/reg\/2010\/1089";"http:\/\/inspire.ec.europa.eu\/id\/ats\/metadata\/2.0\/sds-interoperable";"http:\/\/www.opengis.net\/def\/interface\/ogcapi-features";"http:\/\/inspire.ec.europa.eu\/metadata-codelist\/QualityOfServiceCriteria\/availability";"urn:ogc:def:uom:OGC::percent";"http:\/\/inspire.ec.europa.eu\/metadata-codelist\/QualityOfServiceCriteria\/performance";"http:\/\/www.opengis.net\/def\/uom\/SI\/second";"http:\/\/inspire.ec.europa.eu\/metadata-codelist\/QualityOfServiceCriteria\/capacity";"http:\/\/www.opengis.net\/def\/uom\/OGC\/1.0\/unity"",""Conform verordening";"De service voldoet aan de requirements van de interoperable conformance class";"is conform OGC API features specificatie";"Beschikbaarheid op jaarbasis; uitgedrukt in percentage in tijd";"Gemiddelde response tijd; uitgedrukt in seconden";"Maximum aantal gelijktijdige requests per seconde die aan de performance criteria voldoen; uitgedrukt als aantal requests per seconde"",""true";"true";"true""
"68a42961-ed55-436b-a412-cc7424fd2a6e","Wetlands WFS","https://service.pdok.nl/rvo/wetlands/wfs/v1_0?request=getcapabilities&service=wfs","other",""https:\/\/eur-lex.europa.eu\/eli\/reg\/2010\/1089";"http:\/\/inspire.ec.europa.eu\/id\/ats\/metadata\/2.0\/sds-invocable";"http:\/\/www.opengis.net\/def\/serviceType\/ogc\/wfs"",""Conform verordening; validatie uitgevoerd met de ETF Validator voor INSPIRE view en downloadservices versie 1.4.1";"De service voldoet aan de requirements van de invocable conformance class";"De service voldoet aan de requirements van de WFS 2.0 conformance class"",""true";"true";"true""
"633900ad-ed25-407d-8cf5-ccd2d8707447","CBS Vierkantstatistieken 500m 2007 WFS","https://service.pdok.nl/cbs/vierkantstatistieken500m/2007/wfs/v1_0?request=GetCapabilities&service=WFS","other",""https:\/\/eur-lex.europa.eu\/eli\/reg\/2010\/1089";"http:\/\/inspire.ec.europa.eu\/id\/ats\/metadata\/2.0\/sds-invocable";"http:\/\/www.opengis.net\/def\/serviceType\/ogc\/wfs"",""Conform verordening; validatie uitgevoerd met de ETF Validator voor INSPIRE view en downloadservices versie 1.4.1";"De service voldoet aan de requirements van de invocable conformance class";"De service voldoet aan de requirements van de WFS 2.0 conformance class"",""true";"true";"true""
"27c18143-e51a-4ecf-858f-b6563cbc5a25","CBS Vierkantstatistieken 100m 2018 WFS","https://service.pdok.nl/cbs/vierkantstatistieken100m/2018/wfs/v1_0?request=GetCapabilities&service=WFS","other",""https:\/\/eur-lex.europa.eu\/eli\/reg\/2010\/1089";"http:\/\/inspire.ec.europa.eu\/id\/ats\/metadata\/2.0\/sds-invocable";"http:\/\/www.opengis.net\/def\/serviceType\/ogc\/wfs"",""Conform verordening; validatie uitgevoerd met de ETF Validator voor INSPIRE view en downloadservices versie 1.4.1";"De service voldoet aan de requirements van de invocable conformance class";"De service voldoet aan de requirements van de WFS 2.0 conformance class"",""true";"true";"true""
"adcc5ad7-d3b3-445a-9033-1274cc7f0d61","CBS Vierkantstatistieken 100m 2010 WFS","https://service.pdok.nl/cbs/vierkantstatistieken100m/2010/wfs/v1_0?request=GetCapabilities&service=WFS","other",""https:\/\/eur-lex.europa.eu\/eli\/reg\/2010\/1089";"http:\/\/inspire.ec.europa.eu\/id\/ats\/metadata\/2.0\/sds-invocable";"http:\/\/www.opengis.net\/def\/serviceType\/ogc\/wfs"",""Conform verordening; validatie uitgevoerd met de ETF Validator voor INSPIRE view en downloadservices versie 1.4.1";"De service voldoet aan de requirements van de invocable conformance class";"De service voldoet aan de requirements van de WFS 2.0 conformance class"",""true";"true";"true""
"ce0138cc-975c-4b32-ba47-74c7437606d5","Agglomeraties gemeenten inclusief bevolkingsaantallen volgens Richtlijn Omgevingslawaai 2022 (INSPIRE geharmoniseerd) WMS","https://service.pdok.nl/ienw/agglomeraties-omgevingslawaai-geharmoniseerd/wms/v1_0?request=GetCapabilities&service=WMS","view",""https:\/\/eur-lex.europa.eu\/eli\/reg\/2009\/976";"https:\/\/inspire.ec.europa.eu\/documents\/technical-guidance-implementation-inspire-view-services"",""Conform verordening; validatie uitgevoerd met de ETF Validator voor INSPIRE view en downloadservices versie 1.4.1";"Conform technische specificatie; validatie uitgevoerd met de ETF Validator voor INSPIRE view en downloadservices versie 1.4.1"",""true";"true""
"30c6248d-789e-47ba-b53c-adb6b5d23ca5","Hydrografie (INSPIRE geharmoniseerd) OGC API Features","https://api.pdok.nl/kadaster/brt-hydrografie/ogc/v1","other",""https:\/\/data.europa.eu\/eli\/reg\/2010\/1089";"http:\/\/inspire.ec.europa.eu\/id\/ats\/metadata\/2.0\/sds-interoperable";"http:\/\/www.opengis.net\/def\/interface\/ogcapi-features";"http:\/\/inspire.ec.europa.eu\/metadata-codelist\/QualityOfServiceCriteria\/availability";"urn:ogc:def:uom:OGC::percent";"http:\/\/inspire.ec.europa.eu\/metadata-codelist\/QualityOfServiceCriteria\/performance";"http:\/\/www.opengis.net\/def\/uom\/SI\/second";"http:\/\/inspire.ec.europa.eu\/metadata-codelist\/QualityOfServiceCriteria\/capacity";"http:\/\/www.opengis.net\/def\/uom\/OGC\/1.0\/unity"",""Conform verordening";"De service voldoet aan de requirements van de interoperable conformance class";"is conform OGC API features specificatie";"Beschikbaarheid op jaarbasis; uitgedrukt in percentage in tijd";"Gemiddelde response tijd; uitgedrukt in seconden";"Maximum aantal gelijktijdige requests per seconde die aan de performance criteria voldoen; uitgedrukt als aantal requests per seconde"",""true";"true";"true""
"9cb1badf-81e1-42b2-9864-af42a0872097","Wetlands OGC API Features","https://api.pdok.nl/rvo/wetlands/ogc/v1","other",""https:\/\/data.europa.eu\/eli\/reg\/2010\/1089";"http:\/\/inspire.ec.europa.eu\/id\/ats\/metadata\/2.0\/sds-invocable";"http:\/\/www.opengis.net\/def\/interface\/ogcapi-features"",""Conform verordening";"De service voldoet aan de requirements van de invocable conformance class";"is conform OGC API features specificatie"",""true";"true";"true""
"9ff243a3-1d9f-4c95-9d22-b5144b1935e5","CBS Vierkantstatistieken 500m 2017 WFS","https://service.pdok.nl/cbs/vierkantstatistieken500m/2017/wfs/v1_0?request=GetCapabilities&service=WFS","other",""https:\/\/eur-lex.europa.eu\/eli\/reg\/2010\/1089";"http:\/\/inspire.ec.europa.eu\/id\/ats\/metadata\/2.0\/sds-invocable";"http:\/\/www.opengis.net\/def\/serviceType\/ogc\/wfs"",""Conform verordening; validatie uitgevoerd met de ETF Validator voor INSPIRE view en downloadservices versie 1.4.1";"De service voldoet aan de requirements van de invocable conformance class";"De service voldoet aan de requirements van de WFS 2.0 conformance class"",""true";"true";"true""
"9528f5f8-66b9-4376-aaa0-8b4836c8cc99","Geografische Namen (INSPIRE geharmoniseerd) WFS","https://service.pdok.nl/kadaster/brt-geografische-namen/wfs/v1_0?request=GetCapabilities&service=WFS","other",""https:\/\/eur-lex.europa.eu\/eli\/reg\/2010\/1089";"http:\/\/inspire.ec.europa.eu\/id\/ats\/metadata\/2.0\/sds-interoperable";"http:\/\/www.opengis.net\/def\/serviceType\/ogc\/wfs";"http:\/\/inspire.ec.europa.eu\/metadata-codelist\/QualityOfServiceCriteria\/availability";"urn:ogc:def:uom:OGC::percent";"http:\/\/inspire.ec.europa.eu\/metadata-codelist\/QualityOfServiceCriteria\/performance";"http:\/\/www.opengis.net\/def\/uom\/SI\/second";"http:\/\/inspire.ec.europa.eu\/metadata-codelist\/QualityOfServiceCriteria\/capacity";"http:\/\/www.opengis.net\/def\/uom\/OGC\/1.0\/unity"",""Conform verordening; validatie uitgevoerd met de ETF Validator voor INSPIRE view en downloadservices versie 1.4.1";"De service voldoet aan de requirements van de interoperable conformance class";"De service voldoet aan de requirements van de WFS 2.0 conformance class";"Beschikbaarheid op jaarbasis; uitgedrukt in percentage in tijd";"Gemiddelde response tijd; uitgedrukt in seconden";"Maximum aantal gelijktijdige requests per seconde die aan de performance criteria voldoen; uitgedrukt als aantal requests per seconde"",""true";"true";"true""
"53607349-a178-4129-b9c1-4d993b157fd6","Vervoersnetwerken - Wegen - Netwerk (INSPIRE geharmoniseerd) WMS","https://service.pdok.nl/rws/vervoersnetwerken-wegen-netwerk/wms/v1_0?request=GetCapabilities&service=WMS","view",""https:\/\/eur-lex.europa.eu\/eli\/reg\/2009\/976";"https:\/\/inspire.ec.europa.eu\/documents\/technical-guidance-implementation-inspire-view-services"",""Conform verordening; validatie uitgevoerd met de ETF Validator voor INSPIRE view en downloadservices versie 1.4.1";"Conform technische specificatie; validatie uitgevoerd met de ETF Validator voor INSPIRE view en downloadservices versie 1.4.1"",""true";"true""
"75c92c7d-1d04-4e4c-96da-1286b886a92e","CBS Vierkantstatistieken 100m 2005 WFS","https://service.pdok.nl/cbs/vierkantstatistieken100m/2005/wfs/v1_0?request=GetCapabilities&service=WFS","other",""https:\/\/eur-lex.europa.eu\/eli\/reg\/2010\/1089";"http:\/\/inspire.ec.europa.eu\/id\/ats\/metadata\/2.0\/sds-invocable";"http:\/\/www.opengis.net\/def\/serviceType\/ogc\/wfs"",""Conform verordening; validatie uitgevoerd met de ETF Validator voor INSPIRE view en downloadservices versie 1.4.1";"De service voldoet aan de requirements van de invocable conformance class";"De service voldoet aan de requirements van de WFS 2.0 conformance class"",""true";"true";"true""
"16830927-0127-48b1-b442-55882378cedf","CBS Vierkantstatistieken 100m 2014 WMS","https://service.pdok.nl/cbs/vierkantstatistieken100m/2014/wms/v1_0?request=GetCapabilities&service=WMS","view",""https:\/\/eur-lex.europa.eu\/eli\/reg\/2009\/976";"https:\/\/inspire.ec.europa.eu\/documents\/technical-guidance-implementation-inspire-view-services-1"",""Conform verordening; validatie uitgevoerd met de ETF Validator voor INSPIRE view en downloadservices versie 1.4.1";"Conform technische specificatie; Validatie uitgevoerd met de ETF Validator voor INSPIRE view en downloadservices versie 1.4.1"",""true";"true""
"a25cbbdf-544e-4bc3-b6a9-2544a574d54a","CBS Vierkantstatistieken 100m 2014 WFS","https://service.pdok.nl/cbs/vierkantstatistieken100m/2014/wfs/v1_0?request=GetCapabilities&service=WFS","other",""https:\/\/eur-lex.europa.eu\/eli\/reg\/2010\/1089";"http:\/\/inspire.ec.europa.eu\/id\/ats\/metadata\/2.0\/sds-invocable";"http:\/\/www.opengis.net\/def\/serviceType\/ogc\/wfs"",""Conform verordening; validatie uitgevoerd met de ETF Validator voor INSPIRE view en downloadservices versie 1.4.1";"De service voldoet aan de requirements van de invocable conformance class";"De service voldoet aan de requirements van de WFS 2.0 conformance class"",""true";"true";"true""
"cecbe171-6ee7-427d-8658-e764049644cc","CBS Vierkantstatistieken 100m 2005 WMS","https://service.pdok.nl/cbs/vierkantstatistieken100m/2005/wms/v1_0?request=GetCapabilities&service=WMS","view",""https:\/\/eur-lex.europa.eu\/eli\/reg\/2009\/976";"https:\/\/inspire.ec.europa.eu\/documents\/technical-guidance-implementation-inspire-view-services-1"",""Conform verordening; validatie uitgevoerd met de ETF Validator voor INSPIRE view en downloadservices versie 1.4.1";"Conform technische specificatie; Validatie uitgevoerd met de ETF Validator voor INSPIRE view en downloadservices versie 1.4.1"",""true";"true""
"9c4862c3-0bab-49c3-bc2f-ac5486826766","Habitatrichtlijn verspreiding van soorten WFS","https://service.pdok.nl/rvo/habitatrichtlijn-verspreiding-soorten/wfs/v1_0?request=GetCapabilities&service=WFS","other",""https:\/\/eur-lex.europa.eu\/eli\/reg\/2010\/1089";"http:\/\/inspire.ec.europa.eu\/id\/ats\/metadata\/2.0\/sds-invocable";"http:\/\/www.opengis.net\/def\/serviceType\/ogc\/wfs"",""Conform verordening; validatie uitgevoerd met de ETF Validator voor INSPIRE view en downloadservices versie 1.4.1";"De service voldoet aan de requirements van de invocable conformance class";"De service voldoet aan de requirements van de WFS 2.0 conformance class"",""true";"true";"true""
"ee9e7a1c-b04a-45a9-92a2-99b2ef508529","Vogelrichtlijn verspreiding van soorten WFS","https://service.pdok.nl/rvo/vogelrichtlijn-verspreiding-soorten/wfs/v1_0?request=GetCapabilities&service=WFS","other",""https:\/\/eur-lex.europa.eu\/eli\/reg\/2010\/1089";"http:\/\/inspire.ec.europa.eu\/id\/ats\/metadata\/2.0\/sds-invocable";"http:\/\/www.opengis.net\/def\/serviceType\/ogc\/wfs"",""Conform verordening; validatie uitgevoerd met de ETF Validator voor INSPIRE view en downloadservices versie 1.4.1";"De service voldoet aan de requirements van de invocable conformance class";"De service voldoet aan de requirements van de WFS 2.0 conformance class"",""true";"true";"true""
"6aa19280-e67c-4184-b916-6d47e9414bbc","Vogelrichtlijn verspreidingsgebied van soorten WMS","https://service.pdok.nl/rvo/vogelrichtlijn-verspreidingsgebied-soorten/wms/v1_0?request=GetCapabilities&service=WMS","view",""https:\/\/eur-lex.europa.eu\/eli\/reg\/2009\/976";"https:\/\/inspire.ec.europa.eu\/documents\/technical-guidance-implementation-inspire-view-services"",""Conform verordening; validatie uitgevoerd met de ETF Validator voor INSPIRE view en downloadservices versie 1.4.1";"Conform technische specificatie; validatie uitgevoerd met de ETF Validator voor INSPIRE view en downloadservices versie 1.4.1"",""true";"true""
"d981070b-888c-42d5-85ff-1e383f3d7fce","Windsnelheden op 100m hoogte (m/s) WMS","https://service.pdok.nl/rvo/windsnelheden/wms/v1_0?request=getcapabilities&service=WMS","view","#notpresent",""VERORDENING (EG) Nr. 976\/2009 VAN DE COMMISSIE van 19 oktober 2009 tot uitvoering van Richtlijn 2007\/2\/EG van het Europees Parlement en de Raad wat betreft de netwerkdiensten";"Conform verordening; validatie uitgevoerd met de ETF Validator voor INSPIRE view en downloadservices versie 1.4.1";"Technical Guidance for the implementation of INSPIRE View Services v3.1";"Conform technische specificatie; Validatie uitgevoerd met de ETF Validator voor INSPIRE view en downloadservices versie 1.4.1"",""true";"true""
"aaf53e6f-fe99-4a86-a61c-50b128412d80","Mossel- en oesterhabitats WFS","https://service.pdok.nl/rvo/mossel-en-oesterhabitats/wfs/v1_0?request=GetCapabilities&service=WFS","other",""https:\/\/eur-lex.europa.eu\/eli\/reg\/2010\/1089";"http:\/\/inspire.ec.europa.eu\/id\/ats\/metadata\/2.0\/sds-invocable";"http:\/\/www.opengis.net\/def\/serviceType\/ogc\/wfs"",""Conform verordening; validatie uitgevoerd met de ETF Validator voor INSPIRE view en downloadservices versie 1.4.1";"De service voldoet aan de requirements van de invocable conformance class";"De service voldoet aan de requirements van de WFS 2.0 conformance class"",""true";"true";"true""
"598c4109-21d2-4a6c-b083-9975a6736849","NWB - Vaarwegen (Nationaal Wegen Bestand) WMS","https://service.pdok.nl/rws/nationaal-wegenbestand-vaarwegen/wms/v1_0?request=getcapabilities&service=WMS","view","#notpresent",""VERORDENING (EG) Nr. 976\/2009 VAN DE COMMISSIE van 19 oktober 2009 tot uitvoering van Richtlijn 2007\/2\/EG van het Europees Parlement en de Raad wat betreft de netwerkdiensten";"Conform verordening; validatie uitgevoerd met de ETF Validator voor INSPIRE view en downloadservices versie 1.4.1";"Technical Guidance for the implementation of INSPIRE View Services v3.11";"Conform technische specificatie; Validatie uitgevoerd met de ETF Validator voor INSPIRE view en downloadservices versie 1.4.1"",""true";"true""
"c60cb981-b82a-48f3-a83d-8dbb9657e833","CBS Vierkantstatistieken 500m 2000 WFS","https://service.pdok.nl/cbs/vierkantstatistieken500m/2000/wfs/v1_0?request=GetCapabilities&service=WFS","other",""https:\/\/eur-lex.europa.eu\/eli\/reg\/2010\/1089";"http:\/\/inspire.ec.europa.eu\/id\/ats\/metadata\/2.0\/sds-invocable";"http:\/\/www.opengis.net\/def\/serviceType\/ogc\/wfs"",""Conform verordening; validatie uitgevoerd met de ETF Validator voor INSPIRE view en downloadservices versie 1.4.1";"De service voldoet aan de requirements van de invocable conformance class";"De service voldoet aan de requirements van de WFS 2.0 conformance class"",""true";"true";"true""
"b7820c63-715d-4c55-9d77-29e42d89eab1","CBS Existing Land Use (INSPIRE geharmoniseerd) OGC API Features","https://api.pdok.nl/cbs/landuse/ogc/v1","other",""https:\/\/data.europa.eu\/eli\/reg\/2010\/1089";"http:\/\/inspire.ec.europa.eu\/id\/ats\/metadata\/2.0\/sds-interoperable";"http:\/\/www.opengis.net\/def\/interface\/ogcapi-features";"http:\/\/inspire.ec.europa.eu\/metadata-codelist\/QualityOfServiceCriteria\/availability";"urn:ogc:def:uom:OGC::percent";"http:\/\/inspire.ec.europa.eu\/metadata-codelist\/QualityOfServiceCriteria\/performance";"http:\/\/www.opengis.net\/def\/uom\/SI\/second";"http:\/\/inspire.ec.europa.eu\/metadata-codelist\/QualityOfServiceCriteria\/capacity";"http:\/\/www.opengis.net\/def\/uom\/OGC\/1.0\/unity"",""Conform verordening";"De service voldoet aan de requirements van de interoperable conformance class";"is conform OGC API features specificatie";"Beschikbaarheid op jaarbasis; uitgedrukt in percentage in tijd";"Gemiddelde response tijd; uitgedrukt in seconden";"Maximum aantal gelijktijdige requests per seconde die aan de performance criteria voldoen; uitgedrukt als aantal requests per seconde"",""true";"true";"true""
"6347452c-2736-4348-92da-ad138a2ccfc2","Vervoersnetwerken - Wegen - Netwerk (INSPIRE geharmoniseerd) OGC API Features","https://api.pdok.nl/rws/vervoersnetwerken-wegen-netwerk/ogc/v1","other",""https:\/\/data.europa.eu\/eli\/reg\/2010\/1089";"http:\/\/inspire.ec.europa.eu\/id\/ats\/metadata\/2.0\/sds-interoperable";"http:\/\/www.opengis.net\/def\/interface\/ogcapi-features";"http:\/\/inspire.ec.europa.eu\/metadata-codelist\/QualityOfServiceCriteria\/availability";"urn:ogc:def:uom:OGC::percent";"http:\/\/inspire.ec.europa.eu\/metadata-codelist\/QualityOfServiceCriteria\/performance";"http:\/\/www.opengis.net\/def\/uom\/SI\/second";"http:\/\/inspire.ec.europa.eu\/metadata-codelist\/QualityOfServiceCriteria\/capacity";"http:\/\/www.opengis.net\/def\/uom\/OGC\/1.0\/unity"",""Conform verordening";"De service voldoet aan de requirements van de interoperable conformance class";"is conform OGC API features specificatie";"Beschikbaarheid op jaarbasis; uitgedrukt in percentage in tijd";"Gemiddelde response tijd; uitgedrukt in seconden";"Maximum aantal gelijktijdige requests per seconde die aan de performance criteria voldoen; uitgedrukt als aantal requests per seconde"",""true";"true";"true""
"582c96c6-b4d7-4686-b4b8-f77fa15cb2c6","Kaderrichtlijn Mariene Strategie (INSPIRE geharmoniseerd) WFS","https://service.pdok.nl/rvo/kaderrichtlijn-mariene-strategie-geharmoniseerd/wfs/v1_0?request=GetCapabilities&service=WFS","other",""https:\/\/eur-lex.europa.eu\/eli\/reg\/2010\/1089";"http:\/\/inspire.ec.europa.eu\/id\/ats\/metadata\/2.0\/sds-interoperable";"http:\/\/www.opengis.net\/def\/serviceType\/ogc\/wfs";"http:\/\/inspire.ec.europa.eu\/metadata-codelist\/QualityOfServiceCriteria\/availability";"urn:ogc:def:uom:OGC::percent";"http:\/\/inspire.ec.europa.eu\/metadata-codelist\/QualityOfServiceCriteria\/performance";"http:\/\/www.opengis.net\/def\/uom\/SI\/second";"http:\/\/inspire.ec.europa.eu\/metadata-codelist\/QualityOfServiceCriteria\/capacity";"http:\/\/www.opengis.net\/def\/uom\/OGC\/1.0\/unity"",""Conform verordening; validatie uitgevoerd met de ETF Validator voor INSPIRE view en downloadservices versie 1.4.1";"De service voldoet aan de requirements van de interoperable conformance class";"De service voldoet aan de requirements van de WFS 2.0 conformance class";"Beschikbaarheid op jaarbasis; uitgedrukt in percentage in tijd";"Gemiddelde response tijd; uitgedrukt in seconden";"Maximum aantal gelijktijdige requests per seconde die aan de performance criteria voldoen; uitgedrukt als aantal requests per seconde"",""true";"true";"true""
"a7ece4ed-02cb-45a1-973d-89bb081ccbe0","Kaderrichtlijn Mariene Strategie (INSPIRE geharmoniseerd) WMS","https://service.pdok.nl/rvo/kaderrichtlijn-mariene-strategie-geharmoniseerd/wms/v1_0?request=GetCapabilities&service=WMS","view",""https:\/\/eur-lex.europa.eu\/eli\/reg\/2009\/976";"https:\/\/inspire.ec.europa.eu\/documents\/technical-guidance-implementation-inspire-view-services"",""Conform verordening; validatie uitgevoerd met de ETF Validator voor INSPIRE view en downloadservices versie 1.4.1";"Conform technische specificatie; validatie uitgevoerd met de ETF Validator voor INSPIRE view en downloadservices versie 1.4.1"",""true";"true""
"f281c46e-dcac-11f0-8de9-0242ac120002","Overheidsdiensten (INSPIRE geharmoniseerd) OGC API Features","https://api.pdok.nl/kvk/overheidsdiensten-geharmoniseerd/ogc/v1","other",""https:\/\/data.europa.eu\/eli\/reg\/2010\/1089";"http:\/\/inspire.ec.europa.eu\/id\/ats\/metadata\/2.0\/sds-interoperable";"http:\/\/www.opengis.net\/def\/interface\/ogcapi-features";"http:\/\/inspire.ec.europa.eu\/metadata-codelist\/QualityOfServiceCriteria\/availability";"urn:ogc:def:uom:OGC::percent";"http:\/\/inspire.ec.europa.eu\/metadata-codelist\/QualityOfServiceCriteria\/performance";"http:\/\/www.opengis.net\/def\/uom\/SI\/second";"http:\/\/inspire.ec.europa.eu\/metadata-codelist\/QualityOfServiceCriteria\/capacity";"http:\/\/www.opengis.net\/def\/uom\/OGC\/1.0\/unity"",""Conform verordening";"De service voldoet aan de requirements van de interoperable conformance class";"is conform OGC API features specificatie";"Beschikbaarheid op jaarbasis; uitgedrukt in percentage in tijd";"Gemiddelde response tijd; uitgedrukt in seconden";"Maximum aantal gelijktijdige requests per seconde die aan de performance criteria voldoen; uitgedrukt als aantal requests per seconde"",""true";"true";"true""
"19399fd0-c721-44e4-a824-0011090dc8c9","Overheidsdiensten (INSPIRE geharmoniseerd) WMS","https://service.pdok.nl/kvk/overheidsdiensten-geharmoniseerd/wms/v1_0?request=GetCapabilities&service=WMS","view",""https:\/\/eur-lex.europa.eu\/eli\/reg\/2009\/976";"https:\/\/inspire.ec.europa.eu\/documents\/technical-guidance-implementation-inspire-view-services"",""Conform verordening; validatie uitgevoerd met de ETF Validator voor INSPIRE view en downloadservices versie 1.4.1";"Conform technische specificatie; validatie uitgevoerd met de ETF Validator voor INSPIRE view en downloadservices versie 1.4.1"",""true";"true""
"70048f4a-67f5-47e0-9a05-712e37aa2ab0","Kadastrale Percelen (INSPIRE geharmoniseerd) OGC API Features","https://api.pdok.nl/kadaster/brk-kadastrale-percelen/ogc/v1","other",""https:\/\/data.europa.eu\/eli\/reg\/2010\/1089";"http:\/\/inspire.ec.europa.eu\/id\/ats\/metadata\/2.0\/sds-interoperable";"http:\/\/www.opengis.net\/def\/interface\/ogcapi-features";"http:\/\/inspire.ec.europa.eu\/metadata-codelist\/QualityOfServiceCriteria\/availability";"urn:ogc:def:uom:OGC::percent";"http:\/\/inspire.ec.europa.eu\/metadata-codelist\/QualityOfServiceCriteria\/performance";"http:\/\/www.opengis.net\/def\/uom\/SI\/second";"http:\/\/inspire.ec.europa.eu\/metadata-codelist\/QualityOfServiceCriteria\/capacity";"http:\/\/www.opengis.net\/def\/uom\/OGC\/1.0\/unity"",""Conform verordening";"De service voldoet aan de requirements van de interoperable conformance class";"is conform OGC API features specificatie";"Beschikbaarheid op jaarbasis; uitgedrukt in percentage in tijd";"Gemiddelde response tijd; uitgedrukt in seconden";"Maximum aantal gelijktijdige requests per seconde die aan de performance criteria voldoen; uitgedrukt als aantal requests per seconde"",""true";"true";"true""
"4beff574-0237-45a2-a62f-ad002bbfd425","Gebiedsbeheer eenheden - Kwetsbaar gebied - RSA (INSPIRE geharmoniseerd) WMS","https://service.pdok.nl/rws/kwetsbaar-gebied/wms/v1_0?request=GetCapabilities&service=WMS","view",""https:\/\/eur-lex.europa.eu\/eli\/reg\/2009\/976";"https:\/\/inspire.ec.europa.eu\/documents\/technical-guidance-implementation-inspire-view-services"",""Conform verordening; validatie uitgevoerd met de ETF Validator voor INSPIRE view en downloadservices versie 1.4.1";"Conform technische specificatie; validatie uitgevoerd met de ETF Validator voor INSPIRE view en downloadservices versie 1.4.1"",""true";"true""
"b7b9859e-c1ca-465d-83c2-f24c2d2567b4","Gebiedsbeheer eenheden - Kwetsbaar gebied - Agglomeraties - RSA (INSPIRE geharmoniseerd) WMS","https://service.pdok.nl/rws/kwetsbaar-gebied-agglomeraties/wms/v1_0?request=GetCapabilities&service=WMS","view",""https:\/\/eur-lex.europa.eu\/eli\/reg\/2009\/976";"https:\/\/inspire.ec.europa.eu\/documents\/technical-guidance-implementation-inspire-view-services"",""Conform verordening; validatie uitgevoerd met de ETF Validator voor INSPIRE view en downloadservices versie 1.4.1";"Conform technische specificatie; validatie uitgevoerd met de ETF Validator voor INSPIRE view en downloadservices versie 1.4.1"",""true";"true""
"dd06be92-8d6f-43b5-b2ee-99285635e41d","Hoofdspoorwegen volgens Richtlijn Omgevingslawaai 2022 (INSPIRE geharmoniseerd) WFS","https://service.pdok.nl/ienw/hoofdspoorwegen-omgevingslawaai-geharmoniseerd/wfs/v1_0?request=GetCapabilities&service=WFS","other",""https:\/\/eur-lex.europa.eu\/eli\/reg\/2010\/1089";"http:\/\/inspire.ec.europa.eu\/id\/ats\/metadata\/2.0\/sds-interoperable";"http:\/\/www.opengis.net\/def\/serviceType\/ogc\/wfs";"http:\/\/inspire.ec.europa.eu\/metadata-codelist\/QualityOfServiceCriteria\/availability";"urn:ogc:def:uom:OGC::percent";"http:\/\/inspire.ec.europa.eu\/metadata-codelist\/QualityOfServiceCriteria\/performance";"http:\/\/www.opengis.net\/def\/uom\/SI\/second";"http:\/\/inspire.ec.europa.eu\/metadata-codelist\/QualityOfServiceCriteria\/capacity";"http:\/\/www.opengis.net\/def\/uom\/OGC\/1.0\/unity"",""Conform verordening; validatie uitgevoerd met de ETF Validator voor INSPIRE view en downloadservices versie 1.4.1";"De service voldoet aan de requirements van de interoperable conformance class";"De service voldoet aan de requirements van de WFS 2.0 conformance class";"Beschikbaarheid op jaarbasis; uitgedrukt in percentage in tijd";"Gemiddelde response tijd; uitgedrukt in seconden";"Maximum aantal gelijktijdige requests per seconde die aan de performance criteria voldoen; uitgedrukt als aantal requests per seconde"",""true";"true";"true""
"5117ebc1-5a63-439b-b3ca-43b80be804fb","Adressen (INSPIRE geharmoniseerd) WMS","https://service.pdok.nl/kadaster/ad/wms/v1_0?request=GetCapabilities&service=WMS","view",""https:\/\/eur-lex.europa.eu\/eli\/reg\/2009\/976";"https:\/\/inspire.ec.europa.eu\/documents\/technical-guidance-implementation-inspire-view-services"",""Conform verordening; validatie uitgevoerd met de ETF Validator voor INSPIRE view en downloadservices versie 1.4.1";"Conform technische specificatie; validatie uitgevoerd met de ETF Validator voor INSPIRE view en downloadservices versie 1.4.1"",""true";"true""
"7bf39a25-fd28-4217-aeec-e1f688a08194","Weggegevens (WEGGEG) WFS","https://service.pdok.nl/rws/weggegevens/wfs/v1_0?request=GetCapabilities&service=WFS","other",""https:\/\/eur-lex.europa.eu\/eli\/reg\/2010\/1089";"http:\/\/inspire.ec.europa.eu\/id\/ats\/metadata\/2.0\/sds-invocable";"http:\/\/www.opengis.net\/def\/serviceType\/ogc\/wfs"",""Conform verordening; validatie uitgevoerd met de ETF Validator voor INSPIRE view en downloadservices versie 1.4.1";"De service voldoet aan de requirements van de invocable conformance class";"De service voldoet aan de requirements van de WFS 2.0 conformance class"",""true";"true";"true""
"4ce823b4-94b4-4d24-8512-519179315878","Provinciale Monumenten - Provincies (INSPIRE geharmoniseerd) WMS","https://service.pdok.nl/provincies/provinciale-monumenten/wms/v1_0?request=GetCapabilities&service=WMS","view",""https:\/\/eur-lex.europa.eu\/eli\/reg\/2009\/976";"https:\/\/inspire.ec.europa.eu\/documents\/technical-guidance-implementation-inspire-view-services-1"",""Conform verordening; validatie uitgevoerd met de ETF Validator voor INSPIRE view en downloadservices versie 1.4.1";"Conform technische specificatie; Validatie uitgevoerd met de ETF Validator voor INSPIRE view en downloadservices versie 1.4.1"",""true";"true""
"5856173c-e58d-4b4c-8f9b-046ee1f20c1c","Potentieel koude en warmte uit open en gesloten WKO systemen (GJ/ha.jaar) WFS","https://service.pdok.nl/rvo/potentieel-warmte-koude-opslagsystemen/wfs/v1_0?request=getcapabilities&service=WFS","other",""https:\/\/eur-lex.europa.eu\/eli\/reg\/2010\/1089";"http:\/\/inspire.ec.europa.eu\/id\/ats\/metadata\/2.0\/sds-invocable";"http:\/\/www.opengis.net\/def\/serviceType\/ogc\/wfs"",""Conform verordening; validatie uitgevoerd met de ETF Validator voor INSPIRE view en downloadservices versie 1.4.1";"De service voldoet aan de requirements van de invocable conformance class";"De service voldoet aan de requirements van de WFS 2.0 conformance class"",""true";"true";"true""
"908e96de-bcc5-4d29-8501-ce9ffbc56c15","Hydrografie (INSPIRE geharmoniseerd) WFS","https://service.pdok.nl/kadaster/brt-hydrografie/wfs/v1_0?request=GetCapabilities&service=WFS","other",""https:\/\/eur-lex.europa.eu\/eli\/reg\/2010\/1089";"http:\/\/inspire.ec.europa.eu\/id\/ats\/metadata\/2.0\/sds-interoperable";"http:\/\/www.opengis.net\/def\/serviceType\/ogc\/wfs";"http:\/\/inspire.ec.europa.eu\/metadata-codelist\/QualityOfServiceCriteria\/availability";"urn:ogc:def:uom:OGC::percent";"http:\/\/inspire.ec.europa.eu\/metadata-codelist\/QualityOfServiceCriteria\/performance";"http:\/\/www.opengis.net\/def\/uom\/SI\/second";"http:\/\/inspire.ec.europa.eu\/metadata-codelist\/QualityOfServiceCriteria\/capacity";"http:\/\/www.opengis.net\/def\/uom\/OGC\/1.0\/unity"",""Conform verordening; validatie uitgevoerd met de ETF Validator voor INSPIRE view en downloadservices versie 1.4.1";"De service voldoet aan de requirements van de interoperable conformance class";"De service voldoet aan de requirements van de WFS 2.0 conformance class";"Beschikbaarheid op jaarbasis; uitgedrukt in percentage in tijd";"Gemiddelde response tijd; uitgedrukt in seconden";"Maximum aantal gelijktijdige requests per seconde die aan de performance criteria voldoen; uitgedrukt als aantal requests per seconde"",""true";"true";"true""
"01d4dab6-03ad-4e82-b719-4daf8b96ea14","Administratieve Eenheden (INSPIRE geharmoniseerd) WMS","https://service.pdok.nl/kadaster/brk-administratieve-eenheden/wms/v2_0?request=GetCapabilities&service=WMS","view",""https:\/\/eur-lex.europa.eu\/eli\/reg\/2009\/976";"https:\/\/inspire.ec.europa.eu\/documents\/technical-guidance-implementation-inspire-view-services-1"",""Conform verordening; validatie uitgevoerd met de ETF Validator voor INSPIRE view en downloadservices versie 1.4.1";"Conform technische specificatie; Validatie uitgevoerd met de ETF Validator voor INSPIRE view en downloadservices versie 1.4.1"",""true";"true""
"756919e3-e8c0-4846-b1ba-2f49d334efcc","Hoofd Luchtvervoersnetwerk volgens Richtlijn Omgevingslawaai 2022 (INSPIRE geharmoniseerd) WMS","https://service.pdok.nl/ienw/hoofd-luchtvervoersnetwerk-omgevingslawaai-geharmoniseerd/wms/v1_0?request=GetCapabilities&service=WMS","view",""https:\/\/eur-lex.europa.eu\/eli\/reg\/2009\/976";"https:\/\/inspire.ec.europa.eu\/documents\/technical-guidance-implementation-inspire-view-services"",""Conform verordening; validatie uitgevoerd met de ETF Validator voor INSPIRE view en downloadservices versie 1.4.1";"Conform technische specificatie; validatie uitgevoerd met de ETF Validator voor INSPIRE view en downloadservices versie 1.4.1"",""true";"true""
"5d453fdd-3535-44ab-a119-89babf8a1bcd","KRW Beschermde Gebieden - Schelpdierwater (INSPIRE geharmoniseerd) WMS","https://service.pdok.nl/ihw/krw-beschermde-gebieden-schelpdierwater-geharmoniseerd/wms/v1_0?request=GetCapabilities&service=WMS","view",""https:\/\/eur-lex.europa.eu\/eli\/reg\/2009\/976";"https:\/\/inspire.ec.europa.eu\/documents\/technical-guidance-implementation-inspire-view-services"",""Conform verordening; validatie uitgevoerd met de ETF Validator voor INSPIRE view en downloadservices versie 1.4.1";"Conform technische specificatie; validatie uitgevoerd met de ETF Validator voor INSPIRE view en downloadservices versie 1.4.1"",""true";"true""
"effe2d13-843a-4fd2-8a49-5823c282aaf3","CBS Vierkantstatistieken 500m 2019 WFS","https://service.pdok.nl/cbs/vierkantstatistieken500m/2019/wfs/v1_0?request=GetCapabilities&service=WFS","other",""https:\/\/eur-lex.europa.eu\/eli\/reg\/2010\/1089";"http:\/\/inspire.ec.europa.eu\/id\/ats\/metadata\/2.0\/sds-invocable";"http:\/\/www.opengis.net\/def\/serviceType\/ogc\/wfs"",""Conform verordening; validatie uitgevoerd met de ETF Validator voor INSPIRE view en downloadservices versie 1.4.1";"De service voldoet aan de requirements van de invocable conformance class";"De service voldoet aan de requirements van de WFS 2.0 conformance class"",""true";"true";"true""
"a571f9ad-857f-46dd-99e5-cea26125aa9f","BRO Milieuhygiënisch bodemonderzoek (SAD) - Geologie (INSPIRE geharmoniseerd) WMS","https://service.pdok.nl/tno/bro-milieuhygienisch-bodemonderzoek-geologie/wms/v1_0?Request=GetCapabilities&service=WMS","view",""https:\/\/eur-lex.europa.eu\/eli\/reg\/2009\/976";"https:\/\/inspire.ec.europa.eu\/documents\/technical-guidance-implementation-inspire-view-services"",""Conform verordening; validatie uitgevoerd met de ETF Validator voor INSPIRE view en downloadservices versie 1.4.1";"Conform technische specificatie; validatie uitgevoerd met de ETF Validator voor INSPIRE view en downloadservices versie 1.4.1"",""true";"true""
"75bb7062-0244-4faf-8c7d-a7a53131a044","Nationaal Beschermde Gebieden (CDDA) WFS","https://service.pdok.nl/rvo/nationaal-beschermde-gebieden-cdda/wfs/v1_0?request=GetCapabilities&service=WFS","other",""https:\/\/eur-lex.europa.eu\/eli\/reg\/2010\/1089";"http:\/\/inspire.ec.europa.eu\/id\/ats\/metadata\/2.0\/sds-invocable";"http:\/\/www.opengis.net\/def\/serviceType\/ogc\/wfs"",""Conform verordening; validatie uitgevoerd met de ETF Validator voor INSPIRE view en downloadservices versie 1.4.1";"De service voldoet aan de requirements van de invocable conformance class";"De service voldoet aan de requirements van de WFS 2.0 conformance class"",""true";"true";"true""
"59486207-3ab7-47f9-b4e6-6bb91656718e","CBS Vierkantstatistieken 500m 2013 WFS","https://service.pdok.nl/cbs/vierkantstatistieken500m/2013/wfs/v1_0?request=GetCapabilities&service=WFS","other",""https:\/\/eur-lex.europa.eu\/eli\/reg\/2010\/1089";"http:\/\/inspire.ec.europa.eu\/id\/ats\/metadata\/2.0\/sds-invocable";"http:\/\/www.opengis.net\/def\/serviceType\/ogc\/wfs"",""Conform verordening; validatie uitgevoerd met de ETF Validator voor INSPIRE view en downloadservices versie 1.4.1";"De service voldoet aan de requirements van de invocable conformance class";"De service voldoet aan de requirements van de WFS 2.0 conformance class"",""true";"true";"true""
"f874407b-25f9-4c1b-abe6-363467683bb1","CBS Gebiedsindelingen 2017 WMS","https://service.pdok.nl/cbs/gebiedsindelingen/2017/wms/v1_0?request=GetCapabilities&service=WMS","view",""https:\/\/eur-lex.europa.eu\/eli\/reg\/2009\/976";"https:\/\/inspire.ec.europa.eu\/documents\/technical-guidance-implementation-inspire-view-services-1"",""Conform verordening; validatie uitgevoerd met de ETF Validator voor INSPIRE view en downloadservices versie 1.4.1";"Conform technische specificatie; Validatie uitgevoerd met de ETF Validator voor INSPIRE view en downloadservices versie 1.4.1"",""true";"true""
"12ba8ac9-069c-40df-abbc-3e21603ee940","CBS Vierkantstatistieken 500m 2017 WMS","https://service.pdok.nl/cbs/vierkantstatistieken500m/2017/wms/v1_0?request=GetCapabilities&service=WMS","view",""https:\/\/eur-lex.europa.eu\/eli\/reg\/2009\/976";"https:\/\/inspire.ec.europa.eu\/documents\/technical-guidance-implementation-inspire-view-services"",""Conform verordening; validatie uitgevoerd met de ETF Validator voor INSPIRE view en downloadservices versie 1.4.1";"Conform technische specificatie; validatie uitgevoerd met de ETF Validator voor INSPIRE view en downloadservices versie 1.4.1"",""true";"true""
"ffd9ba80-e7b2-4b1c-9594-2d16c98b05ec","CBS Vierkantstatistieken 100m 2023 WMS","https://service.pdok.nl/cbs/vierkantstatistieken100m/2023/wms/v1_0?request=GetCapabilities&service=WMS","view",""https:\/\/data.europa.eu\/eli\/reg\/2009\/976";"https:\/\/inspire.ec.europa.eu\/documents\/technical-guidance-implementation-inspire-view-services-1"",""Conform verordening";"Conform technische specificatie"",""true";"true""
"85c467c5-aff0-4509-9825-4965d9e962b9","CBS Vierkantstatistieken 100m 2012 WFS","https://service.pdok.nl/cbs/vierkantstatistieken100m/2012/wfs/v1_0?request=GetCapabilities&service=WFS","other",""https:\/\/eur-lex.europa.eu\/eli\/reg\/2010\/1089";"http:\/\/inspire.ec.europa.eu\/id\/ats\/metadata\/2.0\/sds-invocable";"http:\/\/www.opengis.net\/def\/serviceType\/ogc\/wfs"",""Conform verordening; validatie uitgevoerd met de ETF Validator voor INSPIRE view en downloadservices versie 1.4.1";"De service voldoet aan de requirements van de invocable conformance class";"De service voldoet aan de requirements van de WFS 2.0 conformance class"",""true";"true";"true""
"972edbaa-f860-4c48-b449-4f238a263472","Potentiekaart Restwarmte WFS","https://service.pdok.nl/rvo/potentiekaart-restwarmte/wfs/v1_0?request=getcapabilities&service=WFS","other",""https:\/\/eur-lex.europa.eu\/eli\/reg\/2010\/1089";"http:\/\/inspire.ec.europa.eu\/id\/ats\/metadata\/2.0\/sds-invocable";"http:\/\/www.opengis.net\/def\/serviceType\/ogc\/wfs"",""Conform verordening; validatie uitgevoerd met de ETF Validator voor INSPIRE view en downloadservices versie 1.4.1";"De service voldoet aan de requirements van de invocable conformance class";"De service voldoet aan de requirements van de WFS 2.0 conformance class"",""true";"true";"true""
"991033b9-73de-4abb-9e5e-269a39152852","CBS Gebiedsindelingen 2020 WMS","https://service.pdok.nl/cbs/gebiedsindelingen/2020/wms/v1_0?request=GetCapabilities&service=WMS","view",""https:\/\/eur-lex.europa.eu\/eli\/reg\/2009\/976";"https:\/\/inspire.ec.europa.eu\/documents\/technical-guidance-implementation-inspire-view-services-1"",""Conform verordening; validatie uitgevoerd met de ETF Validator voor INSPIRE view en downloadservices versie 1.4.1";"Conform technische specificatie; Validatie uitgevoerd met de ETF Validator voor INSPIRE view en downloadservices versie 1.4.1"",""true";"true""
"65f44fc8-adcf-4efd-8308-037862e47942","Bodemgebruik - Land Cover (INSPIRE geharmoniseerd) OGC API Features","https://api.pdok.nl/kadaster/brt-bodemgebruik/ogc/v1","other",""https:\/\/data.europa.eu\/eli\/reg\/2010\/1089";"http:\/\/inspire.ec.europa.eu\/id\/ats\/metadata\/2.0\/sds-interoperable";"http:\/\/www.opengis.net\/def\/interface\/ogcapi-features";"http:\/\/inspire.ec.europa.eu\/metadata-codelist\/QualityOfServiceCriteria\/availability";"urn:ogc:def:uom:OGC::percent";"http:\/\/inspire.ec.europa.eu\/metadata-codelist\/QualityOfServiceCriteria\/performance";"http:\/\/www.opengis.net\/def\/uom\/SI\/second";"http:\/\/inspire.ec.europa.eu\/metadata-codelist\/QualityOfServiceCriteria\/capacity";"http:\/\/www.opengis.net\/def\/uom\/OGC\/1.0\/unity"",""Conform verordening";"De service voldoet aan de requirements van de interoperable conformance class";"is conform OGC API features specificatie";"Beschikbaarheid op jaarbasis; uitgedrukt in percentage in tijd";"Gemiddelde response tijd; uitgedrukt in seconden";"Maximum aantal gelijktijdige requests per seconde die aan de performance criteria voldoen; uitgedrukt als aantal requests per seconde"",""true";"true";"true""
"e0d9264a-ec9a-435d-ba5b-c915491dfcb3","Vervoersnetwerken - Waterwegen - Netwerk (INSPIRE geharmoniseerd) WFS","https://service.pdok.nl/rws/vervoersnetwerken-waterwegen-netwerk/wfs/v1_0?request=GetCapabilities&service=WFS","other",""https:\/\/data.europa.eu\/eli\/reg\/2010\/1089";"http:\/\/inspire.ec.europa.eu\/id\/ats\/metadata\/2.0\/sds-invocable";"http:\/\/www.opengis.net\/def\/serviceType\/ogc\/wfs"",""Conform verordening";"De service voldoet aan de requirements van de invocable conformance class";"is conform Web Feature Service - 2.0 specificatie"",""true";"true";"true""
"4639209d-61b7-4e8f-955f-49092ed8964b","CBS Vierkantstatistieken 100m 2002 WMS","https://service.pdok.nl/cbs/vierkantstatistieken100m/2002/wms/v1_0?request=GetCapabilities&service=WMS","view",""https:\/\/eur-lex.europa.eu\/eli\/reg\/2009\/976";"https:\/\/inspire.ec.europa.eu\/documents\/technical-guidance-implementation-inspire-view-services-1"",""Conform verordening; validatie uitgevoerd met de ETF Validator voor INSPIRE view en downloadservices versie 1.4.1";"Conform technische specificatie; Validatie uitgevoerd met de ETF Validator voor INSPIRE view en downloadservices versie 1.4.1"",""true";"true""
"171b28f6-7ee7-46f9-b3b3-06d0baaa33db","Population Distribution (INSPIRE geharmoniseerd) WMS","https://service.pdok.nl/cbs/population-distribution/wms/v1_0?request=GetCapabilities&service=WMS","view",""https:\/\/eur-lex.europa.eu\/eli\/reg\/2009\/976";"https:\/\/inspire.ec.europa.eu\/documents\/technical-guidance-implementation-inspire-view-services-1"",""Conform verordening; validatie uitgevoerd met de ETF Validator voor INSPIRE view en downloadservices versie 1.4.1";"Conform technische specificatie; Validatie uitgevoerd met de ETF Validator voor INSPIRE view en downloadservices versie 1.4.1"",""true";"true""
"008d85d1-460d-46f6-9af4-98afdedbc4dc","Population Distribution (INSPIRE geharmoniseerd) WFS","https://service.pdok.nl/cbs/population-distribution/wfs/v1_0?request=GetCapabilities&service=WFS","other",""http:\/\/data.europa.eu\/eli\/reg\/2010\/1089";"http:\/\/inspire.ec.europa.eu\/id\/ats\/metadata\/2.0\/sds-interoperable";"http:\/\/www.opengis.net\/def\/serviceType\/ogc\/wfs .";"http:\/\/inspire.ec.europa.eu\/metadata-codelist\/QualityOfServiceCriteria\/availability";"urn:ogc:def:uom:OGC::percent";"http:\/\/inspire.ec.europa.eu\/metadata-codelist\/QualityOfServiceCriteria\/performance";"http:\/\/www.opengis.net\/def\/uom\/SI\/second";"http:\/\/inspire.ec.europa.eu\/metadata-codelist\/QualityOfServiceCriteria\/capacity";"http:\/\/www.opengis.net\/def\/uom\/OGC\/1.0\/unity"",""Deze service voldoet aan specificaties voor spatial data services";"De service voldoet aan de requirements van de interoperable conformance class.";"De service voldoet aan de requirements van de WFS 2.0 conformance class";"Beschikbaarheid op jaarbasis; uitgedrukt in percentage in tijd";"Gemiddelde response tijd; uitgedrukt in seconden";"Maximum aantal gelijktijdige requests per seconde die aan de performance criteria voldoen; uitgedrukt als aantal requests per seconde"",""true";"true";"true""
"5be14ec9-9bb3-4395-a061-e7e78d04a527","Gebouwen (INSPIRE geharmoniseerd) WMS","https://service.pdok.nl/kadaster/bu/wms/v1_0?request=GetCapabilities&service=wms","view","#notpresent",""VERORDENING (EG) Nr. 976\/2009 VAN DE COMMISSIE van 19 oktober 2009 tot uitvoering van Richtlijn 2007\/2\/EG van het Europees Parlement en de Raad wat betreft de netwerkdiensten";"Conform verordening; validatie uitgevoerd met de ETF Validator voor INSPIRE view en downloadservices versie 1.4.1";"Technical Guidance for the implementation of INSPIRE View Services v3.1";"Conform technische specificatie; Validatie uitgevoerd met de ETF Validator voor INSPIRE view en downloadservices versie 1.4.1"",""true";"true""
"9c50592e-57be-4d74-91fd-bcaee20bb14e","CBS Gebiedsindelingen 2022 WMS","https://service.pdok.nl/cbs/gebiedsindelingen/2022/wms/v1_0?request=GetCapabilities&service=WMS","view",""https:\/\/eur-lex.europa.eu\/eli\/reg\/2009\/976";"https:\/\/inspire.ec.europa.eu\/documents\/technical-guidance-implementation-inspire-view-services-1"",""Conform verordening; validatie uitgevoerd met de ETF Validator voor INSPIRE view en downloadservices versie 1.4.1";"Conform technische specificatie; Validatie uitgevoerd met de ETF Validator voor INSPIRE view en downloadservices versie 1.4.1"",""true";"true""
"f9b731bb-7929-43e2-b77e-286ee2cc5aaa","CBS Existing Land Use (INSPIRE geharmoniseerd) WMS","https://service.pdok.nl/cbs/landuse/wms/v1_0?request=GetCapabilities&service=WMS","view",""https:\/\/eur-lex.europa.eu\/eli\/reg\/2009\/976";"https:\/\/inspire.ec.europa.eu\/documents\/technical-guidance-implementation-inspire-view-services"",""Conform verordening; validatie uitgevoerd met de ETF Validator voor INSPIRE view en downloadservices versie 1.4.1";"Conform technische specificatie; validatie uitgevoerd met de ETF Validator voor INSPIRE view en downloadservices versie 1.4.1"",""true";"true""
"c289e67a-0969-44e8-ac89-576fd0af7162","Nuts- en Overheidsdiensten - Riool - Milieu management voorziening - RSA (INSPIRE geharmoniseerd) WMS","https://service.pdok.nl/rws/rioolnetwerk-milieumanagementvoorziening/wms/v1_0?request=GetCapabilities&service=WMS","view",""https:\/\/eur-lex.europa.eu\/eli\/reg\/2009\/976";"https:\/\/inspire.ec.europa.eu\/documents\/technical-guidance-implementation-inspire-view-services"",""Conform verordening; validatie uitgevoerd met de ETF Validator voor INSPIRE view en downloadservices versie 1.4.1";"Conform technische specificatie; validatie uitgevoerd met de ETF Validator voor INSPIRE view en downloadservices versie 1.4.1"",""true";"true""
"98de248e-5500-49f5-8bcc-a0a85939ed84","Vervoersnetwerken - Waterwegen - Netwerk (INSPIRE geharmoniseerd) WMS","https://service.pdok.nl/rws/vervoersnetwerken-waterwegen-netwerk/wms/v1_0?request=GetCapabilities&service=WMS","view",""https:\/\/eur-lex.europa.eu\/eli\/reg\/2009\/976";"https:\/\/inspire.ec.europa.eu\/documents\/technical-guidance-implementation-inspire-view-services"",""Conform verordening; validatie uitgevoerd met de ETF Validator voor INSPIRE view en downloadservices versie 1.4.1";"Conform technische specificatie; validatie uitgevoerd met de ETF Validator voor INSPIRE view en downloadservices versie 1.4.1"",""true";"true""
"ba52aae6-ff18-4af9-b966-ca94bdb111e1","Hoofdwegen volgens Richtlijn Omgevingslawaai 2022 (INSPIRE geharmoniseerd) WFS","https://service.pdok.nl/ienw/hoofdwegen-omgevingslawaai-geharmoniseerd/wfs/v1_0?request=GetCapabilities&service=WFS","other",""https:\/\/eur-lex.europa.eu\/eli\/reg\/2010\/1089";"http:\/\/inspire.ec.europa.eu\/id\/ats\/metadata\/2.0\/sds-interoperable";"http:\/\/www.opengis.net\/def\/serviceType\/ogc\/wfs";"http:\/\/inspire.ec.europa.eu\/metadata-codelist\/QualityOfServiceCriteria\/availability";"urn:ogc:def:uom:OGC::percent";"http:\/\/inspire.ec.europa.eu\/metadata-codelist\/QualityOfServiceCriteria\/performance";"http:\/\/www.opengis.net\/def\/uom\/SI\/second";"http:\/\/inspire.ec.europa.eu\/metadata-codelist\/QualityOfServiceCriteria\/capacity";"http:\/\/www.opengis.net\/def\/uom\/OGC\/1.0\/unity"",""Conform verordening; validatie uitgevoerd met de ETF Validator voor INSPIRE view en downloadservices versie 1.4.1";"De service voldoet aan de requirements van de interoperable conformance class";"De service voldoet aan de requirements van de WFS 2.0 conformance class";"Beschikbaarheid op jaarbasis; uitgedrukt in percentage in tijd";"Gemiddelde response tijd; uitgedrukt in seconden";"Maximum aantal gelijktijdige requests per seconde die aan de performance criteria voldoen; uitgedrukt als aantal requests per seconde"",""true";"true";"true""
"d5b7b7dd-4952-4974-9f53-1551aac2204b","Invasieve Exoten (INSPIRE geharmoniseerd) WMS","https://service.pdok.nl/rvo/invasieve-exoten-geharmoniseerd/wms/v2_0?request=GetCapabilities&service=WMS","view",""https:\/\/eur-lex.europa.eu\/eli\/reg\/2009\/976";"https:\/\/inspire.ec.europa.eu\/documents\/technical-guidance-implementation-inspire-view-services"",""Conform verordening; validatie uitgevoerd met de ETF Validator voor INSPIRE view en downloadservices versie 1.4.1";"Conform technische specificatie; validatie uitgevoerd met de ETF Validator voor INSPIRE view en downloadservices versie 1.4.1"",""true";"true""
"f2badb60-3133-4b34-8d47-fbf3b41b9ea3","Habitatrichtlijn verspreiding van soorten OGC API Features","https://api.pdok.nl/rvo/habitatrichtlijn-verspreiding-soorten/ogc/v1","other",""https:\/\/data.europa.eu\/eli\/reg\/2010\/1089";"http:\/\/inspire.ec.europa.eu\/id\/ats\/metadata\/2.0\/sds-invocable";"http:\/\/www.opengis.net\/def\/interface\/ogcapi-features"",""Conform verordening";"De service voldoet aan de requirements van de invocable conformance class";"is conform OGC API features specificatie"",""true";"true";"true""
"b9b34ddc-27fe-47bd-9d05-1344f9de8ebe","Nationaal Hydrologisch Instrumentarium (NHI) WFS","https://service.pdok.nl/rws/nationaal-hydrologisch-instrumentarium-netwerkschematisatie/wfs/v1_0?request=GetCapabilities&service=WFS","other",""https:\/\/eur-lex.europa.eu\/eli\/reg\/2010\/1089";"http:\/\/inspire.ec.europa.eu\/id\/ats\/metadata\/2.0\/sds-invocable";"http:\/\/www.opengis.net\/def\/serviceType\/ogc\/wfs"",""Conform verordening; validatie uitgevoerd met de ETF Validator voor INSPIRE view en downloadservices versie 1.4.1";"De service voldoet aan de requirements van de invocable conformance class";"De service voldoet aan de requirements van de WFS 2.0 conformance class"",""true";"true";"true""
"69958238-d61e-4440-bed2-26d990578835","Richtlijn Stedelijk Afvalwater (RSA) WFS","https://service.pdok.nl/rws/richtlijn-stedelijk-afvalwater/wfs/v2_0?request=GetCapabilities&service=WFS","other",""https:\/\/eur-lex.europa.eu\/eli\/reg\/2010\/1089";"http:\/\/inspire.ec.europa.eu\/id\/ats\/metadata\/2.0\/sds-invocable";"http:\/\/www.opengis.net\/def\/serviceType\/ogc\/wfs"",""Conform verordening; validatie uitgevoerd met de ETF Validator voor INSPIRE view en downloadservices versie 1.4.1";"De service voldoet aan de requirements van de invocable conformance class";"De service voldoet aan de requirements van de WFS 2.0 conformance class"",""true";"true";"true""
"16f60687-7f46-4f58-9d09-f99458c9cd66","CBS Vierkantstatistieken 500m 2000 WMS","https://service.pdok.nl/cbs/vierkantstatistieken500m/2000/wms/v1_0?request=GetCapabilities&service=WMS","view",""https:\/\/eur-lex.europa.eu\/eli\/reg\/2009\/976";"https:\/\/inspire.ec.europa.eu\/documents\/technical-guidance-implementation-inspire-view-services"",""Conform verordening; validatie uitgevoerd met de ETF Validator voor INSPIRE view en downloadservices versie 1.4.1";"Conform technische specificatie; validatie uitgevoerd met de ETF Validator voor INSPIRE view en downloadservices versie 1.4.1"",""true";"true""
"61518417-818c-4b49-92de-20b64510f13e","KRW Grondwaterlichamen (INSPIRE geharmoniseerd) WMS","https://service.pdok.nl/ihw/krw-grondwaterlichamen-geharmoniseerd/wms/v1_0?request=GetCapabilities&service=WMS","view",""https:\/\/eur-lex.europa.eu\/eli\/reg\/2009\/976";"https:\/\/inspire.ec.europa.eu\/documents\/technical-guidance-implementation-inspire-view-services"",""Conform verordening; validatie uitgevoerd met de ETF Validator voor INSPIRE view en downloadservices versie 1.4.1";"Conform technische specificatie; validatie uitgevoerd met de ETF Validator voor INSPIRE view en downloadservices versie 1.4.1"",""true";"true""
"f2c2f113-65d4-4de4-a7d1-d9f4d5ece6d6","CBS Vierkantstatistieken 500m 2020 WMS","https://service.pdok.nl/cbs/vierkantstatistieken500m/2020/wms/v1_0?request=GetCapabilities&service=WMS","view",""https:\/\/eur-lex.europa.eu\/eli\/reg\/2009\/976";"https:\/\/inspire.ec.europa.eu\/documents\/technical-guidance-implementation-inspire-view-services"",""Conform verordening; validatie uitgevoerd met de ETF Validator voor INSPIRE view en downloadservices versie 1.4.1";"Conform technische specificatie; validatie uitgevoerd met de ETF Validator voor INSPIRE view en downloadservices versie 1.4.1"",""true";"true""
"5658e9c0-f3ad-4d11-bfc8-3ecde1d4b529","Nuts- en Overheidsdiensten - Riool - Leidingelementen - RSA (INSPIRE geharmoniseerd) OGC API Features","https://api.pdok.nl/rws/rioolnetwerk-leidingelementen/ogc/v1/","other",""https:\/\/data.europa.eu\/eli\/reg\/2010\/1089";"http:\/\/inspire.ec.europa.eu\/id\/ats\/metadata\/2.0\/sds-interoperable";"http:\/\/www.opengis.net\/def\/interface\/ogcapi-features";"http:\/\/inspire.ec.europa.eu\/metadata-codelist\/QualityOfServiceCriteria\/availability";"urn:ogc:def:uom:OGC::percent";"http:\/\/inspire.ec.europa.eu\/metadata-codelist\/QualityOfServiceCriteria\/performance";"http:\/\/www.opengis.net\/def\/uom\/SI\/second";"http:\/\/inspire.ec.europa.eu\/metadata-codelist\/QualityOfServiceCriteria\/capacity";"http:\/\/www.opengis.net\/def\/uom\/OGC\/1.0\/unity"",""Conform verordening";"De service voldoet aan de requirements van de interoperable conformance class";"is conform OGC API features specificatie";"Beschikbaarheid op jaarbasis; uitgedrukt in percentage in tijd";"Gemiddelde response tijd; uitgedrukt in seconden";"Maximum aantal gelijktijdige requests per seconde die aan de performance criteria voldoen; uitgedrukt als aantal requests per seconde"",""true";"true";"true""
"844507d2-6c7b-4b81-8172-12bfefb14fb6","Waterschappen Hydrografie (INSPIRE geharmoniseerd) OGC API Features","https://api.pdok.nl/hwh/waterschappen-hydrografie/ogc/v1","other",""https:\/\/data.europa.eu\/eli\/reg\/2010\/1089";"http:\/\/inspire.ec.europa.eu\/id\/ats\/metadata\/2.0\/sds-interoperable";"http:\/\/www.opengis.net\/def\/interface\/ogcapi-features";"http:\/\/inspire.ec.europa.eu\/metadata-codelist\/QualityOfServiceCriteria\/availability";"urn:ogc:def:uom:OGC::percent";"http:\/\/inspire.ec.europa.eu\/metadata-codelist\/QualityOfServiceCriteria\/performance";"http:\/\/www.opengis.net\/def\/uom\/SI\/second";"http:\/\/inspire.ec.europa.eu\/metadata-codelist\/QualityOfServiceCriteria\/capacity";"http:\/\/www.opengis.net\/def\/uom\/OGC\/1.0\/unity"",""Conform verordening";"De service voldoet aan de requirements van de interoperable conformance class";"is conform OGC API features specificatie";"Beschikbaarheid op jaarbasis; uitgedrukt in percentage in tijd";"Gemiddelde response tijd; uitgedrukt in seconden";"Maximum aantal gelijktijdige requests per seconde die aan de performance criteria voldoen; uitgedrukt als aantal requests per seconde"",""true";"true";"true""
"311e8509-179c-429e-8faa-8e99ae45f7ce","Waterschappen Hydrografie (INSPIRE geharmoniseerd) WFS","https://service.pdok.nl/hwh/waterschappen-hydrografie/wfs/v2_0?request=GetCapabilities&service=WFS","other",""https:\/\/eur-lex.europa.eu\/eli\/reg\/2010\/1089";"http:\/\/inspire.ec.europa.eu\/id\/ats\/metadata\/2.0\/sds-interoperable";"http:\/\/www.opengis.net\/def\/serviceType\/ogc\/wfs";"http:\/\/inspire.ec.europa.eu\/metadata-codelist\/QualityOfServiceCriteria\/availability";"urn:ogc:def:uom:OGC::percent";"http:\/\/inspire.ec.europa.eu\/metadata-codelist\/QualityOfServiceCriteria\/performance";"http:\/\/www.opengis.net\/def\/uom\/SI\/second";"http:\/\/inspire.ec.europa.eu\/metadata-codelist\/QualityOfServiceCriteria\/capacity";"http:\/\/www.opengis.net\/def\/uom\/OGC\/1.0\/unity"",""Conform verordening; validatie uitgevoerd met de ETF Validator voor INSPIRE view en downloadservices versie 1.4.1";"De service voldoet aan de requirements van de interoperable conformance class";"De service voldoet aan de requirements van de WFS 2.0 conformance class";"Beschikbaarheid op jaarbasis; uitgedrukt in percentage in tijd";"Gemiddelde response tijd; uitgedrukt in seconden";"Maximum aantal gelijktijdige requests per seconde die aan de performance criteria voldoen; uitgedrukt als aantal requests per seconde"",""true";"true";"true""
"30ea6a84-4aaf-4b08-803f-a84cc2d3784a","CBS Vierkantstatistieken 100m 2023 WFS","https://service.pdok.nl/cbs/vierkantstatistieken100m/2023/wfs/v1_0?request=GetCapabilities&service=WFS","other",""https:\/\/data.europa.eu\/eli\/reg\/2010\/1089";"http:\/\/inspire.ec.europa.eu\/id\/ats\/metadata\/2.0\/sds-invocable";"http:\/\/www.opengis.net\/def\/serviceType\/ogc\/wfs"",""Conform verordening";"De service voldoet aan de requirements van de invocable conformance class";"is conform Web Feature Service - 2.0 specificatie"",""true";"true";"true""
"bdcb3d90-5765-4ca8-9420-8d1f136e686a","CBS Vierkantstatistieken 500m 2023 WFS","https://service.pdok.nl/cbs/vierkantstatistieken500m/2023/wfs/v1_0?request=GetCapabilities&service=WFS","other",""https:\/\/data.europa.eu\/eli\/reg\/2010\/1089";"http:\/\/inspire.ec.europa.eu\/id\/ats\/metadata\/2.0\/sds-invocable";"http:\/\/www.opengis.net\/def\/serviceType\/ogc\/wfs"",""Conform verordening";"De service voldoet aan de requirements van de invocable conformance class";"is conform Web Feature Service - 2.0 specificatie"",""true";"true";"true""
"1ce74355-763a-481d-b9d7-aaafbf0d7d53","Habitatrichtlijn verspreiding van soorten WMS","https://service.pdok.nl/rvo/habitatrichtlijn-verspreiding-soorten/wms/v1_0?request=GetCapabilities&service=WMS","view",""https:\/\/eur-lex.europa.eu\/eli\/reg\/2009\/976";"https:\/\/inspire.ec.europa.eu\/documents\/technical-guidance-implementation-inspire-view-services"",""Conform verordening; validatie uitgevoerd met de ETF Validator voor INSPIRE view en downloadservices versie 1.4.1";"Conform technische specificatie; validatie uitgevoerd met de ETF Validator voor INSPIRE view en downloadservices versie 1.4.1"",""true";"true""
"2c606ae3-0290-4369-8991-c6448111ff31","CBS Vierkantstatistieken 100m 2011 WFS","https://service.pdok.nl/cbs/vierkantstatistieken100m/2011/wfs/v1_0?request=GetCapabilities&service=WFS","other",""https:\/\/eur-lex.europa.eu\/eli\/reg\/2010\/1089";"http:\/\/inspire.ec.europa.eu\/id\/ats\/metadata\/2.0\/sds-invocable";"http:\/\/www.opengis.net\/def\/serviceType\/ogc\/wfs"",""Conform verordening; validatie uitgevoerd met de ETF Validator voor INSPIRE view en downloadservices versie 1.4.1";"De service voldoet aan de requirements van de invocable conformance class";"De service voldoet aan de requirements van de WFS 2.0 conformance class"",""true";"true";"true""
"87d11e0f-96de-4b55-93a5-8a90b22e99f6","CBS Vierkantstatistieken 500m 2024 WFS","https://service.pdok.nl/cbs/vierkantstatistieken500m/2024/wfs/v1_0?request=GetCapabilities&service=WFS","other",""https:\/\/data.europa.eu\/eli\/reg\/2010\/1089";"http:\/\/inspire.ec.europa.eu\/id\/ats\/metadata\/2.0\/sds-invocable";"http:\/\/www.opengis.net\/def\/serviceType\/ogc\/wfs"",""Conform verordening";"De service voldoet aan de requirements van de invocable conformance class";"is conform Web Feature Service - 2.0 specificatie"",""true";"true";"true""
"282e4136-612a-4d00-baa2-ebd41721d150","Statistical Units Vector (INSPIRE geharmoniseerd) WMS","https://service.pdok.nl/cbs/statistical-units-vector/wms/v1_0?request=getcapabilities&service=WMS","view",""https:\/\/eur-lex.europa.eu\/eli\/reg\/2009\/976";"https:\/\/inspire.ec.europa.eu\/documents\/technical-guidance-implementation-inspire-view-services"",""Conform verordening; validatie uitgevoerd met de ETF Validator voor INSPIRE view en downloadservices versie 1.4.1";"Conform technische specificatie; validatie uitgevoerd met de ETF Validator voor INSPIRE view en downloadservices versie 1.4.1"",""true";"true""
"0f7fe0b8-0293-4ec5-9d38-742b0209dc76","BRO Grondwatergebruiksysteem (GUF) - Faciliteiten voor productie en industrie (INSPIRE geharmoniseerd) WMS","https://service.pdok.nl/tno/bro-grondwatergebruiksysteem-geharmoniseerd/wms/v1_0?request=GetCapabilities&service=WMS","view",""https:\/\/eur-lex.europa.eu\/eli\/reg\/2009\/976";"https:\/\/inspire.ec.europa.eu\/documents\/technical-guidance-implementation-inspire-view-services"",""Conform verordening; validatie uitgevoerd met de ETF Validator voor INSPIRE view en downloadservices versie 1.4.1";"Conform technische specificatie; validatie uitgevoerd met de ETF Validator voor INSPIRE view en downloadservices versie 1.4.1"",""true";"true""
"1f37a9d3-c27a-44a8-929c-0d178374b955","CBS Vierkantstatistieken 500m 2022 WFS","https://service.pdok.nl/cbs/vierkantstatistieken500m/2022/wfs/v1_0?request=GetCapabilities&service=WFS","other",""https:\/\/eur-lex.europa.eu\/eli\/reg\/2010\/1089";"http:\/\/inspire.ec.europa.eu\/id\/ats\/metadata\/2.0\/sds-invocable";"http:\/\/www.opengis.net\/def\/serviceType\/ogc\/wfs"",""Conform verordening; validatie uitgevoerd met de ETF Validator voor INSPIRE view en downloadservices versie 1.4.1";"De service voldoet aan de requirements van de invocable conformance class";"De service voldoet aan de requirements van de WFS 2.0 conformance class"",""true";"true";"true""
"026ee106-2039-467f-bc0f-bdaceea44e20","CBS Vierkantstatistieken 100m 2024 WFS","https://service.pdok.nl/cbs/vierkantstatistieken100m/2024/wfs/v1_0?request=GetCapabilities&service=WFS","other",""https:\/\/data.europa.eu\/eli\/reg\/2010\/1089";"http:\/\/inspire.ec.europa.eu\/id\/ats\/metadata\/2.0\/sds-invocable";"http:\/\/www.opengis.net\/def\/serviceType\/ogc\/wfs"",""Conform verordening";"De service voldoet aan de requirements van de invocable conformance class";"is conform Web Feature Service - 2.0 specificatie"",""true";"true";"true""
"3d143d7a-7599-4cda-bcc5-619b6201c47b","Begrenzingen van vergunde ontgrondingsgebieden voor zand- en grindwinning (INSPIRE geharmoniseerd) WMS","https://service.pdok.nl/provincies/begrenzingen-vergunde-ontgrondingsgebieden-zand-grindwinning/wms/v1_0?request=GetCapabilities&service=WMS","view",""https:\/\/eur-lex.europa.eu\/eli\/reg\/2009\/976";"https:\/\/inspire.ec.europa.eu\/documents\/technical-guidance-implementation-inspire-view-services-1"",""Conform verordening; validatie uitgevoerd met de ETF Validator voor INSPIRE view en downloadservices versie 1.4.1";"Conform technische specificatie; Validatie uitgevoerd met de ETF Validator voor INSPIRE view en downloadservices versie 1.4.1"",""true";"true""
"f5daab11-ac77-4e71-b864-8bd4bbb26804","Nationaal Beschermde Gebieden (CDDA) WMS","https://service.pdok.nl/rvo/nationaal-beschermde-gebieden-cdda/wms/v1_0?request=GetCapabilities&service=WMS","view",""https:\/\/eur-lex.europa.eu\/eli\/reg\/2009\/976";"https:\/\/inspire.ec.europa.eu\/documents\/technical-guidance-implementation-inspire-view-services"",""Conform verordening; validatie uitgevoerd met de ETF Validator voor INSPIRE view en downloadservices versie 1.4.1";"Conform technische specificatie; validatie uitgevoerd met de ETF Validator voor INSPIRE view en downloadservices versie 1.4.1"",""true";"true""
"df9a5f92-0ca1-4d7d-ace8-aa1a90df8b55","Administratieve Eenheden (INSPIRE geharmoniseerd) OGC API Features","https://api.pdok.nl/kadaster/brk-administratieve-eenheden/ogc/v1","other",""https:\/\/data.europa.eu\/eli\/reg\/2010\/1089";"http:\/\/inspire.ec.europa.eu\/id\/ats\/metadata\/2.0\/sds-interoperable";"http:\/\/www.opengis.net\/def\/interface\/ogcapi-features";"http:\/\/inspire.ec.europa.eu\/metadata-codelist\/QualityOfServiceCriteria\/availability";"urn:ogc:def:uom:OGC::percent";"http:\/\/inspire.ec.europa.eu\/metadata-codelist\/QualityOfServiceCriteria\/performance";"http:\/\/www.opengis.net\/def\/uom\/SI\/second";"http:\/\/inspire.ec.europa.eu\/metadata-codelist\/QualityOfServiceCriteria\/capacity";"http:\/\/www.opengis.net\/def\/uom\/OGC\/1.0\/unity"",""Conform verordening";"De service voldoet aan de requirements van de interoperable conformance class";"is conform OGC API features specificatie";"Beschikbaarheid op jaarbasis; uitgedrukt in percentage in tijd";"Gemiddelde response tijd; uitgedrukt in seconden";"Maximum aantal gelijktijdige requests per seconde die aan de performance criteria voldoen; uitgedrukt als aantal requests per seconde"",""true";"true";"true""
"78e71ad9-4f1f-4eab-a82a-99127e50e5a1","CBS Vierkantstatistieken 100m 2020 WMS","https://service.pdok.nl/cbs/vierkantstatistieken100m/2020/wms/v1_0?request=GetCapabilities&service=WMS","view",""https:\/\/eur-lex.europa.eu\/eli\/reg\/2009\/976";"https:\/\/inspire.ec.europa.eu\/documents\/technical-guidance-implementation-inspire-view-services-1"",""Conform verordening; validatie uitgevoerd met de ETF Validator voor INSPIRE view en downloadservices versie 1.4.1";"Conform technische specificatie; Validatie uitgevoerd met de ETF Validator voor INSPIRE view en downloadservices versie 1.4.1"",""true";"true""
"62e11629-7fdc-4831-bf27-bc179244db43","CBS Vierkantstatistieken 100m 2021 WFS","https://service.pdok.nl/cbs/vierkantstatistieken100m/2021/wfs/v1_0?request=GetCapabilities&service=WFS","other",""https:\/\/eur-lex.europa.eu\/eli\/reg\/2010\/1089";"http:\/\/inspire.ec.europa.eu\/id\/ats\/metadata\/2.0\/sds-invocable";"http:\/\/www.opengis.net\/def\/serviceType\/ogc\/wfs"",""Conform verordening; validatie uitgevoerd met de ETF Validator voor INSPIRE view en downloadservices versie 1.4.1";"De service voldoet aan de requirements van de invocable conformance class";"De service voldoet aan de requirements van de WFS 2.0 conformance class"",""true";"true";"true""
"a67e9b9a-352b-4da8-8254-744aacb93802","CBS Gebiedsindelingen 2026 WMS","https://service.pdok.nl/cbs/gebiedsindelingen/2026/wms/v1_0?request=GetCapabilities&service=WMS","view",""https:\/\/eur-lex.europa.eu\/eli\/reg\/2009\/976";"https:\/\/inspire.ec.europa.eu\/documents\/technical-guidance-implementation-inspire-view-services-1"",""Conform verordening; validatie uitgevoerd met de ETF Validator voor INSPIRE view en downloadservices versie 1.4.1";"Conform technische specificatie; Validatie uitgevoerd met de ETF Validator voor INSPIRE view en downloadservices versie 1.4.1"",""true";"true""
"a452c686-7815-4a25-8570-756fc06e4fb8","Digitaal Topografisch Bestand (DTB) OGC API Features","https://api.pdok.nl/rws/digitaal-topografisch-bestand/ogc/v1/","other",""https:\/\/data.europa.eu\/eli\/reg\/2010\/1089";"http:\/\/inspire.ec.europa.eu\/id\/ats\/metadata\/2.0\/sds-invocable";"http:\/\/www.opengis.net\/def\/interface\/ogcapi-features"",""Conform verordening";"De service voldoet aan de requirements van de invocable conformance class";"is conform OGC API features specificatie"",""true";"true";"true""
"e0fa2ac7-4e65-4d95-a27e-d6a44e8c12e8","Richtlijn Stedelijk Afvalwater (RSA) WMS","https://service.pdok.nl/rws/richtlijn-stedelijk-afvalwater/wms/v2_0?request=GetCapabilities&service=WMS","view",""https:\/\/eur-lex.europa.eu\/eli\/reg\/2009\/976";"https:\/\/inspire.ec.europa.eu\/documents\/technical-guidance-implementation-inspire-view-services"",""Conform verordening; validatie uitgevoerd met de ETF Validator voor INSPIRE view en downloadservices versie 1.4.1";"Conform technische specificatie; validatie uitgevoerd met de ETF Validator voor INSPIRE view en downloadservices versie 1.4.1"",""true";"true""
"275b64ab-34c2-41f8-8904-97812c7f716e","Wetlands (INSPIRE geharmoniseerd) WMS","https://service.pdok.nl/rvo/wetlands-geharmoniseerd/wms/v1_0?request=GetCapabilities&service=WMS","view","#notpresent",""VERORDENING (EG) Nr. 976\/2009 VAN DE COMMISSIE van 19 oktober 2009 tot uitvoering van Richtlijn 2007\/2\/EG van het Europees Parlement en de Raad wat betreft de netwerkdiensten";"Conform verordening; validatie uitgevoerd met de ETF Validator voor INSPIRE view en downloadservices versie 1.4.1";"Technical Guidance for the implementation of INSPIRE View Services v3.1";"Conform technische specificatie; Validatie uitgevoerd met de ETF Validator voor INSPIRE view en downloadservices versie 1.4.1"",""true";"true""
"3b9680cc-f9d2-4d1b-b5dc-180d14d79051","Hoogte Nederland - land - DTM (INSPIRE geharmoniseerd) WCS","https://service.pdok.nl/rws/hoogte-nederland-land-dtm/wcs/v1_0?request=GetCapabilities&service=WCS","download",""http:\/\/data.europa.eu\/eli\/reg\/2009\/976";"https:\/\/inspire.ec.europa.eu\/documents\/technical-guidance-implementation-inspire-download-services"",""Conform verordening";"Conform technische specificatie"",""true";"true""
"f917ffa9-1531-48ea-867e-0d413d85b05a","Digitaal Topografisch Bestand (DTB) WMS","https://service.pdok.nl/rws/digitaal-topografisch-bestand/wms/v1_0?request=GetCapabilities&service=WMS","view",""https:\/\/eur-lex.europa.eu\/eli\/reg\/2009\/976";"https:\/\/inspire.ec.europa.eu\/documents\/technical-guidance-implementation-inspire-view-services-1"",""Conform verordening; validatie uitgevoerd met de ETF Validator voor INSPIRE view en downloadservices versie 1.4.1";"Conform technische specificatie; Validatie uitgevoerd met de ETF Validator voor INSPIRE view en downloadservices versie 1.4.1"",""true";"true""
"6a1c46ee-30ed-4e5e-89b7-6b12b8bc71bf","Hoogte Nederland - land - DTM (INSPIRE geharmoniseerd) WMS","https://service.pdok.nl/rws/hoogte-nederland-land-dtm/wms/v1_0?request=GetCapabilities&service=WMS","view",""http:\/\/data.europa.eu\/eli\/reg\/2009\/976";"https:\/\/inspire.ec.europa.eu\/documents\/technical-guidance-implementation-inspire-view-services-1"",""Conform verordening";"Conform technische specificatie"",""true";"true""
"b3235d11-1c24-4afe-8baf-2f4f15a7d9bd","BRO Grondwatergebruik (GU) - Milieubewakingsvoorzieningen (INSPIRE geharmoniseerd) WMS","https://service.pdok.nl/tno/bro-grondwatergebruik-geharmoniseerd/wms/v1_0?request=GetCapabilities&service=WMS","view",""https:\/\/eur-lex.europa.eu\/eli\/reg\/2009\/976";"https:\/\/inspire.ec.europa.eu\/documents\/technical-guidance-implementation-inspire-view-services"",""Conform verordening; validatie uitgevoerd met de ETF Validator voor INSPIRE view en downloadservices versie 1.4.1";"Conform technische specificatie; validatie uitgevoerd met de ETF Validator voor INSPIRE view en downloadservices versie 1.4.1"",""true";"true""
"c385da38-3b73-4ecd-9f28-baf403432fe2","NWB - Wegen (Nationaal Wegen Bestand) OGC API Features","https://api.pdok.nl/rws/nationaal-wegenbestand-wegen/ogc/v1/","other",""https:\/\/data.europa.eu\/eli\/reg\/2010\/1089";"http:\/\/inspire.ec.europa.eu\/id\/ats\/metadata\/2.0\/sds-invocable";"http:\/\/www.opengis.net\/def\/interface\/ogcapi-features"",""Conform verordening";"De service voldoet aan de requirements van de invocable conformance class";"is conform OGC API features specificatie"",""true";"true";"true""
"ceda1b88-32ac-40b2-a841-71eb041c9427","Potentiekaart reststromen WMS","https://service.pdok.nl/rvo/potentiekaart-reststromen/wms/v1_0?request=GetCapabilities&service=wms","view","#notpresent",""VERORDENING (EG) Nr. 976\/2009 VAN DE COMMISSIE van 19 oktober 2009 tot uitvoering van Richtlijn 2007\/2\/EG van het Europees Parlement en de Raad wat betreft de netwerkdiensten";"Conform verordening; validatie uitgevoerd met de ETF Validator voor INSPIRE view en downloadservices versie 1.4.1";"Technical Guidance for the implementation of INSPIRE View Services v3.1";"Conform technische specificatie; Validatie uitgevoerd met de ETF Validator voor INSPIRE view en downloadservices versie 1.4.1"",""true";"true""
"5bdd032a-f726-44ff-9ce2-701b4cf7a141","Potentieel koude en warmte uit open en gesloten WKO systemen (GJ/ha.jaar) OGC API Features","https://api.pdok.nl/rvo/potentieel-warmte-koude-opslagsystemen/ogc/v1","other",""https:\/\/data.europa.eu\/eli\/reg\/2010\/1089";"http:\/\/inspire.ec.europa.eu\/id\/ats\/metadata\/2.0\/sds-invocable";"http:\/\/www.opengis.net\/def\/interface\/ogcapi-features"",""Conform verordening";"De service voldoet aan de requirements van de invocable conformance class";"is conform OGC API features specificatie"",""true";"true";"true""
"40f04047-3b61-40eb-b026-c1a0caa71881","Potentiekaart reststromen WFS","https://service.pdok.nl/rvo/potentiekaart-reststromen/wfs/v1_0?request=GetCapabilities&service=wfs","other",""https:\/\/eur-lex.europa.eu\/eli\/reg\/2010\/1089";"http:\/\/inspire.ec.europa.eu\/id\/ats\/metadata\/2.0\/sds-invocable"",""Conform verordening; validatie uitgevoerd met de ETF Validator voor INSPIRE view en downloadservices versie 1.4.1";"De service voldoet aan de requirements van de invocable conformance class";"WFS 2.0";"";"";"De service voldoet aan de requirements van de WFS 2.0 conformance class"",""true";"true";"true""
"448cc407-e405-4f07-8260-7489ec3b4f14","CBS Bestand bodemgebruik 2017 WMS","https://service.pdok.nl/cbs/bestand-bodemgebruik-2017/wms/v1_0?request=getCapabilities&service=WMS","view",""https:\/\/eur-lex.europa.eu\/eli\/reg\/2009\/976";"https:\/\/inspire.ec.europa.eu\/documents\/technical-guidance-implementation-inspire-view-services"",""Conform verordening; validatie uitgevoerd met de ETF Validator voor INSPIRE view en downloadservices versie 1.4.1";"Conform technische specificatie; validatie uitgevoerd met de ETF Validator voor INSPIRE view en downloadservices versie 1.4.1"",""true";"true""
"7977f282-433e-41f9-940b-63f5d28ee44c","Stiltegebieden - Provincies (INSPIRE geharmoniseerd) WMS","https://service.pdok.nl/provincies/stiltegebieden/wms/v1_0?request=GetCapabilities&service=WMS","view",""https:\/\/eur-lex.europa.eu\/eli\/reg\/2009\/976";"https:\/\/inspire.ec.europa.eu\/documents\/technical-guidance-implementation-inspire-view-services-1"",""Conform verordening; validatie uitgevoerd met de ETF Validator voor INSPIRE view en downloadservices versie 1.4.1";"Conform technische specificatie; Validatie uitgevoerd met de ETF Validator voor INSPIRE view en downloadservices versie 1.4.1"",""true";"true""
"0f87998b-e629-4ee3-96ad-7c48c3d318bc","CBS Vierkantstatistieken 100m 2017 WMS","https://service.pdok.nl/cbs/vierkantstatistieken100m/2017/wms/v1_0?request=GetCapabilities&service=WMS","view",""https:\/\/eur-lex.europa.eu\/eli\/reg\/2009\/976";"https:\/\/inspire.ec.europa.eu\/documents\/technical-guidance-implementation-inspire-view-services-1"",""Conform verordening; validatie uitgevoerd met de ETF Validator voor INSPIRE view en downloadservices versie 1.4.1";"Conform technische specificatie; Validatie uitgevoerd met de ETF Validator voor INSPIRE view en downloadservices versie 1.4.1"",""true";"true""
"589a9223-7588-4cd7-93aa-5373a12d8cea","Hydrografie (INSPIRE geharmoniseerd) WMS","https://service.pdok.nl/kadaster/brt-hydrografie/wms/v1_0?request=GetCapabilities&service=WMS","view",""https:\/\/eur-lex.europa.eu\/eli\/reg\/2009\/976";"https:\/\/inspire.ec.europa.eu\/documents\/technical-guidance-implementation-inspire-view-services"",""Conform verordening; validatie uitgevoerd met de ETF Validator voor INSPIRE view en downloadservices versie 1.4.1";"Conform technische specificatie; validatie uitgevoerd met de ETF Validator voor INSPIRE view en downloadservices versie 1.4.1"",""true";"true""
"85e7cf82-b0f2-45d6-84d4-154e203ebf70","Wetlands WMS","https://service.pdok.nl/rvo/wetlands/wms/v1_0?request=getcapabilities&service=WMS","view","#notpresent",""VERORDENING (EG) Nr. 976\/2009 VAN DE COMMISSIE van 19 oktober 2009 tot uitvoering van Richtlijn 2007\/2\/EG van het Europees Parlement en de Raad wat betreft de netwerkdiensten";"Metadata is conform specificatie";"VERORDENING (EU) Nr. 1089\/2010 VAN DE COMMISSIE van 23 november 2010 ter uitvoering van Richtlijn 2007\/2\/EG van het Europees Parlement en de Raad betreffende de interoperabiliteit van verzamelingen ruimtelijke gegevens en van diensten met betrekking tot ruimtelijke gegevens";"Metadata is conform specificatie"",""true";"true""
"fbf79e5e-8a76-4b28-9996-bdf9a114f244","Kadastrale Percelen (INSPIRE geharmoniseerd) WFS","https://service.pdok.nl/kadaster/brk-kadastrale-percelen/wfs/v1_0?request=GetCapabilities&service=WFS","other",""https:\/\/eur-lex.europa.eu\/eli\/reg\/2010\/1089";"http:\/\/inspire.ec.europa.eu\/id\/ats\/metadata\/2.0\/sds-interoperable";"http:\/\/www.opengis.net\/def\/serviceType\/ogc\/wfs";"http:\/\/inspire.ec.europa.eu\/metadata-codelist\/QualityOfServiceCriteria\/availability";"urn:ogc:def:uom:OGC::percent";"http:\/\/inspire.ec.europa.eu\/metadata-codelist\/QualityOfServiceCriteria\/performance";"http:\/\/www.opengis.net\/def\/uom\/SI\/second";"http:\/\/inspire.ec.europa.eu\/metadata-codelist\/QualityOfServiceCriteria\/capacity";"http:\/\/www.opengis.net\/def\/uom\/OGC\/1.0\/unity"",""Conform verordening; validatie uitgevoerd met de ETF Validator voor INSPIRE view en downloadservices versie 1.4.1";"De service voldoet aan de requirements van de interoperable conformance class";"De service voldoet aan de requirements van de WFS 2.0 conformance class";"Beschikbaarheid op jaarbasis; uitgedrukt in percentage in tijd";"Gemiddelde response tijd; uitgedrukt in seconden";"Maximum aantal gelijktijdige requests per seconde die aan de performance criteria voldoen; uitgedrukt als aantal requests per seconde"",""true";"true";"true""
"74f560b3-ce64-40e0-94f7-7ff45ed4a14a","CBS Vierkantstatistieken 500m 2001 WFS","https://service.pdok.nl/cbs/vierkantstatistieken500m/2001/wfs/v1_0?request=GetCapabilities&service=WFS","other",""https:\/\/eur-lex.europa.eu\/eli\/reg\/2010\/1089";"http:\/\/inspire.ec.europa.eu\/id\/ats\/metadata\/2.0\/sds-invocable";"http:\/\/www.opengis.net\/def\/serviceType\/ogc\/wfs"",""Conform verordening; validatie uitgevoerd met de ETF Validator voor INSPIRE view en downloadservices versie 1.4.1";"De service voldoet aan de requirements van de invocable conformance class";"De service voldoet aan de requirements van de WFS 2.0 conformance class"",""true";"true";"true""
"0c0b4db6-3d20-4726-bca2-a6bc89f7ad26","Human Health Statistics Netherlands (INSPIRE geharmoniseerd) OGC API Features","https://api.pdok.nl/cbs/human-health-statistics/ogc/v1","other",""https:\/\/data.europa.eu\/eli\/reg\/2010\/1089";"http:\/\/inspire.ec.europa.eu\/id\/ats\/metadata\/2.0\/sds-interoperable";"http:\/\/www.opengis.net\/def\/interface\/ogcapi-features";"http:\/\/inspire.ec.europa.eu\/metadata-codelist\/QualityOfServiceCriteria\/availability";"urn:ogc:def:uom:OGC::percent";"http:\/\/inspire.ec.europa.eu\/metadata-codelist\/QualityOfServiceCriteria\/performance";"http:\/\/www.opengis.net\/def\/uom\/SI\/second";"http:\/\/inspire.ec.europa.eu\/metadata-codelist\/QualityOfServiceCriteria\/capacity";"http:\/\/www.opengis.net\/def\/uom\/OGC\/1.0\/unity"",""Conform verordening";"De service voldoet aan de requirements van de interoperable conformance class";"is conform OGC API features specificatie";"Beschikbaarheid op jaarbasis; uitgedrukt in percentage in tijd";"Gemiddelde response tijd; uitgedrukt in seconden";"Maximum aantal gelijktijdige requests per seconde die aan de performance criteria voldoen; uitgedrukt als aantal requests per seconde"",""true";"true";"true""
"8c622b9a-aab7-4dae-9c5f-c8f9d50d50e9","CBS Vierkantstatistieken 100m OGC API Features","https://api.pdok.nl/cbs/vierkantstatistieken100m/ogc/v1","other",""https:\/\/data.europa.eu\/eli\/reg\/2010\/1089";"http:\/\/inspire.ec.europa.eu\/id\/ats\/metadata\/2.0\/sds-invocable";"http:\/\/www.opengis.net\/def\/interface\/ogcapi-features"",""Conform verordening";"De service voldoet aan de requirements van de invocable conformance class";"is conform OGC API features specificatie"",""true";"true";"true""
"e9ba7d7f-6cd1-4271-bce4-56432924b338","Mosselzaadinvanginstallaties WFS","https://service.pdok.nl/rvo/mosselzaadinvanginstallaties/wfs/v1_0?service=wfs&request=getcapabilities","other",""https:\/\/data.europa.eu\/eli\/reg\/2010\/1089";"http:\/\/inspire.ec.europa.eu\/id\/ats\/metadata\/2.0\/sds-invocable";"http:\/\/www.opengis.net\/def\/serviceType\/ogc\/wfs"",""Conform verordening; validatie uitgevoerd met de ETF Validator voor INSPIRE view en downloadservices versie 1.4.1";"De service voldoet aan de requirements van de invocable conformance class";"De service voldoet aan de requirements van de WFS 2.0 conformance class"",""true";"true";"true""
"598c4109-21d2-4a6c-b083-9975a6736853","Weggegevens (WEGGEG) WMS","https://service.pdok.nl/rws/weggegevens/wms/v1_0?request=GetCapabilities&service=WMS","view",""https:\/\/eur-lex.europa.eu\/eli\/reg\/2009\/976";"https:\/\/inspire.ec.europa.eu\/documents\/technical-guidance-implementation-inspire-view-services"",""Conform verordening; validatie uitgevoerd met de ETF Validator voor INSPIRE view en downloadservices versie 1.4.1";"Conform technische specificatie; validatie uitgevoerd met de ETF Validator voor INSPIRE view en downloadservices versie 1.4.1"",""true";"true""
"27ee1046-8eb4-440f-97e4-274fa51cd870","Vaarweg Netwerk Data Service (VNDS) - bevaarbaarheid WFS","https://service.pdok.nl/rws/vaarweg-netwerk-data-service-bevaarbaarheid/wfs/v2_0?request=GetCapabilities&service=WFS","other",""https:\/\/eur-lex.europa.eu\/eli\/reg\/2010\/1089";"http:\/\/inspire.ec.europa.eu\/id\/ats\/metadata\/2.0\/sds-invocable";"http:\/\/www.opengis.net\/def\/serviceType\/ogc\/wfs"",""Conform verordening; validatie uitgevoerd met de ETF Validator voor INSPIRE view en downloadservices versie 1.4.1";"De service voldoet aan de requirements van de invocable conformance class";"De service voldoet aan de requirements van de WFS 2.0 conformance class"",""true";"true";"true""
"9f6b5ecb-a8fb-49ef-a51c-9395d687430b","Zeegebieden (INSPIRE geharmoniseerd) WFS","https://service.pdok.nl/kadaster/brt-zeegebieden/wfs/v1_0?request=GetCapabilities&service=WFS","other",""https:\/\/eur-lex.europa.eu\/eli\/reg\/2010\/1089";"http:\/\/inspire.ec.europa.eu\/id\/ats\/metadata\/2.0\/sds-interoperable";"http:\/\/www.opengis.net\/def\/serviceType\/ogc\/wfs";"http:\/\/inspire.ec.europa.eu\/metadata-codelist\/QualityOfServiceCriteria\/availability";"urn:ogc:def:uom:OGC::percent";"http:\/\/inspire.ec.europa.eu\/metadata-codelist\/QualityOfServiceCriteria\/performance";"http:\/\/www.opengis.net\/def\/uom\/SI\/second";"http:\/\/inspire.ec.europa.eu\/metadata-codelist\/QualityOfServiceCriteria\/capacity";"http:\/\/www.opengis.net\/def\/uom\/OGC\/1.0\/unity"",""Conform verordening; validatie uitgevoerd met de ETF Validator voor INSPIRE view en downloadservices versie 1.4.1";"De service voldoet aan de requirements van de interoperable conformance class";"De service voldoet aan de requirements van de WFS 2.0 conformance class";"Beschikbaarheid op jaarbasis; uitgedrukt in percentage in tijd";"Gemiddelde response tijd; uitgedrukt in seconden";"Maximum aantal gelijktijdige requests per seconde die aan de performance criteria voldoen; uitgedrukt als aantal requests per seconde"",""true";"true";"true""
"ec1faa6d-2779-42b8-82f8-6d516dcc868f","Natura 2000 (INSPIRE geharmoniseerd) WMS","https://service.pdok.nl/rvo/natura2000-geharmoniseerd/wms/v2_0?request=GetCapabilities&service=WMS","view",""https:\/\/eur-lex.europa.eu\/eli\/reg\/2009\/976";"https:\/\/inspire.ec.europa.eu\/documents\/technical-guidance-implementation-inspire-view-services"",""Conform verordening; validatie uitgevoerd met de ETF Validator voor INSPIRE view en downloadservices versie 1.4.1";"Conform technische specificatie; validatie uitgevoerd met de ETF Validator voor INSPIRE view en downloadservices versie 1.4.1"",""true";"true""
"512b60f2-6ebc-47c1-8683-215bd72c2294","CBS Vierkantstatistieken 500m 2010 WMS","https://service.pdok.nl/cbs/vierkantstatistieken500m/2010/wms/v1_0?request=GetCapabilities&service=WMS","view",""https:\/\/eur-lex.europa.eu\/eli\/reg\/2009\/976";"https:\/\/inspire.ec.europa.eu\/documents\/technical-guidance-implementation-inspire-view-services"",""Conform verordening; validatie uitgevoerd met de ETF Validator voor INSPIRE view en downloadservices versie 1.4.1";"Conform technische specificatie; validatie uitgevoerd met de ETF Validator voor INSPIRE view en downloadservices versie 1.4.1"",""true";"true""
"7c77bdc8-5011-4139-8957-d244fb9d3489","NWB - Vaarwegen (Nationaal Wegen Bestand) WFS","https://service.pdok.nl/rws/nationaal-wegenbestand-vaarwegen/wfs/v1_0?request=GetCapabilities&service=WFS","other",""https:\/\/eur-lex.europa.eu\/eli\/reg\/2010\/1089";"http:\/\/inspire.ec.europa.eu\/id\/ats\/metadata\/2.0\/sds-invocable";"http:\/\/www.opengis.net\/def\/serviceType\/ogc\/wfs"",""Conform verordening; validatie uitgevoerd met de ETF Validator voor INSPIRE view en downloadservices versie 1.4.1";"De service voldoet aan de requirements van de invocable conformance class";"De service voldoet aan de requirements van de WFS 2.0 conformance class"",""true";"true";"true""
"57af3675-efc5-453b-bd66-c9be4a4a0c16","BRO - Bodemkundig booronderzoek (BHR-P) - Bodem (INSPIRE geharmoniseerd) WMS","https://service.pdok.nl/tno/bro-bodemkundig-booronderzoek-bodem-geharmoniseerd/wms/v1_0?request=GetCapabilities&service=WMS","view",""https:\/\/eur-lex.europa.eu\/eli\/reg\/2009\/976";"https:\/\/inspire.ec.europa.eu\/documents\/technical-guidance-implementation-inspire-view-services"",""Conform verordening; validatie uitgevoerd met de ETF Validator voor INSPIRE view en downloadservices versie 1.4.1";"Conform technische specificatie; validatie uitgevoerd met de ETF Validator voor INSPIRE view en downloadservices versie 1.4.1"",""true";"true""
"b87a0095-2ad7-4dbb-81a1-fed060df79e1","Nationale Parken WFS","https://service.pdok.nl/rvo/nationale-parken/wfs/v2_0?request=GetCapabilities&service=WFS","download",""https:\/\/eur-lex.europa.eu\/eli\/reg\/2009\/976";"https:\/\/inspire.ec.europa.eu\/documents\/technical-guidance-implementation-inspire-download-services"",""Conform verordening; validatie uitgevoerd met de ETF Validator voor INSPIRE view en downloadservices versie 1.4.1";"Conform technische specificatie; Validatie uitgevoerd met de ETF Validator voor INSPIRE view en downloadservices versie 1.4.1"",""true";"true""
"e258f171-6f56-4d4d-8311-027b30213c2d","Kadastrale Percelen (INSPIRE geharmoniseerd) WMS","https://service.pdok.nl/kadaster/brk-kadastrale-percelen/wms/v1_0?request=GetCapabilities&service=WMS","view",""https:\/\/eur-lex.europa.eu\/eli\/reg\/2009\/976";"https:\/\/inspire.ec.europa.eu\/documents\/technical-guidance-implementation-inspire-view-services-1"",""Conform verordening; validatie uitgevoerd met de ETF Validator voor INSPIRE view en downloadservices versie 1.4.1";"Conform technische specificatie; Validatie uitgevoerd met de ETF Validator voor INSPIRE view en downloadservices versie 1.4.1"",""true";"true""
"f311b050-a50d-4111-92bb-a5ccd51c54b5","Nationale Parken OGC API Features","https://api.pdok.nl/rvo/nationale-parken/ogc/v1","other",""https:\/\/data.europa.eu\/eli\/reg\/2010\/1089";"http:\/\/inspire.ec.europa.eu\/id\/ats\/metadata\/2.0\/sds-invocable";"http:\/\/www.opengis.net\/def\/interface\/ogcapi-features"",""Conform verordening";"De service voldoet aan de requirements van de invocable conformance class";"is conform OGC API features specificatie"",""true";"true";"true""
"89b35a6c-c099-456b-8eaf-2b83c7a35c74","Nationale Parken (INSPIRE geharmoniseerd) WMS","https://service.pdok.nl/rvo/nationale-parken-geharmoniseerd/wms/v1_0?request=GetCapabilities&service=WMS","view","#notpresent",""VERORDENING (EG) Nr. 976\/2009 VAN DE COMMISSIE van 19 oktober 2009 tot uitvoering van Richtlijn 2007\/2\/EG van het Europees Parlement en de Raad wat betreft de netwerkdiensten";"Conform verordening; validatie uitgevoerd met de ETF Validator voor INSPIRE view en downloadservices versie 1.4.1";"Technical Guidance for the implementation of INSPIRE View Services v3.1";"Conform technische specificatie; Validatie uitgevoerd met de ETF Validator voor INSPIRE view en downloadservices versie 1.4.1"",""true";"true""
"973d494b-184f-4edb-8a67-c96283415783","Bodemgebruik - Land Cover (INSPIRE geharmoniseerd) WFS","https://service.pdok.nl/kadaster/brt-bodemgebruik/wfs/v1_0?request=GetCapabilities&service=WFS","other",""https:\/\/eur-lex.europa.eu\/eli\/reg\/2010\/1089";"http:\/\/inspire.ec.europa.eu\/id\/ats\/metadata\/2.0\/sds-interoperable";"http:\/\/www.opengis.net\/def\/serviceType\/ogc\/wfs";"http:\/\/inspire.ec.europa.eu\/metadata-codelist\/QualityOfServiceCriteria\/availability";"urn:ogc:def:uom:OGC::percent";"http:\/\/inspire.ec.europa.eu\/metadata-codelist\/QualityOfServiceCriteria\/performance";"http:\/\/www.opengis.net\/def\/uom\/SI\/second";"http:\/\/inspire.ec.europa.eu\/metadata-codelist\/QualityOfServiceCriteria\/capacity";"http:\/\/www.opengis.net\/def\/uom\/OGC\/1.0\/unity"",""Conform verordening; validatie uitgevoerd met de ETF Validator voor INSPIRE view en downloadservices versie 1.4.1";"De service voldoet aan de requirements van de interoperable conformance class";"De service voldoet aan de requirements van de WFS 2.0 conformance class";"Beschikbaarheid op jaarbasis; uitgedrukt in percentage in tijd";"Gemiddelde response tijd; uitgedrukt in seconden";"Maximum aantal gelijktijdige requests per seconde die aan de performance criteria voldoen; uitgedrukt als aantal requests per seconde"",""true";"true";"true""
"871a58f8-c9f1-41a4-be37-0f059e0f886f","Waterschappen Hydrografie (INSPIRE geharmoniseerd) WMS","https://service.pdok.nl/hwh/waterschappen-hydrografie/wms/v2_0?request=GetCapabilities&service=WMS","view",""https:\/\/eur-lex.europa.eu\/eli\/reg\/2009\/976";"https:\/\/inspire.ec.europa.eu\/documents\/technical-guidance-implementation-inspire-view-services"",""Conform verordening; validatie uitgevoerd met de ETF Validator voor INSPIRE view en downloadservices versie 1.4.1";"Conform technische specificatie; validatie uitgevoerd met de ETF Validator voor INSPIRE view en downloadservices versie 1.4.1"",""true";"true""
"3c71cf77-fea5-4cc9-96db-66c5cc301a4e","CBS Vierkantstatistieken 500m 2011 WFS","https://service.pdok.nl/cbs/vierkantstatistieken500m/2011/wfs/v1_0?request=GetCapabilities&service=WFS","other",""https:\/\/eur-lex.europa.eu\/eli\/reg\/2010\/1089";"http:\/\/inspire.ec.europa.eu\/id\/ats\/metadata\/2.0\/sds-invocable";"http:\/\/www.opengis.net\/def\/serviceType\/ogc\/wfs"",""Conform verordening; validatie uitgevoerd met de ETF Validator voor INSPIRE view en downloadservices versie 1.4.1";"De service voldoet aan de requirements van de invocable conformance class";"De service voldoet aan de requirements van de WFS 2.0 conformance class"",""true";"true";"true""
"1adacbe0-93de-46db-be3b-04601bdd1327","CBS Gebiedsindelingen OGC API Features","https://api.pdok.nl/cbs/gebiedsindelingen/ogc/v1","other",""https:\/\/data.europa.eu\/eli\/reg\/2010\/1089";"http:\/\/inspire.ec.europa.eu\/id\/ats\/metadata\/2.0\/sds-invocable";"http:\/\/www.opengis.net\/def\/interface\/ogcapi-features"",""Conform verordening";"De service voldoet aan de requirements van de invocable conformance class";"is conform OGC API features specificatie"",""true";"true";"true""
"2e5571fb-c840-4d84-8224-62ee7293b2b3","Grondwaterbeschermingsgebieden (INSPIRE geharmoniseerd) WMS","https://service.pdok.nl/provincies/grondwaterbeschermingsgebieden/wms/v1_0?request=getcapabilities&service=WMS","view",""https:\/\/eur-lex.europa.eu\/eli\/reg\/2009\/976";"https:\/\/inspire.ec.europa.eu\/documents\/technical-guidance-implementation-inspire-view-services-1"",""Conform verordening; validatie uitgevoerd met de ETF Validator voor INSPIRE view en downloadservices versie 1.4.1";"Conform technische specificatie; Validatie uitgevoerd met de ETF Validator voor INSPIRE view en downloadservices versie 1.4.1"",""true";"true""
"56b2cb4b-1ea8-4763-a040-b5f0eed13716","Natura 2000 OGC API Features","https://api.pdok.nl/rvo/natura2000/ogc/v1","other",""https:\/\/data.europa.eu\/eli\/reg\/2010\/1089";"http:\/\/inspire.ec.europa.eu\/id\/ats\/metadata\/2.0\/sds-invocable";"http:\/\/www.opengis.net\/def\/interface\/ogcapi-features"",""Conform verordening";"De service voldoet aan de requirements van de invocable conformance class";"is conform OGC API features specificatie"",""true";"true";"true""
"609d0c9e-173f-4f90-b020-c91ab3a0b6ef","RD info WMS","https:\/\/service.pdok.nl\/kadaster\/rdinfo\/wms\/v1_0?request=getcapabilities&service=WMS","view","#notpresent",""VERORDENING (EG) Nr. 976\/2009 VAN DE COMMISSIE van 19 oktober 2009 tot uitvoering van Richtlijn 2007\/2\/EG van het Europees Parlement en de Raad wat betreft de netwerkdiensten";"Conform verordening; validatie uitgevoerd met de ETF Validator voor INSPIRE view en downloadservices versie 1.4.1";"Technical Guidance for the implementation of INSPIRE View Services v3.11";"Conform technische specificatie; Validatie uitgevoerd met de ETF Validator voor INSPIRE view en downloadservices versie 1.4.1"",""true";"true""
"da643310-e376-4c1d-b478-df62e54b8122","Referentiepercelen OGC API Features","https://api.pdok.nl/rvo/referentiepercelen/ogc/v1","other",""https:\/\/data.europa.eu\/eli\/reg\/2010\/1089";"http:\/\/inspire.ec.europa.eu\/id\/ats\/metadata\/2.0\/sds-invocable";"http:\/\/www.opengis.net\/def\/interface\/ogcapi-features"",""Conform verordening";"De service voldoet aan de requirements van de invocable conformance class";"is conform OGC API features specificatie"",""true";"true";"true""
"1dbe13ad-d92c-448e-8ec7-4b5c9e99e59a","Nationale Parken (INSPIRE geharmoniseerd) OGC API Features","https://api.pdok.nl/rvo/nationale-parken-geharmoniseerd/ogc/v1","other",""https:\/\/data.europa.eu\/eli\/reg\/2010\/1089";"http:\/\/inspire.ec.europa.eu\/id\/ats\/metadata\/2.0\/sds-interoperable";"http:\/\/www.opengis.net\/def\/interface\/ogcapi-features";"http:\/\/inspire.ec.europa.eu\/metadata-codelist\/QualityOfServiceCriteria\/availability";"urn:ogc:def:uom:OGC::percent";"http:\/\/inspire.ec.europa.eu\/metadata-codelist\/QualityOfServiceCriteria\/performance";"http:\/\/www.opengis.net\/def\/uom\/SI\/second";"http:\/\/inspire.ec.europa.eu\/metadata-codelist\/QualityOfServiceCriteria\/capacity";"http:\/\/www.opengis.net\/def\/uom\/OGC\/1.0\/unity"",""Conform verordening";"De service voldoet aan de requirements van de interoperable conformance class";"is conform OGC API features specificatie";"Beschikbaarheid op jaarbasis; uitgedrukt in percentage in tijd";"Gemiddelde response tijd; uitgedrukt in seconden";"Maximum aantal gelijktijdige requests per seconde die aan de performance criteria voldoen; uitgedrukt als aantal requests per seconde"",""true";"true";"true""
"6bb03cf0-8954-11f0-8de9-0242ac120002","Hoofd Luchtvervoersnetwerk volgens Richtlijn Omgevingslawaai 2022 (INSPIRE geharmoniseerd) OGC API Features","https://api.pdok.nl/ienw/hoofd-luchtvervoersnetwerk-omgevingslawaai-geharmoniseerd/ogc/v1","other",""https:\/\/data.europa.eu\/eli\/reg\/2010\/1089";"http:\/\/inspire.ec.europa.eu\/id\/ats\/metadata\/2.0\/sds-interoperable";"http:\/\/www.opengis.net\/def\/interface\/ogcapi-features";"http:\/\/inspire.ec.europa.eu\/metadata-codelist\/QualityOfServiceCriteria\/availability";"urn:ogc:def:uom:OGC::percent";"http:\/\/inspire.ec.europa.eu\/metadata-codelist\/QualityOfServiceCriteria\/performance";"http:\/\/www.opengis.net\/def\/uom\/SI\/second";"http:\/\/inspire.ec.europa.eu\/metadata-codelist\/QualityOfServiceCriteria\/capacity";"http:\/\/www.opengis.net\/def\/uom\/OGC\/1.0\/unity"",""Conform verordening";"De service voldoet aan de requirements van de interoperable conformance class";"is conform OGC API features specificatie";"Beschikbaarheid op jaarbasis; uitgedrukt in percentage in tijd";"Gemiddelde response tijd; uitgedrukt in seconden";"Maximum aantal gelijktijdige requests per seconde die aan de performance criteria voldoen; uitgedrukt als aantal requests per seconde"",""true";"true";"true""
"a57c1e86-becb-4e3f-b0ad-6d02cea5583d","Zwemwaterkwaliteit (Provinciaal en Rijkswateren) (INSPIRE geharmoniseerd) WMS","https://service.pdok.nl/provincies/zwemwaterkwaliteit-provinciaal-rijkswateren/wms/v1_0?request=GetCapabilities&service=WMS","view",""https:\/\/eur-lex.europa.eu\/eli\/reg\/2009\/976";"https:\/\/inspire.ec.europa.eu\/documents\/technical-guidance-implementation-inspire-view-services-1"",""Conform verordening; validatie uitgevoerd met de ETF Validator voor INSPIRE view en downloadservices versie 1.4.1";"Conform technische specificatie; Validatie uitgevoerd met de ETF Validator voor INSPIRE view en downloadservices versie 1.4.1"",""true";"true""
"8abcd2d1-3beb-43e5-a572-2b2da05a0a98","Nationaal Hydrologisch Instrumentarium (NHI) WMS","https://service.pdok.nl/rws/nationaal-hydrologisch-instrumentarium-netwerkschematisatie/wms/v1_0?request=GetCapabilities&service=WMS","view",""https:\/\/eur-lex.europa.eu\/eli\/reg\/2009\/976";"https:\/\/inspire.ec.europa.eu\/documents\/technical-guidance-implementation-inspire-view-services"",""Conform verordening; validatie uitgevoerd met de ETF Validator voor INSPIRE view en downloadservices versie 1.4.1";"Conform technische specificatie; validatie uitgevoerd met de ETF Validator voor INSPIRE view en downloadservices versie 1.4.1"",""true";"true""
"d7a395a2-8673-4794-a5a6-fed6492cd580","Luchtfoto Beeldmateriaal 25cm en 8 en 5cm Infrarood WMS","https:\/\/service.pdok.nl\/hwh\/luchtfotocir\/wms\/v1_0?request=GetCapabilities&service=wms","view","#notpresent",""VERORDENING (EG) Nr. 976\/2009 VAN DE COMMISSIE van 19 oktober 2009 tot uitvoering van Richtlijn 2007\/2\/EG van het Europees Parlement en de Raad wat betreft de netwerkdiensten";"Conform verordening; validatie uitgevoerd met de ETF Validator voor INSPIRE view en downloadservices versie 1.4.1";"Technical Guidance for the implementation of INSPIRE View Services";"Conform technische specificatie; Validatie uitgevoerd met de ETF Validator voor INSPIRE view en downloadservices versie 1.4.1"",""true";"true""
"47fa281b-5352-439b-bd7c-5d7efb59673e","KRW Oppervlaktewaterlichamen (INSPIRE geharmoniseerd) WMS","https://service.pdok.nl/ihw/krw-oppervlaktewaterlichamen-geharmoniseerd/wms/v1_0?request=GetCapabilities&service=WMS","view",""https:\/\/eur-lex.europa.eu\/eli\/reg\/2009\/976";"https:\/\/inspire.ec.europa.eu\/documents\/technical-guidance-implementation-inspire-view-services"",""Conform verordening; validatie uitgevoerd met de ETF Validator voor INSPIRE view en downloadservices versie 1.4.1";"Conform technische specificatie; validatie uitgevoerd met de ETF Validator voor INSPIRE view en downloadservices versie 1.4.1"",""true";"true""
"f7bcefa1-6878-4eb7-b65a-d19b23b49f96","Waterschappen Administratieve eenheden (INSPIRE geharmoniseerd) WMS","https://service.pdok.nl/hwh/waterschappen-administratieve-eenheden/wms/v1_0?request=GetCapabilities&service=WMS","view",""https:\/\/eur-lex.europa.eu\/eli\/reg\/2009\/976";"https:\/\/inspire.ec.europa.eu\/documents\/technical-guidance-implementation-inspire-view-services"",""Conform verordening; validatie uitgevoerd met de ETF Validator voor INSPIRE view en downloadservices versie 1.4.1";"Conform technische specificatie; validatie uitgevoerd met de ETF Validator voor INSPIRE view en downloadservices versie 1.4.1"",""true";"true""
"e6c18185-719e-4729-8131-798dd9a69e8d","Zwemwater (Provinciaal en Rijkswateren) (INSPIRE geharmoniseerd) WMS","https://service.pdok.nl/provincies/zwemwater-provinciaal-rijkswateren/wms/v1_0?request=GetCapabilities&service=WMS","view",""https:\/\/eur-lex.europa.eu\/eli\/reg\/2009\/976";"https:\/\/inspire.ec.europa.eu\/documents\/technical-guidance-implementation-inspire-view-services-1"",""Conform verordening; validatie uitgevoerd met de ETF Validator voor INSPIRE view en downloadservices versie 1.4.1";"Conform technische specificatie; Validatie uitgevoerd met de ETF Validator voor INSPIRE view en downloadservices versie 1.4.1"",""true";"true""
"d556f31b-97f1-467f-9451-096004a30067","Publiekrechtelijke beperkingen WFS","https://service.pdok.nl/kadaster/brk-publiekrechtelijke-beperkingen-wkpb/wfs/v1_0?request=GetCapabilities&service=WFS","other",""http:\/\/data.europa.eu\/eli\/reg\/2010\/1089";"http:\/\/inspire.ec.europa.eu\/id\/ats\/metadata\/2.0\/sds-invocable";"http:\/\/www.opengis.net\/def\/serviceType\/ogc\/wfs";"";"urn:ogc:def:uom:OGC::percent";"";"http:\/\/www.opengis.net\/def\/uom\/SI\/second";"";"http:\/\/www.opengis.net\/def\/uom\/OGC\/1.0\/unity"",""Conform verordening";"De service voldoet aan de requirements van de invocable conformance class";"is conform Web Feature Service - 2.0 specificatie";"Beschikbaarheid op jaarbasis; uitgedrukt in percentage in tijd";"Gemiddelde response tijd; uitgedrukt in seconden";"Maximum aantal gelijktijdige requests per seconde die aan de performance criteria voldoen; uitgedrukt als aantal requests per seconde"",""true";"true";"true""
"77dcfb9a-5ac4-4ae1-beb1-b75ad47d4c7b","CBS Vierkantstatistieken 500m 1971 WMS","https://service.pdok.nl/cbs/vierkantstatistieken500m/1971/wms/v1_0?request=GetCapabilities&service=WMS","view",""https:\/\/eur-lex.europa.eu\/eli\/reg\/2009\/976";"https:\/\/inspire.ec.europa.eu\/documents\/technical-guidance-implementation-inspire-view-services"",""Conform verordening; validatie uitgevoerd met de ETF Validator voor INSPIRE view en downloadservices versie 1.4.1";"Conform technische specificatie; validatie uitgevoerd met de ETF Validator voor INSPIRE view en downloadservices versie 1.4.1"",""true";"true""
"1d518d10-4828-11f0-9fe2-0242ac120002","CBS Bestand Bodemgebruik 2017 OGC API Features","https://api.pdok.nl/cbs/bestand-bodemgebruik-2017/ogc/v1","other",""https:\/\/data.europa.eu\/eli\/reg\/2010\/1089";"http:\/\/inspire.ec.europa.eu\/id\/ats\/metadata\/2.0\/sds-invocable";"http:\/\/www.opengis.net\/def\/interface\/ogcapi-features"",""Conform verordening";"De service voldoet aan de requirements van de invocable conformance class";"is conform OGC API features specificatie"",""true";"true";"true""
"e68b46cd-7a42-41d3-89e4-051e56209f35","Vaarweg Netwerk Data Service (VNDS) - bevaarbaarheid WMS","https://service.pdok.nl/rws/vaarweg-netwerk-data-service-bevaarbaarheid/wms/v2_0?request=GetCapabilities&service=WMS","view",""https:\/\/eur-lex.europa.eu\/eli\/reg\/2009\/976";"https:\/\/inspire.ec.europa.eu\/documents\/technical-guidance-implementation-inspire-view-services"",""Conform verordening; validatie uitgevoerd met de ETF Validator voor INSPIRE view en downloadservices versie 1.4.1";"Conform technische specificatie; validatie uitgevoerd met de ETF Validator voor INSPIRE view en downloadservices versie 1.4.1"",""true";"true""
"a508559e-31c4-4809-8f5d-6efcadf555c9","Nuts- en Overheidsdiensten - Riool - Leidingelementen - RSA (INSPIRE geharmoniseerd) WMS","https://service.pdok.nl/rws/rioolnetwerk-leidingelementen/wms/v1_0?request=GetCapabilities&service=WMS","view",""https:\/\/eur-lex.europa.eu\/eli\/reg\/2009\/976";"https:\/\/inspire.ec.europa.eu\/documents\/technical-guidance-implementation-inspire-view-services"",""Conform verordening; validatie uitgevoerd met de ETF Validator voor INSPIRE view en downloadservices versie 1.4.1";"Conform technische specificatie; validatie uitgevoerd met de ETF Validator voor INSPIRE view en downloadservices versie 1.4.1"",""true";"true""
"1b35425c-c1ed-431d-9250-42b7d7bb028f","Faciliteiten voor productie en industrie - Productie-installaties - REV (INSPIRE geharmoniseerd) WMS","https://service.pdok.nl/rws/productie-en-industrie-productie-installaties/wms/v1_0?request=GetCapabilities&service=WMS","view",""https:\/\/eur-lex.europa.eu\/eli\/reg\/2009\/976";"https:\/\/inspire.ec.europa.eu\/documents\/technical-guidance-implementation-inspire-view-services"",""Conform verordening; validatie uitgevoerd met de ETF Validator voor INSPIRE view en downloadservices versie 1.4.1";"Conform technische specificatie; validatie uitgevoerd met de ETF Validator voor INSPIRE view en downloadservices versie 1.4.1"",""true";"true""
"a9a8e1cf-3f4e-4067-9842-ea2a6f2d2ed9","Gepland Landgebruik (INSPIRE geharmoniseerd) WMS","https://service.pdok.nl/kadaster/ruimtelijke-plannen-gepland-landgebruik/wms/v1_0?request=GetCapabilities&service=WMS","view",""https:\/\/eur-lex.europa.eu\/eli\/reg\/2009\/976";"https:\/\/inspire.ec.europa.eu\/documents\/technical-guidance-implementation-inspire-view-services"",""Conform verordening; validatie uitgevoerd met de ETF Validator voor INSPIRE view en downloadservices versie 1.4.1";"Conform technische specificatie; validatie uitgevoerd met de ETF Validator voor INSPIRE view en downloadservices versie 1.4.1"",""true";"true""
"82a98057-861b-4c69-9b8e-fe1a7d7bdd29","Provinciaal Landschapsbeleid - Provincies (INSPIRE geharmoniseerd) WMS","https://service.pdok.nl/provincies/provinciaal-landschapsbeleid/wms/v1_0?request=getcapabilities&service=WMS","view",""https:\/\/eur-lex.europa.eu\/eli\/reg\/2009\/976";"https:\/\/inspire.ec.europa.eu\/documents\/technical-guidance-implementation-inspire-view-services-1"",""Conform verordening; validatie uitgevoerd met de ETF Validator voor INSPIRE view en downloadservices versie 1.4.1";"Conform technische specificatie; Validatie uitgevoerd met de ETF Validator voor INSPIRE view en downloadservices versie 1.4.1"",""true";"true""
"e4145cb9-ee15-4ffd-aebd-962cf2424290","Gebieden met Natuurrisico's - Overstromingen - Risicogebied - Richtlijn Overstromingsrisico's (ROR) (INSPIRE geharmoniseerd) WMS","https://service.pdok.nl/rws/overstromingen-risicogebied/wms/v1_0?request=GetCapabilities&service=WMS","view",""https:\/\/eur-lex.europa.eu\/eli\/reg\/2009\/976";"https:\/\/inspire.ec.europa.eu\/documents\/technical-guidance-implementation-inspire-view-services"",""Conform verordening; validatie uitgevoerd met de ETF Validator voor INSPIRE view en downloadservices versie 1.4.1";"Conform technische specificatie; validatie uitgevoerd met de ETF Validator voor INSPIRE view en downloadservices versie 1.4.1"",""true";"true""
"8b5d9630-f9d1-4d8f-af3d-731e9bfd352a","Faciliteiten voor productie en industrie - Productie-installaties - REV (INSPIRE geharmoniseerd) OGC API Features","https://api.pdok.nl/rws/productie-en-industrie-productie-installaties/ogc/v1","other",""https:\/\/data.europa.eu\/eli\/reg\/2010\/1089";"http:\/\/inspire.ec.europa.eu\/id\/ats\/metadata\/2.0\/sds-interoperable";"http:\/\/www.opengis.net\/def\/interface\/ogcapi-features";"http:\/\/inspire.ec.europa.eu\/metadata-codelist\/QualityOfServiceCriteria\/availability";"urn:ogc:def:uom:OGC::percent";"http:\/\/inspire.ec.europa.eu\/metadata-codelist\/QualityOfServiceCriteria\/performance";"http:\/\/www.opengis.net\/def\/uom\/SI\/second";"http:\/\/inspire.ec.europa.eu\/metadata-codelist\/QualityOfServiceCriteria\/capacity";"http:\/\/www.opengis.net\/def\/uom\/OGC\/1.0\/unity"",""Conform verordening";"De service voldoet aan de requirements van de interoperable conformance class";"is conform OGC API features specificatie";"Beschikbaarheid op jaarbasis; uitgedrukt in percentage in tijd";"Gemiddelde response tijd; uitgedrukt in seconden";"Maximum aantal gelijktijdige requests per seconde die aan de performance criteria voldoen; uitgedrukt als aantal requests per seconde"",""true";"true";"true""
"b3b7b405-00d2-4bda-b237-1fa9618dc9ab","CBS Vierkantstatistieken 500m 2002 WMS","https://service.pdok.nl/cbs/vierkantstatistieken500m/2002/wms/v1_0?request=GetCapabilities&service=WMS","view",""https:\/\/eur-lex.europa.eu\/eli\/reg\/2009\/976";"https:\/\/inspire.ec.europa.eu\/documents\/technical-guidance-implementation-inspire-view-services"",""Conform verordening; validatie uitgevoerd met de ETF Validator voor INSPIRE view en downloadservices versie 1.4.1";"Conform technische specificatie; validatie uitgevoerd met de ETF Validator voor INSPIRE view en downloadservices versie 1.4.1"",""true";"true""
"54361b1e-ccea-4121-9616-fcdc9e5f2877","BRO - Geotechnisch sondeeronderzoek (CPT) - Geologie (INSPIRE geharmoniseerd) WMS","https://service.pdok.nl/tno/bro-geotechnisch-sondeeronderzoek-geharmoniseerd/wms/v1_0?request=GetCapabilities&service=WMS","view",""https:\/\/eur-lex.europa.eu\/eli\/reg\/2009\/976";"https:\/\/inspire.ec.europa.eu\/documents\/technical-guidance-implementation-inspire-view-services"",""Conform verordening; validatie uitgevoerd met de ETF Validator voor INSPIRE view en downloadservices versie 1.4.1";"Conform technische specificatie; validatie uitgevoerd met de ETF Validator voor INSPIRE view en downloadservices versie 1.4.1"",""true";"true""
"7e21e857-9e3f-4055-83fd-ad811db31549","CBS Vierkantstatistieken 100m 2024 WMS","https://service.pdok.nl/cbs/vierkantstatistieken100m/2024/wms/v1_0?request=GetCapabilities&service=WMS","view",""https:\/\/data.europa.eu\/eli\/reg\/2009\/976";"https:\/\/inspire.ec.europa.eu\/documents\/technical-guidance-implementation-inspire-view-services-1"",""Conform verordening";"Conform technische specificatie"",""true";"true""
"da1d9b80-05d3-4aed-ad63-5c9efcc847c4","Basisregistratie Gewaspercelen OGC API Features","https://api.pdok.nl/rvo/gewaspercelen/ogc/v1","other",""https:\/\/data.europa.eu\/eli\/reg\/2010\/1089";"http:\/\/inspire.ec.europa.eu\/id\/ats\/metadata\/2.0\/sds-invocable";"http:\/\/www.opengis.net\/def\/interface\/ogcapi-features"",""Conform verordening";"De service voldoet aan de requirements van de invocable conformance class";"is conform OGC API features specificatie"",""true";"true";"true""
"3e6e285e-f0f0-4bb8-b14f-a9d1b9ea62a7","Vogelrichtlijn verspreiding van soorten WMS","https://service.pdok.nl/rvo/vogelrichtlijn-verspreiding-soorten/wms/v1_0?request=GetCapabilities&service=WMS","view",""https:\/\/eur-lex.europa.eu\/eli\/reg\/2009\/976";"https:\/\/inspire.ec.europa.eu\/documents\/technical-guidance-implementation-inspire-view-services"",""Conform verordening; validatie uitgevoerd met de ETF Validator voor INSPIRE view en downloadservices versie 1.4.1";"Conform technische specificatie; validatie uitgevoerd met de ETF Validator voor INSPIRE view en downloadservices versie 1.4.1"",""true";"true""
"451e5045-56bc-4717-92a9-b2eb1f268ccb","Adressen WMS","https://service.pdok.nl/kadaster/bag-adressen/wms/v1_0?request=GetCapabilities&service=WMS","view",""https:\/\/eur-lex.europa.eu\/eli\/reg\/2009\/976";"https:\/\/inspire.ec.europa.eu\/documents\/technical-guidance-implementation-inspire-view-services-1"",""Conform verordening; validatie uitgevoerd met de ETF Validator voor INSPIRE view en downloadservices versie 1.4.1";"Conform technische specificatie; Validatie uitgevoerd met de ETF Validator voor INSPIRE view en downloadservices versie 1.4.1"",""true";"true""
"1c9b43c3-064d-40c3-aa7c-879b7376ef6f","Potentieel koude en warmte uit open en gesloten WKO systemen (GJ/ha.jaar) WMS","https://service.pdok.nl/rvo/potentieel-warmte-koude-opslagsystemen/wms/v1_0?request=getcapabilities&service=WMS","view","#notpresent",""VERORDENING (EG) Nr. 976\/2009 VAN DE COMMISSIE van 19 oktober 2009 tot uitvoering van Richtlijn 2007\/2\/EG van het Europees Parlement en de Raad wat betreft de netwerkdiensten";"Conform verordening; validatie uitgevoerd met de ETF Validator voor INSPIRE view en downloadservices versie 1.4.1";"Technical Guidance for the implementation of INSPIRE View Services v3.1";"Conform technische specificatie; Validatie uitgevoerd met de ETF Validator voor INSPIRE view en downloadservices versie 1.4.1"",""true";"true""
"757a7c50-540d-4105-9135-73f09f700743","BRO Model Grondwaterspiegeldiepte (WDM) WMS","https://service.pdok.nl/tno/bro-model-grondwaterspiegeldiepte/wms/v2_0?request=GetCapabilities&service=WMS","view",""https:\/\/eur-lex.europa.eu\/eli\/reg\/2009\/976";"https:\/\/inspire.ec.europa.eu\/documents\/technical-guidance-implementation-inspire-view-services"",""Conform verordening; validatie uitgevoerd met de ETF Validator voor INSPIRE view en downloadservices versie 1.4.1";"Conform technische specificatie; validatie uitgevoerd met de ETF Validator voor INSPIRE view en downloadservices versie 1.4.1"",""true";"true""
"362f35a2-771e-443e-804c-5b1e693ab7ee","Faciliteiten voor productie en industrie - Productiefaciliteiten - REV (INSPIRE geharmoniseerd) OGC API Features","https://api.pdok.nl/rws/productie-en-industrie-productiefaciliteiten/ogc/v1","other",""https:\/\/data.europa.eu\/eli\/reg\/2010\/1089";"http:\/\/inspire.ec.europa.eu\/id\/ats\/metadata\/2.0\/sds-interoperable";"http:\/\/www.opengis.net\/def\/interface\/ogcapi-features";"http:\/\/inspire.ec.europa.eu\/metadata-codelist\/QualityOfServiceCriteria\/availability";"urn:ogc:def:uom:OGC::percent";"http:\/\/inspire.ec.europa.eu\/metadata-codelist\/QualityOfServiceCriteria\/performance";"http:\/\/www.opengis.net\/def\/uom\/SI\/second";"http:\/\/inspire.ec.europa.eu\/metadata-codelist\/QualityOfServiceCriteria\/capacity";"http:\/\/www.opengis.net\/def\/uom\/OGC\/1.0\/unity"",""Conform verordening";"De service voldoet aan de requirements van de interoperable conformance class";"is conform OGC API features specificatie";"Beschikbaarheid op jaarbasis; uitgedrukt in percentage in tijd";"Gemiddelde response tijd; uitgedrukt in seconden";"Maximum aantal gelijktijdige requests per seconde die aan de performance criteria voldoen; uitgedrukt als aantal requests per seconde"",""true";"true";"true""
"d9cc67ba-5491-4640-86ac-b8d392250270","BRO Bodemkaart (SGM) WMS","https://service.pdok.nl/tno/bro-bodemkaart/wms/v1_0?request=getCapabilities&service=WMS","view",""https:\/\/eur-lex.europa.eu\/eli\/reg\/2009\/976";"https:\/\/inspire.ec.europa.eu\/documents\/technical-guidance-implementation-inspire-view-services"",""Conform verordening; validatie uitgevoerd met de ETF Validator voor INSPIRE view en downloadservices versie 1.4.1";"Conform technische specificatie; validatie uitgevoerd met de ETF Validator voor INSPIRE view en downloadservices versie 1.4.1"",""true";"true""
"fc815e50-2dc7-497a-8bcc-24ea01c6a942","Invasieve Exoten (INSPIRE geharmoniseerd) WFS","https://service.pdok.nl/rvo/invasieve-exoten-geharmoniseerd/wfs/v2_0?request=GetCapabilities&service=WFS","other",""https:\/\/eur-lex.europa.eu\/eli\/reg\/2010\/1089";"http:\/\/inspire.ec.europa.eu\/id\/ats\/metadata\/2.0\/sds-interoperable";"http:\/\/www.opengis.net\/def\/serviceType\/ogc\/wfs";"http:\/\/inspire.ec.europa.eu\/metadata-codelist\/QualityOfServiceCriteria\/availability";"urn:ogc:def:uom:OGC::percent";"http:\/\/inspire.ec.europa.eu\/metadata-codelist\/QualityOfServiceCriteria\/performance";"http:\/\/www.opengis.net\/def\/uom\/SI\/second";"http:\/\/inspire.ec.europa.eu\/metadata-codelist\/QualityOfServiceCriteria\/capacity";"http:\/\/www.opengis.net\/def\/uom\/OGC\/1.0\/unity"",""Conform verordening; validatie uitgevoerd met de ETF Validator voor INSPIRE view en downloadservices versie 1.4.1";"De service voldoet aan de requirements van de interoperable conformance class";"De service voldoet aan de requirements van de WFS 2.0 conformance class";"Beschikbaarheid op jaarbasis; uitgedrukt in percentage in tijd";"Gemiddelde response tijd; uitgedrukt in seconden";"Maximum aantal gelijktijdige requests per seconde die aan de performance criteria voldoen; uitgedrukt als aantal requests per seconde"",""true";"true";"true""
"de3cfe07-2c7d-4e41-be5b-c53cb5ffacba","Faciliteiten voor productie en industrie - Productiefaciliteiten - REV (INSPIRE geharmoniseerd) WFS","https://service.pdok.nl/rws/productie-en-industrie-productiefaciliteiten/wfs/v1_0?request=GetCapabilities&service=WFS","other",""https:\/\/eur-lex.europa.eu\/eli\/reg\/2010\/1089";"http:\/\/inspire.ec.europa.eu\/id\/ats\/metadata\/2.0\/sds-interoperable";"http:\/\/www.opengis.net\/def\/serviceType\/ogc\/wfs";"http:\/\/inspire.ec.europa.eu\/metadata-codelist\/QualityOfServiceCriteria\/availability";"urn:ogc:def:uom:OGC::percent";"http:\/\/inspire.ec.europa.eu\/metadata-codelist\/QualityOfServiceCriteria\/performance";"http:\/\/www.opengis.net\/def\/uom\/SI\/second";"http:\/\/inspire.ec.europa.eu\/metadata-codelist\/QualityOfServiceCriteria\/capacity";"http:\/\/www.opengis.net\/def\/uom\/OGC\/1.0\/unity"",""Conform verordening; validatie uitgevoerd met de ETF Validator voor INSPIRE view en downloadservices versie 1.4.1";"De service voldoet aan de requirements van de interoperable conformance class";"De service voldoet aan de requirements van de WFS 2.0 conformance class";"Beschikbaarheid op jaarbasis; uitgedrukt in percentage in tijd";"Gemiddelde response tijd; uitgedrukt in seconden";"Maximum aantal gelijktijdige requests per seconde die aan de performance criteria voldoen; uitgedrukt als aantal requests per seconde"",""true";"true";"true""
"5fe3b6a2-fb5b-4f0d-a050-91fe45cb5b37","Natura 2000 (INSPIRE geharmoniseerd) OGC API Features","https://api.pdok.nl/rvo/natura2000-geharmoniseerd/ogc/v1","other",""https:\/\/data.europa.eu\/eli\/reg\/2010\/1089";"http:\/\/inspire.ec.europa.eu\/id\/ats\/metadata\/2.0\/sds-interoperable";"http:\/\/www.opengis.net\/def\/interface\/ogcapi-features";"http:\/\/inspire.ec.europa.eu\/metadata-codelist\/QualityOfServiceCriteria\/availability";"urn:ogc:def:uom:OGC::percent";"http:\/\/inspire.ec.europa.eu\/metadata-codelist\/QualityOfServiceCriteria\/performance";"http:\/\/www.opengis.net\/def\/uom\/SI\/second";"http:\/\/inspire.ec.europa.eu\/metadata-codelist\/QualityOfServiceCriteria\/capacity";"http:\/\/www.opengis.net\/def\/uom\/OGC\/1.0\/unity"",""Conform verordening";"De service voldoet aan de requirements van de interoperable conformance class";"is conform OGC API features specificatie";"Beschikbaarheid op jaarbasis; uitgedrukt in percentage in tijd";"Gemiddelde response tijd; uitgedrukt in seconden";"Maximum aantal gelijktijdige requests per seconde die aan de performance criteria voldoen; uitgedrukt als aantal requests per seconde"",""true";"true";"true""
"d69fe272-78c8-4e34-9e1b-b48a86c8fe18","CBS Gebiedsindelingen 2025 WMS","https://service.pdok.nl/cbs/gebiedsindelingen/2025/wms/v1_0?request=GetCapabilities&service=WMS","view",""https:\/\/eur-lex.europa.eu\/eli\/reg\/2009\/976";"https:\/\/inspire.ec.europa.eu\/documents\/technical-guidance-implementation-inspire-view-services-1"",""Conform verordening; validatie uitgevoerd met de ETF Validator voor INSPIRE view en downloadservices versie 1.4.1";"Conform technische specificatie; Validatie uitgevoerd met de ETF Validator voor INSPIRE view en downloadservices versie 1.4.1"",""true";"true""
"4287e696-18d5-4b01-a79e-6a805cffb860","Faciliteiten voor productie en industrie - Productie-installaties - REV (INSPIRE geharmoniseerd) WFS","https://service.pdok.nl/rws/productie-en-industrie-productie-installaties/wfs/v1_0?request=GetCapabilities&service=WFS","other",""https:\/\/eur-lex.europa.eu\/eli\/reg\/2010\/1089";"http:\/\/inspire.ec.europa.eu\/id\/ats\/metadata\/2.0\/sds-interoperable";"http:\/\/www.opengis.net\/def\/serviceType\/ogc\/wfs";"http:\/\/inspire.ec.europa.eu\/metadata-codelist\/QualityOfServiceCriteria\/availability";"urn:ogc:def:uom:OGC::percent";"http:\/\/inspire.ec.europa.eu\/metadata-codelist\/QualityOfServiceCriteria\/performance";"http:\/\/www.opengis.net\/def\/uom\/SI\/second";"http:\/\/inspire.ec.europa.eu\/metadata-codelist\/QualityOfServiceCriteria\/capacity";"http:\/\/www.opengis.net\/def\/uom\/OGC\/1.0\/unity"",""Conform verordening; validatie uitgevoerd met de ETF Validator voor INSPIRE view en downloadservices versie 1.4.1";"De service voldoet aan de requirements van de interoperable conformance class";"De service voldoet aan de requirements van de WFS 2.0 conformance class";"Beschikbaarheid op jaarbasis; uitgedrukt in percentage in tijd";"Gemiddelde response tijd; uitgedrukt in seconden";"Maximum aantal gelijktijdige requests per seconde die aan de performance criteria voldoen; uitgedrukt als aantal requests per seconde"",""true";"true";"true""
"efaf0a10-340c-46f3-bb53-9b70ba46b0a4","Waterschappen Nuts-Overheidsdiensten (INSPIRE geharmoniseerd) WMS","https://service.pdok.nl/hwh/waterschappen-nutsdiensten-en-overheidsdiensten/wms/v1_0?request=GetCapabilities&service=WMS","view",""https:\/\/eur-lex.europa.eu\/eli\/reg\/2009\/976";"https:\/\/inspire.ec.europa.eu\/documents\/technical-guidance-implementation-inspire-view-services"",""Conform verordening; validatie uitgevoerd met de ETF Validator voor INSPIRE view en downloadservices versie 1.4.1";"Conform technische specificatie; validatie uitgevoerd met de ETF Validator voor INSPIRE view en downloadservices versie 1.4.1"",""true";"true""
"ce8721c1-336b-4de8-8975-799bbe0f9588","Vervoersnetwerken (INSPIRE geharmoniseerd) OGC API Features","https://api.pdok.nl/kadaster/brt-vervoersnetwerken/ogc/v1","other",""https:\/\/data.europa.eu\/eli\/reg\/2010\/1089";"http:\/\/inspire.ec.europa.eu\/id\/ats\/metadata\/2.0\/sds-interoperable";"http:\/\/www.opengis.net\/def\/interface\/ogcapi-features";"http:\/\/inspire.ec.europa.eu\/metadata-codelist\/QualityOfServiceCriteria\/availability";"urn:ogc:def:uom:OGC::percent";"http:\/\/inspire.ec.europa.eu\/metadata-codelist\/QualityOfServiceCriteria\/performance";"http:\/\/www.opengis.net\/def\/uom\/SI\/second";"http:\/\/inspire.ec.europa.eu\/metadata-codelist\/QualityOfServiceCriteria\/capacity";"http:\/\/www.opengis.net\/def\/uom\/OGC\/1.0\/unity"",""Conform verordening";"De service voldoet aan de requirements van de interoperable conformance class";"is conform OGC API features specificatie";"Beschikbaarheid op jaarbasis; uitgedrukt in percentage in tijd";"Gemiddelde response tijd; uitgedrukt in seconden";"Maximum aantal gelijktijdige requests per seconde die aan de performance criteria voldoen; uitgedrukt als aantal requests per seconde"",""true";"true";"true""
"601f833a-b9ce-4d6f-8111-395ed229d23b","BRO - Geologisch booronderzoek (BHR-G) - Geologie (INSPIRE geharmoniseerd) WMS","https://service.pdok.nl/tno/bro-geologisch-booronderzoek-geharmoniseerd/wms/v2_0?request=GetCapabilities&service=WMS","view",""https:\/\/data.europa.eu\/eli\/reg\/2009\/976";"https:\/\/inspire.ec.europa.eu\/documents\/technical-guidance-implementation-inspire-view-services-1"",""Conform verordening";"Conform technische specificatie"",""true";"true""
"3bfab77c-1663-4334-b7cb-b972de6096b1","Geluidszones Rondom Vliegvelden (INSPIRE geharmoniseerd) WMS","https://service.pdok.nl/provincies/geluidzones-rondom-vliegvelden/wms/v1_0?request=GetCapabilities&service=WMS","view",""https:\/\/eur-lex.europa.eu\/eli\/reg\/2009\/976";"https:\/\/inspire.ec.europa.eu\/documents\/technical-guidance-implementation-inspire-view-services-1"",""Conform verordening; validatie uitgevoerd met de ETF Validator voor INSPIRE view en downloadservices versie 1.4.1";"Conform technische specificatie; Validatie uitgevoerd met de ETF Validator voor INSPIRE view en downloadservices versie 1.4.1"",""true";"true""
"8d3a1f10-7719-4944-ab87-9057198bcdd7","BRO - Grondwatermonitoringput (GMW) - Geologie (INSPIRE geharmoniseerd) WMS","https://service.pdok.nl/tno/bro-grondwatermonitoringput-geharmoniseerd/wms/v1_0?request=getcapabilities&service=WMS","view",""https:\/\/eur-lex.europa.eu\/eli\/reg\/2009\/976";"https:\/\/inspire.ec.europa.eu\/documents\/technical-guidance-implementation-inspire-view-services"",""Conform verordening; validatie uitgevoerd met de ETF Validator voor INSPIRE view en downloadservices versie 1.4.1";"Conform technische specificatie; validatie uitgevoerd met de ETF Validator voor INSPIRE view en downloadservices versie 1.4.1"",""true";"true""
"280c33d5-169f-4ea3-8f7e-330b5b0fe642","CBS Wijken en Buurten 2023 versie 2 WFS","https://service.pdok.nl/cbs/wijkenbuurten/2023/wfs/v1_0?request=GetCapabilities&service=WFS","other",""https:\/\/eur-lex.europa.eu\/eli\/reg\/2010\/1089";"http:\/\/inspire.ec.europa.eu\/id\/ats\/metadata\/2.0\/sds-invocable";"http:\/\/www.opengis.net\/def\/serviceType\/ogc\/wfs"",""Conform verordening; validatie uitgevoerd met de ETF Validator voor INSPIRE view en downloadservices versie 1.4.1";"De service voldoet aan de requirements van de invocable conformance class";"De service voldoet aan de requirements van de WFS 2.0 conformance class"",""true";"true";"true""
"ff0f3779-25cc-4150-ae3c-ec885388c59e","BRO - Bodemkundig booronderzoek (BHR-P) - Geologie (INSPIRE geharmoniseerd) WMS","https://service.pdok.nl/tno/bro-bodemkundig-booronderzoek-geologie-geharmoniseerd/wms/v1_0?request=GetCapabilities&service=WMS","view",""https:\/\/eur-lex.europa.eu\/eli\/reg\/2009\/976";"https:\/\/inspire.ec.europa.eu\/documents\/technical-guidance-implementation-inspire-view-services"",""Conform verordening; validatie uitgevoerd met de ETF Validator voor INSPIRE view en downloadservices versie 1.4.1";"Conform technische specificatie; validatie uitgevoerd met de ETF Validator voor INSPIRE view en downloadservices versie 1.4.1"",""true";"true""
"b77a753e-6da8-4df2-874d-4eddad9dd1a4","CBS Gebiedsindelingen 2023 WMS","https://service.pdok.nl/cbs/gebiedsindelingen/2023/wms/v1_0?request=GetCapabilities&service=WMS","view",""https:\/\/eur-lex.europa.eu\/eli\/reg\/2009\/976";"https:\/\/inspire.ec.europa.eu\/documents\/technical-guidance-implementation-inspire-view-services-1"",""Conform verordening; validatie uitgevoerd met de ETF Validator voor INSPIRE view en downloadservices versie 1.4.1";"Conform technische specificatie; Validatie uitgevoerd met de ETF Validator voor INSPIRE view en downloadservices versie 1.4.1"",""true";"true""
"bfcc588f-9393-4c70-b989-d9e92ac2f493","Actueel Hoogtebestand Nederland (AHN) WCS","https://service.pdok.nl/rws/actueel-hoogtebestand-nederland/wcs/v1_0?request=GetCapabilities&service=WCS","other",""http:\/\/data.europa.eu\/eli\/reg\/2010\/1089";"http:\/\/inspire.ec.europa.eu\/id\/ats\/metadata\/2.0\/sds-invocable";"http:\/\/www.opengis.net\/def\/serviceType\/ogc\/wcs"",""Conform verordening";"De service voldoet aan de requirements van de invocable conformance class";"is conform Web Coverage Service - 2.1 specificatie"",""true";"true";"true""
"b7321385-1ac8-40bb-9506-56823e0496a7","Faciliteiten voor productie en industrie - Productiefaciliteiten - REV (INSPIRE geharmoniseerd) WMS","https://service.pdok.nl/rws/productie-en-industrie-productiefaciliteiten/wms/v1_0?request=GetCapabilities&service=WMS","view",""https:\/\/eur-lex.europa.eu\/eli\/reg\/2009\/976";"https:\/\/inspire.ec.europa.eu\/documents\/technical-guidance-implementation-inspire-view-services"",""Conform verordening; validatie uitgevoerd met de ETF Validator voor INSPIRE view en downloadservices versie 1.4.1";"Conform technische specificatie; validatie uitgevoerd met de ETF Validator voor INSPIRE view en downloadservices versie 1.4.1"",""true";"true""
"ed249628-41f0-4fdd-81a8-838f7a3a8344","CBS Wijken en Buurten 2024 versie 1 WFS","https://service.pdok.nl/cbs/wijkenbuurten/2024/wfs/v1_0?request=GetCapabilities&service=WFS","other",""https:\/\/eur-lex.europa.eu\/eli\/reg\/2010\/1089";"http:\/\/inspire.ec.europa.eu\/id\/ats\/metadata\/2.0\/sds-invocable";"http:\/\/www.opengis.net\/def\/serviceType\/ogc\/wfs"",""Conform verordening; validatie uitgevoerd met de ETF Validator voor INSPIRE view en downloadservices versie 1.4.1";"De service voldoet aan de requirements van de invocable conformance class";"De service voldoet aan de requirements van de WFS 2.0 conformance class"",""true";"true";"true""
"b0bd4f48-c7ac-4fac-9d4b-4ac6fd3365ee","Scheepvaart verkeersscheidingsstelsel Noordzee (Nederlands Continentaal Plat) OGC API Features","https://api.pdok.nl/rws/scheepvaart-verkeersscheidingsstelsel-noordzee/ogc/v1","other",""https:\/\/data.europa.eu\/eli\/reg\/2010\/1089";"http:\/\/inspire.ec.europa.eu\/id\/ats\/metadata\/2.0\/sds-invocable";"http:\/\/www.opengis.net\/def\/interface\/ogcapi-features"",""Conform verordening";"De service voldoet aan de requirements van de invocable conformance class";"is conform OGC API features specificatie"",""true";"true";"true""
"0c140d6b-91f2-4ebf-8bcf-e016f928f6ad","CBS Vierkantstatistieken 500m 2010 WFS","https://service.pdok.nl/cbs/vierkantstatistieken500m/2010/wfs/v1_0?request=GetCapabilities&service=WFS","other",""https:\/\/eur-lex.europa.eu\/eli\/reg\/2010\/1089";"http:\/\/inspire.ec.europa.eu\/id\/ats\/metadata\/2.0\/sds-invocable";"http:\/\/www.opengis.net\/def\/serviceType\/ogc\/wfs"",""Conform verordening; validatie uitgevoerd met de ETF Validator voor INSPIRE view en downloadservices versie 1.4.1";"De service voldoet aan de requirements van de invocable conformance class";"De service voldoet aan de requirements van de WFS 2.0 conformance class"",""true";"true";"true""
"5b7cf3ea-862f-4cfa-a368-6eecdf49ad11","Gebieden met Natuurrisico's - Overstromingen - Risicogebied - Richtlijn Overstromingsrisico's (ROR) (INSPIRE geharmoniseerd) OGC API Features","https://api.pdok.nl/rws/overstromingen-risicogebied/ogc/v1","other",""https:\/\/data.europa.eu\/eli\/reg\/2010\/1089";"http:\/\/inspire.ec.europa.eu\/id\/ats\/metadata\/2.0\/sds-interoperable";"http:\/\/www.opengis.net\/def\/interface\/ogcapi-features";"http:\/\/inspire.ec.europa.eu\/metadata-codelist\/QualityOfServiceCriteria\/availability";"urn:ogc:def:uom:OGC::percent";"http:\/\/inspire.ec.europa.eu\/metadata-codelist\/QualityOfServiceCriteria\/performance";"http:\/\/www.opengis.net\/def\/uom\/SI\/second";"http:\/\/inspire.ec.europa.eu\/metadata-codelist\/QualityOfServiceCriteria\/capacity";"http:\/\/www.opengis.net\/def\/uom\/OGC\/1.0\/unity"",""Conform verordening";"De service voldoet aan de requirements van de interoperable conformance class";"is conform OGC API features specificatie";"Beschikbaarheid op jaarbasis; uitgedrukt in percentage in tijd";"Gemiddelde response tijd; uitgedrukt in seconden";"Maximum aantal gelijktijdige requests per seconde die aan de performance criteria voldoen; uitgedrukt als aantal requests per seconde"",""true";"true";"true""
"bfe4f5c6-b6d2-4a63-a7b7-961dd9c9fcaa","Bodemgebruik - Land Cover (INSPIRE geharmoniseerd) WMS","https://service.pdok.nl/kadaster/brt-bodemgebruik/wms/v1_0?request=GetCapabilities&service=WMS","view",""https:\/\/eur-lex.europa.eu\/eli\/reg\/2009\/976";"https:\/\/inspire.ec.europa.eu\/documents\/technical-guidance-implementation-inspire-view-services-1"",""Conform verordening; validatie uitgevoerd met de ETF Validator voor INSPIRE view en downloadservices versie 1.4.1";"Conform technische specificatie; Validatie uitgevoerd met de ETF Validator voor INSPIRE view en downloadservices versie 1.4.1"",""true";"true""
"a2724dae-ebad-4a07-9405-49bddfde3368","Scheepvaart Verkeersscheidingsstelsel Noordzee (Nederlands Continentaal Plat) WFS","https://service.pdok.nl/rws/scheepvaart-verkeersscheidingsstelsel-noordzee/wfs/v1_0?request=GetCapabilities&service=WFS","other",""https:\/\/eur-lex.europa.eu\/eli\/reg\/2010\/1089";"http:\/\/inspire.ec.europa.eu\/id\/ats\/metadata\/2.0\/sds-invocable";"http:\/\/www.opengis.net\/def\/serviceType\/ogc\/wfs"",""Conform verordening; validatie uitgevoerd met de ETF Validator voor INSPIRE view en downloadservices versie 1.4.1";"De service voldoet aan de requirements van de invocable conformance class";"De service voldoet aan de requirements van de WFS 2.0 conformance class"",""true";"true";"true""
"32b1eb9e-c54f-4598-92d2-328eb77fa0d3","Natura2000 WFS","https://service.pdok.nl/rvo/natura2000/wfs/v1_0?request=getcapabilities&service=wfs","other",""https:\/\/eur-lex.europa.eu\/eli\/reg\/2010\/1089";"http:\/\/inspire.ec.europa.eu\/id\/ats\/metadata\/2.0\/sds-invocable";"http:\/\/www.opengis.net\/def\/serviceType\/ogc\/wfs"",""Conform verordening; validatie uitgevoerd met de ETF Validator voor INSPIRE view en downloadservices versie 1.4.1";"De service voldoet aan de requirements van de invocable conformance class";"De service voldoet aan de requirements van de WFS 2.0 conformance class"",""true";"true";"true""
"4805aac3-9a8d-4fcd-851b-88c7b3d342e2","Zeegebieden (INSPIRE geharmoniseerd) WMS","https://service.pdok.nl/kadaster/brt-zeegebieden/wms/v1_0?request=GetCapabilities&service=WMS","view",""https:\/\/eur-lex.europa.eu\/eli\/reg\/2009\/976";"https:\/\/inspire.ec.europa.eu\/documents\/technical-guidance-implementation-inspire-view-services"",""Conform verordening; validatie uitgevoerd met de ETF Validator voor INSPIRE view en downloadservices versie 1.4.1";"Conform technische specificatie; validatie uitgevoerd met de ETF Validator voor INSPIRE view en downloadservices versie 1.4.1"",""true";"true""
"9f051605-bac9-4486-908d-9ada36c7b16e","CBS Existing Land Use (INSPIRE geharmoniseerd) WFS","https://service.pdok.nl/cbs/landuse/wfs/v1_0?request=GetCapabilities&service=WFS","other",""https:\/\/eur-lex.europa.eu\/eli\/reg\/2010\/1089";"http:\/\/inspire.ec.europa.eu\/id\/ats\/metadata\/2.0\/sds-interoperable";"http:\/\/www.opengis.net\/def\/serviceType\/ogc\/wfs";"http:\/\/inspire.ec.europa.eu\/metadata-codelist\/QualityOfServiceCriteria\/availability";"urn:ogc:def:uom:OGC::percent";"http:\/\/inspire.ec.europa.eu\/metadata-codelist\/QualityOfServiceCriteria\/performance";"http:\/\/www.opengis.net\/def\/uom\/SI\/second";"http:\/\/inspire.ec.europa.eu\/metadata-codelist\/QualityOfServiceCriteria\/capacity";"http:\/\/www.opengis.net\/def\/uom\/OGC\/1.0\/unity"",""Conform verordening; validatie uitgevoerd met de ETF Validator voor INSPIRE view en downloadservices versie 1.4.1";"De service voldoet aan de requirements van de interoperable conformance class";"De service voldoet aan de requirements van de WFS 2.0 conformance class";"Beschikbaarheid op jaarbasis; uitgedrukt in percentage in tijd";"Gemiddelde response tijd; uitgedrukt in seconden";"Maximum aantal gelijktijdige requests per seconde die aan de performance criteria voldoen; uitgedrukt als aantal requests per seconde"",""true";"true";"true""
"f57bdee7-4027-4aa2-8312-4051b854be3c","Schelpdierpercelen (INSPIRE geharmoniseerd) WMS","https://service.pdok.nl/rvo/schelpdierpercelen-geharmoniseerd/wms/v1_0?request=GetCapabilities&service=WMS","view",""https:\/\/eur-lex.europa.eu\/eli\/reg\/2009\/976";"https:\/\/inspire.ec.europa.eu\/documents\/technical-guidance-implementation-inspire-view-services-1"",""Conform verordening; validatie uitgevoerd met de ETF Validator voor INSPIRE view en downloadservices versie 1.4.1";"Conform technische specificatie; Validatie uitgevoerd met de ETF Validator voor INSPIRE view en downloadservices versie 1.4.1"",""true";"true""
"b27a3576-c1e5-48c2-940a-e4d587ac4d80","Kaderrichtlijn Mariene Strategie OGC API Features","https://api.pdok.nl/rws/kaderrichtlijn-mariene-strategie/ogc/v1","other",""https:\/\/data.europa.eu\/eli\/reg\/2010\/1089";"http:\/\/inspire.ec.europa.eu\/id\/ats\/metadata\/2.0\/sds-invocable";"http:\/\/www.opengis.net\/def\/interface\/ogcapi-features"",""Conform verordening";"De service voldoet aan de requirements van de invocable conformance class";"is conform OGC API features specificatie"",""true";"true";"true""
"dd49e02c-ea87-4ffc-89dd-f888608d95b7","Nationale Parken WMS","https://service.pdok.nl/rvo/nationale-parken/wms/v2_0?request=GetCapabilities&service=WMS","view",""https:\/\/eur-lex.europa.eu\/eli\/reg\/2009\/976";"https:\/\/inspire.ec.europa.eu\/documents\/technical-guidance-implementation-inspire-view-services-1"",""Conform verordening; validatie uitgevoerd met de ETF Validator voor INSPIRE view en downloadservices versie 1.4.1";"Conform technische specificatie; Validatie uitgevoerd met de ETF Validator voor INSPIRE view en downloadservices versie 1.4.1"",""true";"true""
"33f3b24a-0b34-4153-9930-726d575a04d1","Aardkundige Waarden - Provincies (INSPIRE geharmoniseerd) WMS","https://service.pdok.nl/provincies/aardkundige-waarden/wms/v1_0?request=GetCapabilities&service=WMS","view",""https:\/\/eur-lex.europa.eu\/eli\/reg\/2009\/976";"https:\/\/inspire.ec.europa.eu\/documents\/technical-guidance-implementation-inspire-view-services-1"",""Conform verordening; validatie uitgevoerd met de ETF Validator voor INSPIRE view en downloadservices versie 1.4.1";"Conform technische specificatie; Validatie uitgevoerd met de ETF Validator voor INSPIRE view en downloadservices versie 1.4.1"",""true";"true""
"bbdbf836-590b-46bf-88d1-14550a2e1cb1","CBS Vierkantstatistieken 500m 2015 WFS","https://service.pdok.nl/cbs/vierkantstatistieken500m/2015/wfs/v1_0?request=GetCapabilities&service=WFS","other",""https:\/\/eur-lex.europa.eu\/eli\/reg\/2010\/1089";"http:\/\/inspire.ec.europa.eu\/id\/ats\/metadata\/2.0\/sds-invocable";"http:\/\/www.opengis.net\/def\/serviceType\/ogc\/wfs"",""Conform verordening; validatie uitgevoerd met de ETF Validator voor INSPIRE view en downloadservices versie 1.4.1";"De service voldoet aan de requirements van de invocable conformance class";"De service voldoet aan de requirements van de WFS 2.0 conformance class"",""true";"true";"true""
"2e2c3c53-7987-4026-99fd-df107b1b9a1c","NWB - Vaarwegen (Nationaal Wegenbestand) ATOM","https://service.pdok.nl/rws/nationaal-wegenbestand-vaarwegen/atom/index.xml","download",""https:\/\/eur-lex.europa.eu\/eli\/reg\/2009\/976";"https:\/\/inspire.ec.europa.eu\/documents\/technical-guidance-implementation-inspire-download-services"",""Conform verordening; validatie uitgevoerd met de ETF Validator voor INSPIRE view en downloadservices versie 1.4.1";"Conform technische specificatie; Validatie uitgevoerd met de ETF Validator voor INSPIRE view en downloadservices versie 1.4.1"",""true";"true""
"52e5cf69-fdef-4092-8ee0-d7103b156bb5","CBS Vierkantstatistieken 100m 2015 WMS","https://service.pdok.nl/cbs/vierkantstatistieken100m/2015/wms/v1_0?request=GetCapabilities&service=WMS","view",""https:\/\/eur-lex.europa.eu\/eli\/reg\/2009\/976";"https:\/\/inspire.ec.europa.eu\/documents\/technical-guidance-implementation-inspire-view-services-1"",""Conform verordening; validatie uitgevoerd met de ETF Validator voor INSPIRE view en downloadservices versie 1.4.1";"Conform technische specificatie; Validatie uitgevoerd met de ETF Validator voor INSPIRE view en downloadservices versie 1.4.1"",""true";"true""
"d1cb16ca-2029-454f-b3f1-f70bceaf62c1","BRO Geomorfologische Kaart (GMM) WMS","https://service.pdok.nl/tno/bro-geomorfologische-kaart/wms/v2_0?request=getcapabilities&service=WMS","view",""https:\/\/eur-lex.europa.eu\/eli\/reg\/2009\/976";"https:\/\/inspire.ec.europa.eu\/documents\/technical-guidance-implementation-inspire-view-services"",""Conform verordening; validatie uitgevoerd met de ETF Validator voor INSPIRE view en downloadservices versie 1.4.1";"Conform technische specificatie; validatie uitgevoerd met de ETF Validator voor INSPIRE view en downloadservices versie 1.4.1"",""true";"true""
"095e3310-9b94-40a4-8317-08e184d28202","Hoofdspoorwegen volgens Richtlijn Omgevingslawaai 2022 (INSPIRE geharmoniseerd) ATOM","https://service.pdok.nl/ienw/hoofdspoorwegen-omgevingslawaai-geharmoniseerd/atom/index.xml","download",""https:\/\/eur-lex.europa.eu\/eli\/reg\/2009\/976";"https:\/\/inspire.ec.europa.eu\/documents\/technical-guidance-implementation-inspire-download-services"",""Conform verordening; validatie uitgevoerd met de ETF Validator voor INSPIRE view en downloadservices versie 1.4.1";"Conform technische specificatie; validatie uitgevoerd met de ETF Validator voor INSPIRE view en downloadservices versie 1.4.1"",""true";"true""
"1196d687-f42c-4992-8030-1b875d62bc74","Weggegevens (WEGGEG) ATOM","https://service.pdok.nl/rws/weggegevens/atom/index.xml","download",""https:\/\/eur-lex.europa.eu\/eli\/reg\/2009\/976";"https:\/\/inspire.ec.europa.eu\/documents\/technical-guidance-implementation-inspire-download-services"",""Conform verordening; validatie uitgevoerd met de ETF Validator voor INSPIRE view en downloadservices versie 1.4.1";"Conform technische specificatie; validatie uitgevoerd met de ETF Validator voor INSPIRE view en downloadservices versie 1.4.1"",""true";"true""
"3b0db61a-69c7-4e0b-b2b4-08c45264ab3b","BRO - Mijnbouwconstructie (EPC) ATOM","https://service.pdok.nl/tno/bro-mijnbouwconstructie/atom/index.xml","download",""https:\/\/eur-lex.europa.eu\/eli\/reg\/2009\/976";"https:\/\/inspire.ec.europa.eu\/documents\/technical-guidance-implementation-inspire-download-services"",""Conform verordening; validatie uitgevoerd met de ETF Validator voor INSPIRE view en downloadservices versie 1.4.1";"Conform technische specificatie; validatie uitgevoerd met de ETF Validator voor INSPIRE view en downloadservices versie 1.4.1"",""true";"true""
"c57221e1-ea53-4c7f-855e-b9ca0cd874b1","BRO Grondwatermonitoringput (GMW) ATOM","https://service.pdok.nl/tno/bro-grondwatermonitoringput/atom/index.xml","download",""https:\/\/data.europa.eu\/eli\/reg\/2009\/976";"https:\/\/inspire.ec.europa.eu\/documents\/technical-guidance-implementation-inspire-download-services"",""Conform verordening";"Conform technische specificatie"",""true";"true""
"ba0d1555-d3d2-430d-ad4f-dfadf03ba650","CBS Wijken en Buurten 2024 versie 1 ATOM","https://service.pdok.nl/cbs/wijkenbuurten/2024/atom/index.xml","download",""https:\/\/eur-lex.europa.eu\/eli\/reg\/2009\/976";"https:\/\/inspire.ec.europa.eu\/documents\/technical-guidance-implementation-inspire-download-services"",""Conform verordening; validatie uitgevoerd met de ETF Validator voor INSPIRE view en downloadservices versie 1.4.1";"Conform technische specificatie; validatie uitgevoerd met de ETF Validator voor INSPIRE view en downloadservices versie 1.4.1"",""true";"true""
"0fa448bb-332b-40b2-adab-13626b29bee6","Gepland Landgebruik (INSPIRE geharmoniseerd) ATOM","https://service.pdok.nl/kadaster/ruimtelijke-plannen-gepland-landgebruik/atom/index.xml","download",""https:\/\/eur-lex.europa.eu\/eli\/reg\/2009\/976";"https:\/\/inspire.ec.europa.eu\/documents\/technical-guidance-implementation-inspire-download-services"",""Conform verordening; validatie uitgevoerd met de ETF Validator voor INSPIRE view en downloadservices versie 1.4.1";"Conform technische specificatie; validatie uitgevoerd met de ETF Validator voor INSPIRE view en downloadservices versie 1.4.1"",""true";"true""
"0080a9ce-b836-45bc-8fdf-07dcbe97101d","Beschermde Gebieden - Cultuurhistorie (INSPIRE geharmoniseerd) ATOM","https://service.pdok.nl/rce/beschermde-gebieden-cultuurhistorie/atom/index.xml","download",""https:\/\/eur-lex.europa.eu\/eli\/reg\/2009\/976";"https:\/\/inspire.ec.europa.eu\/documents\/technical-guidance-implementation-inspire-download-services"",""Conform verordening; validatie uitgevoerd met de ETF Validator voor INSPIRE view en downloadservices versie 1.4.1";"Conform technische specificatie; Validatie uitgevoerd met de ETF Validator voor INSPIRE view en downloadservices versie 1.4.1"",""true";"true""
"cc6f76b2-f28e-4eb3-8d89-d1a6a135c010","Nationaal Hydrologisch Instrumentarium (NHI) ATOM","https://service.pdok.nl/rws/nationaal-hydrologisch-instrumentarium-netwerkschematisatie/atom/index.xml","download",""https:\/\/eur-lex.europa.eu\/eli\/reg\/2009\/976";"https:\/\/inspire.ec.europa.eu\/documents\/technical-guidance-implementation-inspire-download-services"",""Conform verordening; validatie uitgevoerd met de ETF Validator voor INSPIRE view en downloadservices versie 1.4.1";"Conform technische specificatie; validatie uitgevoerd met de ETF Validator voor INSPIRE view en downloadservices versie 1.4.1"",""true";"true""
"295accbb-4ad2-4e50-a848-aa10e187b9ad","Scheepvaart Verkeersscheidingsstelsel Noordzee (Nederlands Continentaal Plat) ATOM","https://service.pdok.nl/rws/scheepvaart-verkeersscheidingsstelsel-noordzee/atom/index.xml","download",""https:\/\/eur-lex.europa.eu\/eli\/reg\/2009\/976";"https:\/\/inspire.ec.europa.eu\/documents\/technical-guidance-implementation-inspire-download-services"",""Conform verordening; validatie uitgevoerd met de ETF Validator voor INSPIRE view en downloadservices versie 1.4.1";"Conform technische specificatie; validatie uitgevoerd met de ETF Validator voor INSPIRE view en downloadservices versie 1.4.1"",""true";"true""
"181b54ed-14d2-4fda-bae7-747972340f2f","Provinciale Monumenten - Provincies (INSPIRE geharmoniseerd) ATOM","https://service.pdok.nl/provincies/provinciale-monumenten/atom/index.xml","download",""https:\/\/eur-lex.europa.eu\/eli\/reg\/2009\/976";"https:\/\/inspire.ec.europa.eu\/documents\/technical-guidance-implementation-inspire-download-services"",""Conform verordening; validatie uitgevoerd met de ETF Validator voor INSPIRE view en downloadservices versie 1.4.1";"Conform technische specificatie; Validatie uitgevoerd met de ETF Validator voor INSPIRE view en downloadservices versie 1.4.1"",""true";"true""
"32e0942d-729d-4021-bdc3-17147ddaf797","Potentiekaart reststromen ATOM","https://service.pdok.nl/rvo/potentiekaart-reststromen/atom/index.xml","download",""https:\/\/eur-lex.europa.eu\/eli\/reg\/2009\/976";"https:\/\/inspire.ec.europa.eu\/documents\/technical-guidance-implementation-inspire-download-services"",""Conform verordening; validatie uitgevoerd met de ETF Validator voor INSPIRE view en downloadservices versie 1.4.1";"Conform technische specificatie; Validatie uitgevoerd met de ETF Validator voor INSPIRE view en downloadservices versie 1.4.1"",""true";"true""
"7c5bbc80-d6f1-48d7-ba75-bfb0316f4f38","BRO - Geotechnisch sondeeronderzoek (CPT) - Geologie (INSPIRE geharmoniseerd) ATOM","https://service.pdok.nl/tno/bro-geotechnisch-sondeeronderzoek-geharmoniseerd/atom/index.xml","download",""https:\/\/eur-lex.europa.eu\/eli\/reg\/2009\/976";"https:\/\/inspire.ec.europa.eu\/documents\/technical-guidance-implementation-inspire-download-services"",""Conform verordening; validatie uitgevoerd met de ETF Validator voor INSPIRE view en downloadservices versie 1.4.1";"Conform technische specificatie; validatie uitgevoerd met de ETF Validator voor INSPIRE view en downloadservices versie 1.4.1"",""true";"true""
"fa29a28a-57ec-4e4c-82f3-08ddeaf19e61","Digitaal Topografisch Bestand (DTB) ATOM","https://service.pdok.nl/rws/digitaal-topografisch-bestand/atom/index.xml","download",""https:\/\/eur-lex.europa.eu\/eli\/reg\/2009\/976";"https:\/\/inspire.ec.europa.eu\/documents\/technical-guidance-implementation-inspire-download-services"",""Conform verordening; validatie uitgevoerd met de ETF Validator voor INSPIRE view en downloadservices versie 1.4.1";"Conform technische specificatie; validatie uitgevoerd met de ETF Validator voor INSPIRE view en downloadservices versie 1.4.1"",""true";"true""
"239451c4-d6ec-11ea-87d0-0242ac130003","BRO Grondwatermonitoringnet (GMN) ATOM","https://service.pdok.nl/tno/bro-grondwatermonitoringnet/atom/index.xml","download",""https:\/\/data.europa.eu\/eli\/reg\/2009\/976";"https:\/\/inspire.ec.europa.eu\/documents\/technical-guidance-implementation-inspire-download-services"",""Conform verordening";"Conform technische specificatie"",""true";"true""
"8f00304a-8180-4e39-a806-d543d198c241","KRW Beschermde Gebieden - Drinkwateronttrekking (INSPIRE geharmoniseerd) ATOM","https://service.pdok.nl/ihw/krw-beschermde-gebieden-drinkwateronttrekking-geharmoniseerd/atom/index.xml","download",""https:\/\/eur-lex.europa.eu\/eli\/reg\/2009\/976";"https:\/\/inspire.ec.europa.eu\/documents\/technical-guidance-implementation-inspire-download-services"",""Conform verordening; validatie uitgevoerd met de ETF Validator voor INSPIRE view en downloadservices versie 1.4.1";"Conform technische specificatie; validatie uitgevoerd met de ETF Validator voor INSPIRE view en downloadservices versie 1.4.1"",""true";"true""
"75eb8727-c2ae-4a48-b9fb-1a467623495d","KRW Oppervlaktewaterlichamen (INSPIRE geharmoniseerd) ATOM","https://service.pdok.nl/ihw/krw-oppervlaktewaterlichamen-geharmoniseerd/atom/index.xml","download",""https:\/\/eur-lex.europa.eu\/eli\/reg\/2009\/976";"https:\/\/inspire.ec.europa.eu\/documents\/technical-guidance-implementation-inspire-download-services"",""Conform verordening; validatie uitgevoerd met de ETF Validator voor INSPIRE view en downloadservices versie 1.4.1";"Conform technische specificatie; validatie uitgevoerd met de ETF Validator voor INSPIRE view en downloadservices versie 1.4.1"",""true";"true""
"46337223-6524-45d9-9f35-34ff86a60a1b","KRW Beschermde Gebieden - Schelpdierwater (INSPIRE geharmoniseerd) ATOM","https://service.pdok.nl/ihw/krw-beschermde-gebieden-schelpdierwater-geharmoniseerd/atom/index.xml","download",""https:\/\/eur-lex.europa.eu\/eli\/reg\/2009\/976";"https:\/\/inspire.ec.europa.eu\/documents\/technical-guidance-implementation-inspire-download-services"",""Conform verordening; validatie uitgevoerd met de ETF Validator voor INSPIRE view en downloadservices versie 1.4.1";"Conform technische specificatie; validatie uitgevoerd met de ETF Validator voor INSPIRE view en downloadservices versie 1.4.1"",""true";"true""
"b6bbcfd7-6d59-4881-89bd-69d5709e5c5c","BRO Booronderzoek: Geotechnische boormonsterbeschrijving en boormonsteranalyse (BHR-GT) ATOM","https://service.pdok.nl/tno/bro-geotechnisch-booronderzoek/atom/index.xml","download",""https:\/\/data.europa.eu\/eli\/reg\/2009\/976";"https:\/\/inspire.ec.europa.eu\/documents\/technical-guidance-implementation-inspire-download-services"",""Conform verordening";"Conform technische specificatie"",""true";"true""
"aa31349f-9607-4fdb-83ac-732f0b942adc","Grondwaterbeschermingsgebieden (INSPIRE geharmoniseerd) ATOM","https://service.pdok.nl/provincies/grondwaterbeschermingsgebieden/atom/index.xml","download",""https:\/\/eur-lex.europa.eu\/eli\/reg\/2009\/976";"https:\/\/inspire.ec.europa.eu\/documents\/technical-guidance-implementation-inspire-download-services"",""Conform verordening; validatie uitgevoerd met de ETF Validator voor INSPIRE view en downloadservices versie 1.4.1";"Conform technische specificatie; Validatie uitgevoerd met de ETF Validator voor INSPIRE view en downloadservices versie 1.4.1"",""true";"true""
"684e0cf6-06fb-48d1-8c9a-7ef5b6efaa23","Vervoersnetwerken - Wegen - Netwerk (INSPIRE geharmoniseerd) ATOM","https://service.pdok.nl/rws/vervoersnetwerken-wegen-netwerk/atom/index.xml","download",""https:\/\/eur-lex.europa.eu\/eli\/reg\/2009\/976";"https:\/\/inspire.ec.europa.eu\/documents\/technical-guidance-implementation-inspire-download-services"",""Conform verordening; validatie uitgevoerd met de ETF Validator voor INSPIRE view en downloadservices versie 1.4.1";"Conform technische specificatie; validatie uitgevoerd met de ETF Validator voor INSPIRE view en downloadservices versie 1.4.1"",""true";"true""
"dc9fbc85-1263-4a1b-b001-7be701a6039e","Ruimtelijke plannen Wro: Ruimtelijkeplannen.nl ATOM","https://service.pdok.nl/kadaster/ruimtelijke-plannen/atom/index.xml","download",""https:\/\/eur-lex.europa.eu\/eli\/reg\/2009\/976";"https:\/\/inspire.ec.europa.eu\/documents\/technical-guidance-implementation-inspire-download-services"",""Conform verordening; validatie uitgevoerd met de ETF Validator voor INSPIRE view en downloadservices versie 1.4.1";"Conform technische specificatie; Validatie uitgevoerd met de ETF Validator voor INSPIRE view en downloadservices versie 1.4.1"",""true";"true""
"0821bf91-edd5-4701-b07c-8b7f8aaca7ef","Gebiedsbeheer eenheden - Kwetsbaar gebied - Agglomeraties - RSA (INSPIRE geharmoniseerd) ATOM","https://service.pdok.nl/rws/kwetsbaar-gebied-agglomeraties/atom/index.xml","download",""https:\/\/eur-lex.europa.eu\/eli\/reg\/2009\/976";"https:\/\/inspire.ec.europa.eu\/documents\/technical-guidance-implementation-inspire-download-services"",""Conform verordening; validatie uitgevoerd met de ETF Validator voor INSPIRE view en downloadservices versie 1.4.1";"Conform technische specificatie; validatie uitgevoerd met de ETF Validator voor INSPIRE view en downloadservices versie 1.4.1"",""true";"true""
"8f94f4dc-f5ad-43b8-bda8-9bdc032e9427","CBS Wijken en Buurten 2025 ATOM","https://service.pdok.nl/cbs/wijkenbuurten/2025/atom/index.xml","download",""https:\/\/eur-lex.europa.eu\/eli\/reg\/2009\/976";"https:\/\/inspire.ec.europa.eu\/documents\/technical-guidance-implementation-inspire-download-services"",""Conform verordening; validatie uitgevoerd met de ETF Validator voor INSPIRE view en downloadservices versie 1.4.1";"Conform technische specificatie; validatie uitgevoerd met de ETF Validator voor INSPIRE view en downloadservices versie 1.4.1"",""true";"true""
"dc4dadda-7654-429e-823f-81e60fd8977b","Hoofd Luchtvervoersnetwerk volgens Richtlijn Omgevingslawaai 2022 (INSPIRE geharmoniseerd) ATOM","https://service.pdok.nl/ienw/hoofd-luchtvervoersnetwerk-omgevingslawaai-geharmoniseerd/atom/index.xml","download",""https:\/\/eur-lex.europa.eu\/eli\/reg\/2009\/976";"https:\/\/inspire.ec.europa.eu\/documents\/technical-guidance-implementation-inspire-download-services"",""Conform verordening; validatie uitgevoerd met de ETF Validator voor INSPIRE view en downloadservices versie 1.4.1";"Conform technische specificatie; validatie uitgevoerd met de ETF Validator voor INSPIRE view en downloadservices versie 1.4.1"",""true";"true""
"d447ba36-0073-4547-a035-b482251b0ae0","Faciliteiten voor productie en industrie - Productie-installaties - REV (INSPIRE geharmoniseerd) ATOM","https://service.pdok.nl/rws/productie-en-industrie-productie-installaties/atom/index.xml","download",""https:\/\/eur-lex.europa.eu\/eli\/reg\/2009\/976";"https:\/\/inspire.ec.europa.eu\/documents\/technical-guidance-implementation-inspire-download-services"",""Conform verordening; validatie uitgevoerd met de ETF Validator voor INSPIRE view en downloadservices versie 1.4.1";"Conform technische specificatie; validatie uitgevoerd met de ETF Validator voor INSPIRE view en downloadservices versie 1.4.1"",""true";"true""
"6cbbecc1-753b-416d-ad72-1621695ec356","BRO Wandonderzoek - bodemkunde (SFR) ATOM","https://service.pdok.nl/tno/bro-wandonderzoek/atom/index.xml","download",""https:\/\/data.europa.eu\/eli\/reg\/2009\/976";"https:\/\/inspire.ec.europa.eu\/documents\/technical-guidance-implementation-inspire-download-services"",""Conform verordening";"Conform technische specificatie"",""true";"true""
"12fa3d3b-6ed6-4a7b-9231-fc0f856dc643","BRT TOPNL ATOM","https://service.pdok.nl/brt/topnl/atom/index.xml","download",""http:\/\/data.europa.eu\/eli\/reg\/2009\/976";"https:\/\/inspire.ec.europa.eu\/documents\/technical-guidance-implementation-inspire-download-services"",""Conform verordening";"Conform technische specificatie"",""true";"true""
"ecc73a2a-ee58-4a6d-ad11-d5ad506b5d50","Overheidsdiensten (INSPIRE geharmoniseerd) ATOM","https://service.pdok.nl/kvk/overheidsdiensten-geharmoniseerd/atom/index.xml","download",""https:\/\/eur-lex.europa.eu\/eli\/reg\/2009\/976";"https:\/\/inspire.ec.europa.eu\/documents\/technical-guidance-implementation-inspire-download-services"",""Conform verordening; validatie uitgevoerd met de ETF Validator voor INSPIRE view en downloadservices versie 1.4.1";"Conform technische specificatie; validatie uitgevoerd met de ETF Validator voor INSPIRE view en downloadservices versie 1.4.1"",""true";"true""
"037e55bd-a1dc-4fde-adfe-4610d3a3d5cb","Population Distribution (INSPIRE geharmoniseerd) ATOM","https://service.pdok.nl/cbs/population-distribution/atom/index.xml","download",""https:\/\/eur-lex.europa.eu\/eli\/reg\/2009\/976";"https:\/\/inspire.ec.europa.eu\/documents\/technical-guidance-implementation-inspire-download-services"",""Conform verordening; validatie uitgevoerd met de ETF Validator voor INSPIRE view en downloadservices versie 1.4.1";"Conform technische specificatie; Validatie uitgevoerd met de ETF Validator voor INSPIRE view en downloadservices versie 1.4.1"",""true";"true""
"54122631-d343-40be-9c28-e44626b37a0e","Human Health Statistics Netherlands (INSPIRE geharmoniseerd) ATOM","https://service.pdok.nl/cbs/human-health-statistics/atom/index.xml","download",""https:\/\/eur-lex.europa.eu\/eli\/reg\/2009\/976";"https:\/\/inspire.ec.europa.eu\/documents\/technical-guidance-implementation-inspire-download-services"",""Conform verordening; validatie uitgevoerd met de ETF Validator voor INSPIRE view en downloadservices versie 1.4.1";"Conform technische specificatie; Validatie uitgevoerd met de ETF Validator voor INSPIRE view en downloadservices versie 1.4.1"",""true";"true""
"bbf2e6ed-e2c8-472e-bb97-e05d11177524","Vogelrichtlijn verspreidingsgebied van soorten ATOM","https://service.pdok.nl/rvo/vogelrichtlijn-verspreidingsgebied-soorten/atom/index.xml","download",""https:\/\/eur-lex.europa.eu\/eli\/reg\/2009\/976";"https:\/\/inspire.ec.europa.eu\/documents\/technical-guidance-implementation-inspire-download-services"",""Conform verordening; validatie uitgevoerd met de ETF Validator voor INSPIRE view en downloadservices versie 1.4.1";"Conform technische specificatie; validatie uitgevoerd met de ETF Validator voor INSPIRE view en downloadservices versie 1.4.1"",""true";"true""
"bca00324-88a2-494d-bb10-6021b0cd27a5","BRO - Grondwatermonitoringput (GMW) - Geologie (INSPIRE geharmoniseerd) ATOM","https://service.pdok.nl/tno/bro-grondwatermonitoringput-geharmoniseerd/atom/index.xml","download",""https:\/\/eur-lex.europa.eu\/eli\/reg\/2009\/976";"https:\/\/inspire.ec.europa.eu\/documents\/technical-guidance-implementation-inspire-download-services"",""Conform verordening; validatie uitgevoerd met de ETF Validator voor INSPIRE view en downloadservices versie 1.4.1";"Conform technische specificatie; validatie uitgevoerd met de ETF Validator voor INSPIRE view en downloadservices versie 1.4.1"",""true";"true""
"3bad67da-5004-488e-911a-81502adefedb","CBS Wijken en Buurten 2023 versie 2 ATOM","https://service.pdok.nl/cbs/wijkenbuurten/2023/atom/index.xml","download",""https:\/\/eur-lex.europa.eu\/eli\/reg\/2009\/976";"https:\/\/inspire.ec.europa.eu\/documents\/technical-guidance-implementation-inspire-download-services"",""Conform verordening; validatie uitgevoerd met de ETF Validator voor INSPIRE view en downloadservices versie 1.4.1";"Conform technische specificatie; validatie uitgevoerd met de ETF Validator voor INSPIRE view en downloadservices versie 1.4.1"",""true";"true""
"641a0f48-872b-4470-b130-e3d28e6bfdfb","Kaderrichtlijn Mariene Strategie ATOM","https://service.pdok.nl/rws/kaderrichtlijn-mariene-strategie/atom/index.xml","download",""https:\/\/eur-lex.europa.eu\/eli\/reg\/2009\/976";"https:\/\/inspire.ec.europa.eu\/documents\/technical-guidance-implementation-inspire-download-services"",""Conform verordening; validatie uitgevoerd met de ETF Validator voor INSPIRE view en downloadservices versie 1.4.1";"Conform technische specificatie; validatie uitgevoerd met de ETF Validator voor INSPIRE view en downloadservices versie 1.4.1"",""true";"true""
"b8300fd4-3224-4b44-ae92-3eb82da0bb85","Vogelrichtlijn verspreiding van soorten ATOM","https://service.pdok.nl/rvo/vogelrichtlijn-verspreiding-soorten/atom/index.xml","download",""https:\/\/eur-lex.europa.eu\/eli\/reg\/2009\/976";"https:\/\/inspire.ec.europa.eu\/documents\/technical-guidance-implementation-inspire-download-services"",""Conform verordening; validatie uitgevoerd met de ETF Validator voor INSPIRE view en downloadservices versie 1.4.1";"Conform technische specificatie; validatie uitgevoerd met de ETF Validator voor INSPIRE view en downloadservices versie 1.4.1"",""true";"true""
"d48fbd9e-5143-4a54-8624-dc5beff2ab93","Agglomeraties gemeenten inclusief bevolkingsaantallen volgens Richtlijn Omgevingslawaai 2022 (INSPIRE geharmoniseerd) ATOM","https://service.pdok.nl/ienw/agglomeraties-omgevingslawaai-geharmoniseerd/atom/index.xml","download",""https:\/\/eur-lex.europa.eu\/eli\/reg\/2009\/976";"https:\/\/inspire.ec.europa.eu\/documents\/technical-guidance-implementation-inspire-download-services"",""Conform verordening; validatie uitgevoerd met de ETF Validator voor INSPIRE view en downloadservices versie 1.4.1";"Conform technische specificatie; validatie uitgevoerd met de ETF Validator voor INSPIRE view en downloadservices versie 1.4.1"",""true";"true""
"dc250a60-0ac6-487f-8a42-cb4f67582f34","Adressen (INSPIRE geharmoniseerd) ATOM","https://service.pdok.nl/kadaster/ad/atom/index.xml","download",""https:\/\/eur-lex.europa.eu\/eli\/reg\/2009\/976";"https:\/\/inspire.ec.europa.eu\/documents\/technical-guidance-implementation-inspire-download-services"",""Conform verordening; validatie uitgevoerd met de ETF Validator voor INSPIRE view en downloadservices versie 1.4.1";"Conform technische specificatie; validatie uitgevoerd met de ETF Validator voor INSPIRE view en downloadservices versie 1.4.1"",""true";"true""
"2b083039-6662-47f3-b6d5-d00af64f91ef","Waterschappen Nuts-Overheidsdiensten (INSPIRE geharmoniseerd) ATOM","https://service.pdok.nl/hwh/waterschappen-nutsdiensten-en-overheidsdiensten/atom/index.xml","download",""https:\/\/eur-lex.europa.eu\/eli\/reg\/2009\/976";"https:\/\/inspire.ec.europa.eu\/documents\/technical-guidance-implementation-inspire-download-services"",""Conform verordening; validatie uitgevoerd met de ETF Validator voor INSPIRE view en downloadservices versie 1.4.1";"Conform technische specificatie; validatie uitgevoerd met de ETF Validator voor INSPIRE view en downloadservices versie 1.4.1"",""true";"true""
"a7b5bbd9-97a2-4ffa-89b5-1315ce03ff1c","Hoofdwegen volgens Richtlijn Omgevingslawaai 2022 (INSPIRE geharmoniseerd) ATOM","https://service.pdok.nl/ienw/hoofdwegen-omgevingslawaai-geharmoniseerd/atom/index.xml","download",""https:\/\/eur-lex.europa.eu\/eli\/reg\/2009\/976";"https:\/\/inspire.ec.europa.eu\/documents\/technical-guidance-implementation-inspire-download-services"",""Conform verordening; validatie uitgevoerd met de ETF Validator voor INSPIRE view en downloadservices versie 1.4.1";"Conform technische specificatie; validatie uitgevoerd met de ETF Validator voor INSPIRE view en downloadservices versie 1.4.1"",""true";"true""
"2b087d2c-6a1c-4746-95c6-3d40bc4294f9","Actueel Hoogtebestand Nederland (AHN) ATOM","https://service.pdok.nl/rws/actueel-hoogtebestand-nederland/atom/index.xml","download",""http:\/\/data.europa.eu\/eli\/reg\/2009\/976";"https:\/\/inspire.ec.europa.eu\/documents\/technical-guidance-implementation-inspire-download-services"",""Conform verordening";"Conform technische specificatie"",""true";"true""
"4d234572-712f-41fd-b2b4-d1775adb4c68","BRO - Wandonderzoek (SFR) - Bodem (INSPIRE geharmoniseerd) ATOM","https://service.pdok.nl/tno/bro-wandonderzoek-geharmoniseerd/atom/index.xml","download",""https:\/\/eur-lex.europa.eu\/eli\/reg\/2009\/976";"https:\/\/inspire.ec.europa.eu\/documents\/technical-guidance-implementation-inspire-download-services"",""Conform verordening; validatie uitgevoerd met de ETF Validator voor INSPIRE view en downloadservices versie 1.4.1";"Conform technische specificatie; validatie uitgevoerd met de ETF Validator voor INSPIRE view en downloadservices versie 1.4.1"",""true";"true""
"5a6c27b9-a7ed-4461-bd8c-4d022d04f1b0","Zwemwater (Provinciaal en Rijkswateren) (INSPIRE geharmoniseerd) ATOM","https://service.pdok.nl/provincies/zwemwater-provinciaal-rijkswateren/atom/v1_0/index.xml","download",""https:\/\/eur-lex.europa.eu\/eli\/reg\/2009\/976";"https:\/\/inspire.ec.europa.eu\/documents\/technical-guidance-implementation-inspire-download-services"",""Conform verordening; validatie uitgevoerd met de ETF Validator voor INSPIRE view en downloadservices versie 1.4.1";"Conform technische specificatie; Validatie uitgevoerd met de ETF Validator voor INSPIRE view en downloadservices versie 1.4.1"",""true";"true""
"9220097c-ffa6-4763-b3e3-2cedbbe389a5","BRO - Geotechnisch booronderzoek (BHR-GT) - Geologie (INSPIRE geharmoniseerd) ATOM","https://service.pdok.nl/tno/bro-geotechnisch-booronderzoek-geharmoniseerd/atom/index.xml","download",""https:\/\/eur-lex.europa.eu\/eli\/reg\/2009\/976";"https:\/\/inspire.ec.europa.eu\/documents\/technical-guidance-implementation-inspire-download-services"",""Conform verordening; validatie uitgevoerd met de ETF Validator voor INSPIRE view en downloadservices versie 1.4.1";"Conform technische specificatie; validatie uitgevoerd met de ETF Validator voor INSPIRE view en downloadservices versie 1.4.1"",""true";"true""
"bb85e473-c04a-42a6-9fdc-f0bb0239327e","Gebouwen (INSPIRE geharmoniseerd) ATOM","https://service.pdok.nl/kadaster/bu/atom/index.xml","download",""https:\/\/eur-lex.europa.eu\/eli\/reg\/2009\/976";"https:\/\/inspire.ec.europa.eu\/documents\/technical-guidance-implementation-inspire-download-services"",""Conform verordening; validatie uitgevoerd met de ETF Validator voor INSPIRE view en downloadservices versie 1.4.1";"Conform technische specificatie; Validatie uitgevoerd met de ETF Validator voor INSPIRE view en downloadservices versie 1.4.1"",""true";"true""
"7e2bf379-b9d6-413f-85da-ddbea7582554","Mossel- en oesterhabitats ATOM","https://service.pdok.nl/rvo/mossel-en-oesterhabitats/atom/index.xml","download",""https:\/\/eur-lex.europa.eu\/eli\/reg\/2009\/976";"https:\/\/inspire.ec.europa.eu\/documents\/technical-guidance-implementation-inspire-download-services"",""Conform verordening; validatie uitgevoerd met de ETF Validator voor INSPIRE view en downloadservices versie 1.4.1";"Conform technische specificatie; validatie uitgevoerd met de ETF Validator voor INSPIRE view en downloadservices versie 1.4.1"",""true";"true""
"28e6b45e-7627-454d-99a0-4119bbe1678d","CBS Bestand bodemgebruik 2017 ATOM","https://service.pdok.nl/cbs/bestand-bodemgebruik-2017/atom/index.xml","download",""https:\/\/eur-lex.europa.eu\/eli\/reg\/2009\/976";"https:\/\/inspire.ec.europa.eu\/documents\/technical-guidance-implementation-inspire-download-services"",""Conform verordening; validatie uitgevoerd met de ETF Validator voor INSPIRE view en downloadservices versie 1.4.1";"Conform technische specificatie; validatie uitgevoerd met de ETF Validator voor INSPIRE view en downloadservices versie 1.4.1"",""true";"true""
"f8b4a0b9-9687-435e-a271-c8403dec630e","Habitatrichtlijn verspreiding van soorten ATOM","https://service.pdok.nl/rvo/habitatrichtlijn-verspreiding-soorten/atom/index.xml","download",""https:\/\/eur-lex.europa.eu\/eli\/reg\/2009\/976";"https:\/\/inspire.ec.europa.eu\/documents\/technical-guidance-implementation-inspire-download-services"",""Conform verordening; validatie uitgevoerd met de ETF Validator voor INSPIRE view en downloadservices versie 1.4.1";"Conform technische specificatie; validatie uitgevoerd met de ETF Validator voor INSPIRE view en downloadservices versie 1.4.1"",""true";"true""
"7cde0535-5a23-417c-a807-fb39f9c2213e","Potentieel koude en warmte uit open en gesloten WKO systemen (GJ/ha.jaar) ATOM","https://service.pdok.nl/rvo/potentieel-warmte-koude-opslagsystemen/atom/index.xml","download",""https:\/\/eur-lex.europa.eu\/eli\/reg\/2009\/976";"https:\/\/inspire.ec.europa.eu\/documents\/technical-guidance-implementation-inspire-download-services"",""Conform verordening; validatie uitgevoerd met de ETF Validator voor INSPIRE view en downloadservices versie 1.4.1";"Conform technische specificatie; validatie uitgevoerd met de ETF Validator voor INSPIRE view en downloadservices versie 1.4.1"",""true";"true""
"88c6f637-ed7a-4d3a-8ff3-afc8a6b744d6","Hydrografie (INSPIRE geharmoniseerd) ATOM","https://service.pdok.nl/kadaster/brt-hydrografie/atom/index.xml","download",""https:\/\/eur-lex.europa.eu\/eli\/reg\/2009\/976";"https:\/\/inspire.ec.europa.eu\/documents\/technical-guidance-implementation-inspire-download-services"",""Conform verordening; validatie uitgevoerd met de ETF Validator voor INSPIRE view en downloadservices versie 1.4.1";"Conform technische specificatie; validatie uitgevoerd met de ETF Validator voor INSPIRE view en downloadservices versie 1.4.1"",""true";"true""
"b6eb140e-4eee-4537-9be0-5e12db129e68","Mosselzaadinvanginstallaties ATOM","https://service.pdok.nl/rvo/mosselzaadinvanginstallaties/atom/index.xml","download",""https:\/\/eur-lex.europa.eu\/eli\/reg\/2009\/976";"https:\/\/inspire.ec.europa.eu\/documents\/technical-guidance-implementation-inspire-download-services"",""Conform verordening; validatie uitgevoerd met de ETF Validator voor INSPIRE view en downloadservices versie 1.4.1";"Conform technische specificatie; validatie uitgevoerd met de ETF Validator voor INSPIRE view en downloadservices versie 1.4.1"",""true";"true""
"d624bfd0-8f21-44c4-a22c-0f0877a539fc","Geluidszones rondom vliegvelden (INSPIRE geharmoniseerd) ATOM","https://service.pdok.nl/provincies/geluidzones-rondom-vliegvelden/atom/index.xml","download",""https:\/\/eur-lex.europa.eu\/eli\/reg\/2009\/976";"https:\/\/inspire.ec.europa.eu\/documents\/technical-guidance-implementation-inspire-download-services"",""Conform verordening; validatie uitgevoerd met de ETF Validator voor INSPIRE view en downloadservices versie 1.4.1";"Conform technische specificatie; Validatie uitgevoerd met de ETF Validator voor INSPIRE view en downloadservices versie 1.4.1"",""true";"true""
"101304f0-2cf2-4ce0-aa23-cd7e4000fbba","Zeegebieden (INSPIRE geharmoniseerd) ATOM","https://service.pdok.nl/kadaster/brt-zeegebieden/atom/index.xml","download",""https:\/\/eur-lex.europa.eu\/eli\/reg\/2009\/976";"https:\/\/inspire.ec.europa.eu\/documents\/technical-guidance-implementation-inspire-download-services"",""Conform verordening; validatie uitgevoerd met de ETF Validator voor INSPIRE view en downloadservices versie 1.4.1";"Conform technische specificatie; validatie uitgevoerd met de ETF Validator voor INSPIRE view en downloadservices versie 1.4.1"",""true";"true""
"edeb3e54-11e0-438c-a0e2-2675e4ef9fe9","Invasieve Exoten (INSPIRE geharmoniseerd) ATOM","https://service.pdok.nl/rvo/invasieve-exoten-geharmoniseerd/atom/index.xml","download",""https:\/\/eur-lex.europa.eu\/eli\/reg\/2009\/976";"https:\/\/inspire.ec.europa.eu\/documents\/technical-guidance-implementation-inspire-download-services"",""Conform verordening; validatie uitgevoerd met de ETF Validator voor INSPIRE view en downloadservices versie 1.4.1";"Conform technische specificatie; validatie uitgevoerd met de ETF Validator voor INSPIRE view en downloadservices versie 1.4.1"",""true";"true""
"a91c9954-398a-43ab-b625-0068710d48b0","Vaarweg Netwerk Data Service (VNDS) - bevaarbaarheid ATOM","https://service.pdok.nl/rws/vaarweg-netwerk-data-service-bevaarbaarheid/atom/index.xml","download",""https:\/\/eur-lex.europa.eu\/eli\/reg\/2009\/976";"https:\/\/inspire.ec.europa.eu\/documents\/technical-guidance-implementation-inspire-download-services"",""Conform verordening; validatie uitgevoerd met de ETF Validator voor INSPIRE view en downloadservices versie 1.4.1";"Conform technische specificatie; validatie uitgevoerd met de ETF Validator voor INSPIRE view en downloadservices versie 1.4.1"",""true";"true""
"5559960d-37a1-4cab-ab09-5836dd700f45","BRO - Geologisch booronderzoek (BHR-G) ATOM","https://service.pdok.nl/tno/bro-geologisch-booronderzoek/atom/index.xml","download",""https:\/\/eur-lex.europa.eu\/eli\/reg\/2009\/976";"https:\/\/inspire.ec.europa.eu\/documents\/technical-guidance-implementation-inspire-download-services"",""Conform verordening; validatie uitgevoerd met de ETF Validator voor INSPIRE view en downloadservices versie 1.4.1";"Conform technische specificatie; validatie uitgevoerd met de ETF Validator voor INSPIRE view en downloadservices versie 1.4.1"",""true";"true""
"8fb3a06d-af1a-4da9-a769-41edf3591805","Stiltegebieden - Provincies (INSPIRE geharmoniseerd) ATOM","https://service.pdok.nl/provincies/stiltegebieden/atom/index.xml","download",""https:\/\/eur-lex.europa.eu\/eli\/reg\/2009\/976";"https:\/\/inspire.ec.europa.eu\/documents\/technical-guidance-implementation-inspire-download-services"",""Conform verordening; validatie uitgevoerd met de ETF Validator voor INSPIRE view en downloadservices versie 1.4.1";"Conform technische specificatie; Validatie uitgevoerd met de ETF Validator voor INSPIRE view en downloadservices versie 1.4.1"",""true";"true""
"0ab88d51-68fd-424e-8e22-8010bb023c0b","BRO - Bodemkundig booronderzoek (BHR-P) - Geologie (INSPIRE geharmoniseerd) ATOM","https://service.pdok.nl/tno/bro-bodemkundig-booronderzoek-geologie-geharmoniseerd/atom/index.xml","download",""https:\/\/eur-lex.europa.eu\/eli\/reg\/2009\/976";"https:\/\/inspire.ec.europa.eu\/documents\/technical-guidance-implementation-inspire-download-services"",""Conform verordening; validatie uitgevoerd met de ETF Validator voor INSPIRE view en downloadservices versie 1.4.1";"Conform technische specificatie; validatie uitgevoerd met de ETF Validator voor INSPIRE view en downloadservices versie 1.4.1"",""true";"true""
"b768d4c7-c838-4b38-9d9c-c430f2b8fae3","BRO Bodemkundig Booronderzoek (BHR-P) ATOM","https://service.pdok.nl/tno/bro-bodemkundig-booronderzoek/atom/index.xml","download",""https:\/\/data.europa.eu\/eli\/reg\/2009\/976";"https:\/\/inspire.ec.europa.eu\/documents\/technical-guidance-implementation-inspire-download-services"",""Conform verordening";"Conform technische specificatie"",""true";"true""
"dbb84969-8094-43e5-8824-245f1190a471","Nuts- en Overheidsdiensten - Riool - Milieu management voorziening - RSA (INSPIRE geharmoniseerd) ATOM","https://service.pdok.nl/rws/rioolnetwerk-milieumanagementvoorziening/atom/index.xml","download",""https:\/\/eur-lex.europa.eu\/eli\/reg\/2009\/976";"https:\/\/inspire.ec.europa.eu\/documents\/technical-guidance-implementation-inspire-download-services"",""Conform verordening; validatie uitgevoerd met de ETF Validator voor INSPIRE view en downloadservices versie 1.4.1";"Conform technische specificatie; validatie uitgevoerd met de ETF Validator voor INSPIRE view en downloadservices versie 1.4.1"",""true";"true""
"67ab27cb-df8c-4ebd-949e-f09ec3fcb17a","Nuts- en Overheidsdiensten - Riool - Leidingelementen - RSA (INSPIRE geharmoniseerd) ATOM","https://service.pdok.nl/rws/rioolnetwerk-leidingelementen/atom/index.xml","download",""https:\/\/eur-lex.europa.eu\/eli\/reg\/2009\/976";"https:\/\/inspire.ec.europa.eu\/documents\/technical-guidance-implementation-inspire-download-services"",""Conform verordening; validatie uitgevoerd met de ETF Validator voor INSPIRE view en downloadservices versie 1.4.1";"Conform technische specificatie; validatie uitgevoerd met de ETF Validator voor INSPIRE view en downloadservices versie 1.4.1"",""true";"true""
"46471a8c-eefe-441a-b57b-ab0a1923bc12","KRW Stroomgebieddistricten (INSPIRE geharmoniseerd) ATOM","https://service.pdok.nl/ihw/krw-stroomgebieddistricten-geharmoniseerd/atom/index.xml","download",""https:\/\/eur-lex.europa.eu\/eli\/reg\/2009\/976";"https:\/\/inspire.ec.europa.eu\/documents\/technical-guidance-implementation-inspire-download-services"",""Conform verordening; validatie uitgevoerd met de ETF Validator voor INSPIRE view en downloadservices versie 1.4.1";"Conform technische specificatie; validatie uitgevoerd met de ETF Validator voor INSPIRE view en downloadservices versie 1.4.1"",""true";"true""
"2fa191f3-55df-4016-bb08-8da445b952fe","Windsnelheden op 100m hoogte (m/s) ATOM","https://service.pdok.nl/rvo/windsnelheden/atom/index.xml","download",""https:\/\/eur-lex.europa.eu\/eli\/reg\/2009\/976";"https:\/\/inspire.ec.europa.eu\/documents\/technical-guidance-implementation-inspire-download-services"",""Conform verordening; validatie uitgevoerd met de ETF Validator voor INSPIRE view en downloadservices versie 1.4.1";"Conform technische specificatie; Validatie uitgevoerd met de ETF Validator voor INSPIRE view en downloadservices versie 1.4.1"",""true";"true""
"d26f2071-9747-46a2-bb74-723ffb01559e","KRW Grondwaterlichamen (INSPIRE geharmoniseerd) ATOM","https://service.pdok.nl/ihw/krw-grondwaterlichamen-geharmoniseerd/atom/index.xml","download",""https:\/\/eur-lex.europa.eu\/eli\/reg\/2009\/976";"https:\/\/inspire.ec.europa.eu\/documents\/technical-guidance-implementation-inspire-download-services"",""Conform verordening; validatie uitgevoerd met de ETF Validator voor INSPIRE view en downloadservices versie 1.4.1";"Conform technische specificatie; validatie uitgevoerd met de ETF Validator voor INSPIRE view en downloadservices versie 1.4.1"",""true";"true""
"7a4c7031-08cf-4bbf-b3dc-179a457b0674","Statistical Units Vector (INSPIRE geharmoniseerd) ATOM","https://service.pdok.nl/cbs/statistical-units-vector/atom/index.xml","download",""https:\/\/eur-lex.europa.eu\/eli\/reg\/2009\/976";"https:\/\/inspire.ec.europa.eu\/documents\/technical-guidance-implementation-inspire-download-services"",""Conform verordening; validatie uitgevoerd met de ETF Validator voor INSPIRE view en downloadservices versie 1.4.1";"Conform technische specificatie; validatie uitgevoerd met de ETF Validator voor INSPIRE view en downloadservices versie 1.4.1"",""true";"true""
"559f7f5b-44fc-4003-9fb5-4d8c9aff6060","Vervoersnetwerken (INSPIRE geharmoniseerd) ATOM","https://service.pdok.nl/kadaster/brt-vervoersnetwerken/atom/index.xml","download",""https:\/\/eur-lex.europa.eu\/eli\/reg\/2009\/976";"https:\/\/inspire.ec.europa.eu\/documents\/technical-guidance-implementation-inspire-download-services"",""Conform verordening; validatie uitgevoerd met de ETF Validator voor INSPIRE view en downloadservices versie 1.4.1";"Conform technische specificatie; validatie uitgevoerd met de ETF Validator voor INSPIRE view en downloadservices versie 1.4.1"",""true";"true""
"91b1f8ca-63a0-4ce6-b7e1-456ee6945638","Schelpdierpercelen (INSPIRE geharmoniseerd) ATOM","https://service.pdok.nl/rvo/schelpdierpercelen-geharmoniseerd/atom/index.xml","download",""https:\/\/eur-lex.europa.eu\/eli\/reg\/2009\/976";"https:\/\/inspire.ec.europa.eu\/documents\/technical-guidance-implementation-inspire-download-services"",""Conform verordening; validatie uitgevoerd met de ETF Validator voor INSPIRE view en downloadservices versie 1.4.1";"Conform technische specificatie; Validatie uitgevoerd met de ETF Validator voor INSPIRE view en downloadservices versie 1.4.1"",""true";"true""
"15d2aa2a-1e55-4ca4-986b-0d12768675a1","Natuurnetwerk Nederland - Provincies (INSPIRE geharmoniseerd) ATOM","https://service.pdok.nl/provincies/natuurnetwerk-nederland/atom/index.xml","download",""https:\/\/eur-lex.europa.eu\/eli\/reg\/2009\/976";"https:\/\/inspire.ec.europa.eu\/documents\/technical-guidance-implementation-inspire-download-services"",""Conform verordening; validatie uitgevoerd met de ETF Validator voor INSPIRE view en downloadservices versie 1.4.1";"Conform technische specificatie; Validatie uitgevoerd met de ETF Validator voor INSPIRE view en downloadservices versie 1.4.1"",""true";"true""
"0d7ca7bc-99de-4539-af33-70b206f29355","Adressen ATOM","https://service.pdok.nl/kadaster/bag-adressen/atom/index.xml","download",""https:\/\/eur-lex.europa.eu\/eli\/reg\/2009\/976";"https:\/\/inspire.ec.europa.eu\/documents\/technical-guidance-implementation-inspire-download-services"",""Conform verordening; validatie uitgevoerd met de ETF Validator voor INSPIRE view en downloadservices versie 1.4.1";"Conform technische specificatie; Validatie uitgevoerd met de ETF Validator voor INSPIRE view en downloadservices versie 1.4.1"",""true";"true""
"fa3ee2c5-6d2a-4e96-9ae3-3f3548932111","KRW Monitoringlocaties (INSPIRE geharmoniseerd) ATOM","https://service.pdok.nl/ihw/krw-monitoringlocaties-geharmoniseerd/atom/index.xml","download",""https:\/\/eur-lex.europa.eu\/eli\/reg\/2009\/976";"https:\/\/inspire.ec.europa.eu\/documents\/technical-guidance-implementation-inspire-download-services"",""Conform verordening; validatie uitgevoerd met de ETF Validator voor INSPIRE view en downloadservices versie 1.4.1";"Conform technische specificatie; validatie uitgevoerd met de ETF Validator voor INSPIRE view en downloadservices versie 1.4.1"",""true";"true""
"a6a249b9-70fe-4e47-bbe2-c864d712ed5b","CBS Vierkantstatistieken 500m ATOM","https://service.pdok.nl/cbs/vierkantstatistieken500m/atom/index.xml","download",""https:\/\/eur-lex.europa.eu\/eli\/reg\/2009\/976";"https:\/\/inspire.ec.europa.eu\/documents\/technical-guidance-implementation-inspire-download-services"",""Conform verordening; validatie uitgevoerd met de ETF Validator voor INSPIRE view en downloadservices versie 1.4.1";"Conform technische specificatie; validatie uitgevoerd met de ETF Validator voor INSPIRE view en downloadservices versie 1.4.1"",""true";"true""
"bbcaaf5b-fdf0-4a97-a729-05c0572ed4f9","Gebieden met Natuurrisico's - Overstromingen - Geobserveerde gebeurtenis - Richtlijn Overstromingsrisico's (ROR) (INSPIRE geharmoniseerd) ATOM","https://service.pdok.nl/rws/overstromingen-gebeurtenis/atom/index.xml","download",""https:\/\/eur-lex.europa.eu\/eli\/reg\/2009\/976";"https:\/\/inspire.ec.europa.eu\/documents\/technical-guidance-implementation-inspire-download-services"",""Conform verordening; validatie uitgevoerd met de ETF Validator voor INSPIRE view en downloadservices versie 1.4.1";"Conform technische specificatie; validatie uitgevoerd met de ETF Validator voor INSPIRE view en downloadservices versie 1.4.1"",""true";"true""
"b4c6ba17-5daa-47b5-a029-341e2cf772e5","Hydrografie: Netwerk (INSPIRE geharmoniseerd) ATOM","https://service.pdok.nl/rws/hydrografie-netwerk/atom/index.xml","download",""https:\/\/eur-lex.europa.eu\/eli\/reg\/2009\/976";"https:\/\/inspire.ec.europa.eu\/documents\/technical-guidance-implementation-inspire-download-services"",""Conform verordening; validatie uitgevoerd met de ETF Validator voor INSPIRE view en downloadservices versie 1.4.1";"Conform technische specificatie; validatie uitgevoerd met de ETF Validator voor INSPIRE view en downloadservices versie 1.4.1"",""true";"true""
"e222648d-d19e-4a99-a67d-2af1c9aabd75","Kadastrale Percelen (INSPIRE geharmoniseerd) ATOM","https://service.pdok.nl/kadaster/brk-kadastrale-percelen/atom/index.xml","download",""https:\/\/eur-lex.europa.eu\/eli\/reg\/2009\/976";"https:\/\/inspire.ec.europa.eu\/documents\/technical-guidance-implementation-inspire-download-services"",""Conform verordening; validatie uitgevoerd met de ETF Validator voor INSPIRE view en downloadservices versie 1.4.1";"Conform technische specificatie; Validatie uitgevoerd met de ETF Validator voor INSPIRE view en downloadservices versie 1.4.1"",""true";"true""
"2751ba40-5100-4186-81be-b7fdee95b49c","Wetlands ATOM","https://service.pdok.nl/rvo/wetlands/atom/index.xml","download",""https:\/\/eur-lex.europa.eu\/eli\/reg\/2009\/976";"https:\/\/inspire.ec.europa.eu\/documents\/technical-guidance-implementation-inspire-download-services"",""Conform verordening; validatie uitgevoerd met de ETF Validator voor INSPIRE view en downloadservices versie 1.4.1";"Conform technische specificatie; Validatie uitgevoerd met de ETF Validator voor INSPIRE view en downloadservices versie 1.4.1"",""true";"true""
"c0bef00c-e00c-4004-93c6-7bb8df62ec38","CBS Existing Land Use (INSPIRE geharmoniseerd) ATOM","https://service.pdok.nl/cbs/landuse/atom/index.xml","download",""https:\/\/eur-lex.europa.eu\/eli\/reg\/2009\/976";"https:\/\/inspire.ec.europa.eu\/documents\/technical-guidance-implementation-inspire-download-services"",""Conform verordening; validatie uitgevoerd met de ETF Validator voor INSPIRE view en downloadservices versie 1.4.1";"Conform technische specificatie; validatie uitgevoerd met de ETF Validator voor INSPIRE view en downloadservices versie 1.4.1"",""true";"true""
"838d49cd-bcec-4e92-9172-fabb96c21b3d","Publiekrechtelijke beperkingen ATOM","https://service.pdok.nl/kadaster/brk-publiekrechtelijke-beperkingen-wkpb/atom/index.xml","download",""http:\/\/data.europa.eu\/eli\/reg\/2009\/976";"https:\/\/inspire.ec.europa.eu\/documents\/technical-guidance-implementation-inspire-download-services"",""Conform verordening";"Conform technische specificatie"",""true";"true""
"272cea07-6e81-4f0c-9db3-b4a4031f7bce","Schelpdierpercelen ATOM","https://service.pdok.nl/rvo/schelpdierpercelen/atom/index.xml","download",""https:\/\/eur-lex.europa.eu\/eli\/reg\/2009\/976";"https:\/\/inspire.ec.europa.eu\/documents\/technical-guidance-implementation-inspire-download-services"",""Conform verordening; validatie uitgevoerd met de ETF Validator voor INSPIRE view en downloadservices versie 1.4.1";"Conform technische specificatie; validatie uitgevoerd met de ETF Validator voor INSPIRE view en downloadservices versie 1.4.1"",""true";"true""
"47d416f8-76e8-441c-9b19-c8f889dfe62c","Geografische namen (INSPIRE geharmoniseerd) ATOM","https://service.pdok.nl/kadaster/brt-geografische-namen/atom/index.xml","download",""https:\/\/eur-lex.europa.eu\/eli\/reg\/2009\/976";"https:\/\/inspire.ec.europa.eu\/documents\/technical-guidance-implementation-inspire-download-services"",""Conform verordening; validatie uitgevoerd met de ETF Validator voor INSPIRE view en downloadservices versie 1.4.1";"Conform technische specificatie; validatie uitgevoerd met de ETF Validator voor INSPIRE view en downloadservices versie 1.4.1"",""true";"true""
"281d7dc5-68b2-4e2c-a427-3188b8a4a6e6","BRO Milieuhygiënisch Bodemonderzoek (SAD) ATOM","https://service.pdok.nl/tno/bro-milieuhygienisch-bodemonderzoek/atom/index.xml","download",""https:\/\/eur-lex.europa.eu\/eli\/reg\/2009\/976";"https:\/\/inspire.ec.europa.eu\/documents\/technical-guidance-implementation-inspire-download-services"",""Conform verordening; validatie uitgevoerd met de ETF Validator voor INSPIRE view en downloadservices versie 1.4.1";"Conform technische specificatie; validatie uitgevoerd met de ETF Validator voor INSPIRE view en downloadservices versie 1.4.1"",""true";"true""
"7827e997-00da-4164-84b1-a86cac78b32b","Richtlijn Stedelijk Afvalwater (RSA) ATOM","https://service.pdok.nl/rws/richtlijn-stedelijk-afvalwater/atom/index.xml","download",""https:\/\/eur-lex.europa.eu\/eli\/reg\/2009\/976";"https:\/\/inspire.ec.europa.eu\/documents\/technical-guidance-implementation-inspire-download-services"",""Conform verordening; validatie uitgevoerd met de ETF Validator voor INSPIRE view en downloadservices versie 1.4.1";"Conform technische specificatie; validatie uitgevoerd met de ETF Validator voor INSPIRE view en downloadservices versie 1.4.1"",""true";"true""
"71b8214f-7525-45bd-bdee-2c60f32a1725","NWB - Wegen (Nationaal Wegen Bestand) ATOM","https://service.pdok.nl/rws/nationaal-wegenbestand-wegen/atom/index.xml","download",""https:\/\/eur-lex.europa.eu\/eli\/reg\/2009\/976";"https:\/\/inspire.ec.europa.eu\/documents\/technical-guidance-implementation-inspire-download-services"",""Conform verordening; validatie uitgevoerd met de ETF Validator voor INSPIRE view en downloadservices versie 1.4.1";"Conform technische specificatie; validatie uitgevoerd met de ETF Validator voor INSPIRE view en downloadservices versie 1.4.1"",""true";"true""
"699b9d23-6c8f-4cbd-af52-00cfaa2eb16e","Kaderrichtlijn Mariene Strategie (INSPIRE geharmoniseerd) ATOM","https://service.pdok.nl/rvo/kaderrichtlijn-mariene-strategie-geharmoniseerd/atom/index.xml","download",""https:\/\/eur-lex.europa.eu\/eli\/reg\/2009\/976";"https:\/\/inspire.ec.europa.eu\/documents\/technical-guidance-implementation-inspire-download-services"",""Conform verordening; validatie uitgevoerd met de ETF Validator voor INSPIRE view en downloadservices versie 1.4.1";"Conform technische specificatie; validatie uitgevoerd met de ETF Validator voor INSPIRE view en downloadservices versie 1.4.1"",""true";"true""
"bd8d14d2-0445-46e1-a3dd-93a174f1059d","Waterschappen Hydrografie (INSPIRE geharmoniseerd) ATOM","https://service.pdok.nl/hwh/waterschappen-hydrografie/atom/index.xml","download",""https:\/\/eur-lex.europa.eu\/eli\/reg\/2009\/976";"https:\/\/inspire.ec.europa.eu\/documents\/technical-guidance-implementation-inspire-download-services"",""Conform verordening; validatie uitgevoerd met de ETF Validator voor INSPIRE view en downloadservices versie 1.4.1";"Conform technische specificatie; validatie uitgevoerd met de ETF Validator voor INSPIRE view en downloadservices versie 1.4.1"",""true";"true""
"23c7fb9e-3cca-4cb8-987a-bda4b9c3322f","BRO - Bodemkundig booronderzoek (BHR-P) - Bodem (INSPIRE geharmoniseerd) ATOM","https://service.pdok.nl/tno/bro-bodemkundig-booronderzoek-bodem-geharmoniseerd/atom/index.xml","download",""https:\/\/eur-lex.europa.eu\/eli\/reg\/2009\/976";"https:\/\/inspire.ec.europa.eu\/documents\/technical-guidance-implementation-inspire-download-services"",""Conform verordening; validatie uitgevoerd met de ETF Validator voor INSPIRE view en downloadservices versie 1.4.1";"Conform technische specificatie; validatie uitgevoerd met de ETF Validator voor INSPIRE view en downloadservices versie 1.4.1"",""true";"true""
"a0ad469d-be1b-4d38-b699-faf946666bcc","BAG ATOM","https://service.pdok.nl/kadaster/bag/atom/index.xml","download","#notpresent",""VERORDENING (EG) Nr. 976\/2009 VAN DE COMMISSIE van 19 oktober 2009 tot uitvoering van Richtlijn 2007\/2\/EG van het Europees Parlement en de Raad wat betreft de netwerkdiensten";"Conform verordening; validatie uitgevoerd met de ETF Validator voor INSPIRE view en downloadservices versie 1.4.1";"Technical Guidance for the implementation of INSPIRE Download Services v3.11";"Conform technische specificatie; Validatie uitgevoerd met de ETF Validator voor INSPIRE view en downloadservices versie 1.4.1"",""true";"true""
"0017219b-fb75-47aa-a6bf-496f2514e545","Aardkundige Waarden - Provincies (INSPIRE geharmoniseerd) ATOM","https://service.pdok.nl/provincies/aardkundige-waarden/atom/index.xml","download",""https:\/\/eur-lex.europa.eu\/eli\/reg\/2009\/976";"https:\/\/inspire.ec.europa.eu\/documents\/technical-guidance-implementation-inspire-download-services"",""Conform verordening; validatie uitgevoerd met de ETF Validator voor INSPIRE view en downloadservices versie 1.4.1";"Conform technische specificatie; Validatie uitgevoerd met de ETF Validator voor INSPIRE view en downloadservices versie 1.4.1"",""true";"true""
"49751327-a51c-4023-baed-bb218496abce","Hoogte Nederland - land - DTM (INSPIRE geharmoniseerd) ATOM","https://service.pdok.nl/rws/hoogte-nederland-land-dtm/atom/index.xml/","download",""http:\/\/data.europa.eu\/eli\/reg\/2009\/976";"https:\/\/inspire.ec.europa.eu\/documents\/technical-guidance-implementation-inspire-download-services"",""Conform verordening";"Conform technische specificatie"",""true";"true""
"9ad3f0c0-9e2c-4d44-a467-b57920aa512f","Waterschappen Administratieve eenheden (INSPIRE geharmoniseerd) ATOM","https://service.pdok.nl/hwh/waterschappen-administratieve-eenheden/atom/index.xml","download",""https:\/\/eur-lex.europa.eu\/eli\/reg\/2009\/976";"https:\/\/inspire.ec.europa.eu\/documents\/technical-guidance-implementation-inspire-download-services"",""Conform verordening; validatie uitgevoerd met de ETF Validator voor INSPIRE view en downloadservices versie 1.4.1";"Conform technische specificatie; Validatie uitgevoerd met de ETF Validator voor INSPIRE view en downloadservices versie 1.4.1"",""true";"true""
"5afdff7a-bd61-48e8-a290-6adc83570a1c","BRO Grondwaterproductiedossier (GPD) ATOM","https://service.pdok.nl/tno/bro-grondwaterproductiedossier/atom/index.xml","download",""https:\/\/eur-lex.europa.eu\/eli\/reg\/2009\/976";"https:\/\/inspire.ec.europa.eu\/documents\/technical-guidance-implementation-inspire-download-services"",""Conform verordening; validatie uitgevoerd met de ETF Validator voor INSPIRE view en downloadservices versie 1.4.1";"Conform technische specificatie; validatie uitgevoerd met de ETF Validator voor INSPIRE view en downloadservices versie 1.4.1"",""true";"true""
"7a748a59-36f4-475b-9647-402b5ce89a1c","Bodemgebruik - Land Cover (INSPIRE geharmoniseerd) ATOM","https://service.pdok.nl/kadaster/brt-bodemgebruik/atom/index.xml","download",""https:\/\/eur-lex.europa.eu\/eli\/reg\/2009\/976";"https:\/\/inspire.ec.europa.eu\/documents\/technical-guidance-implementation-inspire-download-services"",""Conform verordening; validatie uitgevoerd met de ETF Validator voor INSPIRE view en downloadservices versie 1.4.1";"Conform technische specificatie; Validatie uitgevoerd met de ETF Validator voor INSPIRE view en downloadservices versie 1.4.1"",""true";"true""
"7bd02d32-581a-4936-a64f-1e8328078829","Gebiedsbeheer eenheden - Kwetsbaar gebied - RSA (INSPIRE geharmoniseerd) ATOM","https://service.pdok.nl/rws/kwetsbaar-gebied/atom/index.xml","download",""https:\/\/eur-lex.europa.eu\/eli\/reg\/2009\/976";"https:\/\/inspire.ec.europa.eu\/documents\/technical-guidance-implementation-inspire-download-services"",""Conform verordening; validatie uitgevoerd met de ETF Validator voor INSPIRE view en downloadservices versie 1.4.1";"Conform technische specificatie; validatie uitgevoerd met de ETF Validator voor INSPIRE view en downloadservices versie 1.4.1"",""true";"true""
"ea7c179c-0e30-4c29-acbc-d43e3b6c4f0f","BRO - Geologisch booronderzoek (BHR-G) - Geologie (INSPIRE geharmoniseerd) ATOM","https://service.pdok.nl/tno/bro-geologisch-booronderzoek-geharmoniseerd/atom/index.xml","download",""https:\/\/data.europa.eu\/eli\/reg\/2009\/976";"https:\/\/inspire.ec.europa.eu\/documents\/technical-guidance-implementation-inspire-download-services"",""Conform verordening";"Conform technische specificatie"",""true";"true""
"d84b0a71-4460-4e16-8a7e-5507f2e6bcbf","BRO Model Grondwaterspiegeldiepte (WDM) ATOM","https://service.pdok.nl/tno/bro-model-grondwaterspiegeldiepte/atom/index.xml","download",""https:\/\/eur-lex.europa.eu\/eli\/reg\/2009\/976";"https:\/\/inspire.ec.europa.eu\/documents\/technical-guidance-implementation-inspire-download-services"",""Conform verordening; validatie uitgevoerd met de ETF Validator voor INSPIRE view en downloadservices versie 1.4.1";"Conform technische specificatie; validatie uitgevoerd met de ETF Validator voor INSPIRE view en downloadservices versie 1.4.1"",""true";"true""
"1619798e-4254-4b85-8562-dc2a25338f48","CBS Vierkantstatistieken 100m ATOM","https://service.pdok.nl/cbs/vierkantstatistieken100m/atom/index.xml","download",""https:\/\/eur-lex.europa.eu\/eli\/reg\/2009\/976";"https:\/\/inspire.ec.europa.eu\/documents\/technical-guidance-implementation-inspire-download-services"",""Conform verordening; validatie uitgevoerd met de ETF Validator voor INSPIRE view en downloadservices versie 1.4.1";"Conform technische specificatie; Validatie uitgevoerd met de ETF Validator voor INSPIRE view en downloadservices versie 1.4.1"",""true";"true""
"78155dcb-61fa-4c16-896f-637f5936ce6c","Zwemwaterkwaliteit (Provinciaal en Rijkswateren) (INSPIRE geharmoniseerd) ATOM","https://service.pdok.nl/provincies/zwemwaterkwaliteit-provinciaal-rijkswateren/atom/index.xml","download",""https:\/\/eur-lex.europa.eu\/eli\/reg\/2009\/976";"https:\/\/inspire.ec.europa.eu\/documents\/technical-guidance-implementation-inspire-download-services"",""Conform verordening; validatie uitgevoerd met de ETF Validator voor INSPIRE view en downloadservices versie 1.4.1";"Conform technische specificatie; Validatie uitgevoerd met de ETF Validator voor INSPIRE view en downloadservices versie 1.4.1"",""true";"true""
"7358a8bc-42db-4eeb-9b3e-a081f7803b45","Administratieve Eenheden (INSPIRE geharmoniseerd) ATOM","https://service.pdok.nl/kadaster/brk-administratieve-eenheden/atom/index.xml","download",""https:\/\/eur-lex.europa.eu\/eli\/reg\/2009\/976";"https:\/\/inspire.ec.europa.eu\/documents\/technical-guidance-implementation-inspire-download-services"",""Conform verordening; validatie uitgevoerd met de ETF Validator voor INSPIRE view en downloadservices versie 1.4.1";"Conform technische specificatie; Validatie uitgevoerd met de ETF Validator voor INSPIRE view en downloadservices versie 1.4.1"",""true";"true""
"18b9e1e4-dac6-4d26-a37b-94bb309c03cf","Gepland landgebruik DSO-LV Omgevingswet (INSPIRE geharmoniseerd) ATOM","https://service.pdok.nl/kadaster/omgevingswet-planned-land-use/atom/index.xml","download",""https:\/\/eur-lex.europa.eu\/eli\/reg\/2009\/976";"https:\/\/inspire.ec.europa.eu\/documents\/technical-guidance-implementation-inspire-download-services"",""Conform verordening; validatie uitgevoerd met de ETF Validator voor INSPIRE view en downloadservices versie 1.4.1";"Conform technische specificatie; validatie uitgevoerd met de ETF Validator voor INSPIRE view en downloadservices versie 1.4.1"",""true";"true""
"86bf5671-a34b-4a79-a45c-276e4498dee3","Gebieden met Natuurrisico's - Overstromingen - Risicogebied - Richtlijn Overstromingsrisico's (ROR) (INSPIRE geharmoniseerd) ATOM","https://service.pdok.nl/rws/overstromingen-risicogebied/atom/index.xml","download",""https:\/\/eur-lex.europa.eu\/eli\/reg\/2009\/976";"https:\/\/inspire.ec.europa.eu\/documents\/technical-guidance-implementation-inspire-download-services"",""Conform verordening; validatie uitgevoerd met de ETF Validator voor INSPIRE view en downloadservices versie 1.4.1";"Conform technische specificatie; validatie uitgevoerd met de ETF Validator voor INSPIRE view en downloadservices versie 1.4.1"",""true";"true""
"95883512-2cc0-476f-8637-6d70709aefaf","Habitatrichtlijn verspreiding van habitattypen ATOM","https://service.pdok.nl/rvo/habitatrichtlijn-verspreiding-typen/atom/index.xml","download",""https:\/\/eur-lex.europa.eu\/eli\/reg\/2009\/976";"https:\/\/inspire.ec.europa.eu\/documents\/technical-guidance-implementation-inspire-download-services"",""Conform verordening; validatie uitgevoerd met de ETF Validator voor INSPIRE view en downloadservices versie 1.4.1";"Conform technische specificatie; validatie uitgevoerd met de ETF Validator voor INSPIRE view en downloadservices versie 1.4.1"",""true";"true""
"14390e7e-4b64-49b2-bfe6-4774532532f9","KRW Deelstroomgebieddistricten (INSPIRE geharmoniseerd) ATOM","https://service.pdok.nl/ihw/krw-deelstroomgebieddistricten-geharmoniseerd/atom/index.xml","download",""https:\/\/eur-lex.europa.eu\/eli\/reg\/2009\/976";"https:\/\/inspire.ec.europa.eu\/documents\/technical-guidance-implementation-inspire-download-services"",""Conform verordening; validatie uitgevoerd met de ETF Validator voor INSPIRE view en downloadservices versie 1.4.1";"Conform technische specificatie; validatie uitgevoerd met de ETF Validator voor INSPIRE view en downloadservices versie 1.4.1"",""true";"true""
"f95c6429-2cdf-47b8-bc2a-e614440050b8","Wetlands (INSPIRE geharmoniseerd) ATOM","https://service.pdok.nl/rvo/wetlands-geharmoniseerd/atom/index.xml","download",""https:\/\/eur-lex.europa.eu\/eli\/reg\/2009\/976";"https:\/\/inspire.ec.europa.eu\/documents\/technical-guidance-implementation-inspire-download-services"",""Conform verordening; validatie uitgevoerd met de ETF Validator voor INSPIRE view en downloadservices versie 1.4.1";"Conform technische specificatie; Validatie uitgevoerd met de ETF Validator voor INSPIRE view en downloadservices versie 1.4.1"",""true";"true""
"f7f45343-463e-43a5-a393-8bb1c15c523a","Natura 2000 (INSPIRE geharmoniseerd) ATOM","https://service.pdok.nl/rvo/natura2000-geharmoniseerd/atom/index.xml","download",""https:\/\/data.europa.eu\/eli\/reg\/2009\/976";"https:\/\/inspire.ec.europa.eu\/documents\/technical-guidance-implementation-inspire-download-services"",""Conform verordening";"Conform technische specificatie"",""true";"true""
"931b1a00-ad24-4eed-a73c-cb5441056136","Nationale Parken (INSPIRE geharmoniseerd) ATOM","https://service.pdok.nl/rvo/nationale-parken-geharmoniseerd/atom/index.xml","download",""https:\/\/eur-lex.europa.eu\/eli\/reg\/2009\/976";"https:\/\/inspire.ec.europa.eu\/documents\/technical-guidance-implementation-inspire-download-services"",""Conform verordening; validatie uitgevoerd met de ETF Validator voor INSPIRE view en downloadservices versie 1.4.1";"Conform technische specificatie; Validatie uitgevoerd met de ETF Validator voor INSPIRE view en downloadservices versie 1.4.1"",""true";"true""
"fe4b36d5-8f69-403f-b084-ce010a4ae3b2","Natura2000 ATOM","https://service.pdok.nl/rvo/natura2000/atom/index.xml","download",""https:\/\/eur-lex.europa.eu\/eli\/reg\/2009\/976";"https:\/\/inspire.ec.europa.eu\/documents\/technical-guidance-implementation-inspire-download-services"",""Conform verordening; validatie uitgevoerd met de ETF Validator voor INSPIRE view en downloadservices versie 1.4.1";"Conform technische specificatie; Validatie uitgevoerd met de ETF Validator voor INSPIRE view en downloadservices versie 1.4.1"",""false";"false""
"31555eca-d6ec-11ea-87d0-0242ac130003","BRO Grondwatersamenstellingsonderzoek ATOM","https://service.pdok.nl/tno/bro-grondwatersamenstellingsonderzoek/atom/index.xml","download",""https:\/\/data.europa.eu\/eli\/reg\/2009\/976";"https:\/\/inspire.ec.europa.eu\/documents\/technical-guidance-implementation-inspire-download-services"",""Conform verordening";"Conform technische specificatie"",""true";"true""
"710a6a9b-c09f-4660-b15a-2d5bee27e7e3","CBS Gebiedsindelingen ATOM","https://service.pdok.nl/cbs/gebiedsindelingen/atom/v1_0/index.xml","download",""https:\/\/eur-lex.europa.eu\/eli\/reg\/2009\/976";"https:\/\/inspire.ec.europa.eu\/documents\/technical-guidance-implementation-inspire-download-services"",""Conform verordening; validatie uitgevoerd met de ETF Validator voor INSPIRE view en downloadservices versie 1.4.1";"Conform technische specificatie; Validatie uitgevoerd met de ETF Validator voor INSPIRE view en downloadservices versie 1.4.1"",""true";"true""
"8100a54f-aa4c-4a27-bb39-d462789dc6f9","Nationaal Beschermde Gebieden (CDDA) ATOM","https://service.pdok.nl/rvo/nationaal-beschermde-gebieden-cdda/atom/index.xml","download",""https:\/\/eur-lex.europa.eu\/eli\/reg\/2009\/976";"https:\/\/inspire.ec.europa.eu\/documents\/technical-guidance-implementation-inspire-download-services"",""Conform verordening; validatie uitgevoerd met de ETF Validator voor INSPIRE view en downloadservices versie 1.4.1";"Conform technische specificatie; validatie uitgevoerd met de ETF Validator voor INSPIRE view en downloadservices versie 1.4.1"",""true";"true""
"56e8ce20-0e6f-4ef2-8c09-6e30bc3680b9","BRO Geomorfologische Kaart (GMM) ATOM","https://service.pdok.nl/tno/bro-geomorfologische-kaart/atom/index.xml","download",""https:\/\/eur-lex.europa.eu\/eli\/reg\/2009\/976";"https:\/\/inspire.ec.europa.eu\/documents\/technical-guidance-implementation-inspire-download-services"",""Conform verordening; validatie uitgevoerd met de ETF Validator voor INSPIRE view en downloadservices versie 1.4.1";"Conform technische specificatie; Validatie uitgevoerd met de ETF Validator voor INSPIRE view en downloadservices versie 1.4.1"",""true";"true""
"a3ff2537-0f2e-46e9-a0f8-9ec6ffac023d","BRO Grondwatergebruiksysteem (GUF) - Faciliteiten voor productie en industrie (INSPIRE geharmoniseerd) ATOM","https://service.pdok.nl/tno/bro-grondwatergebruiksysteem-geharmoniseerd/atom/index.xml","download",""https:\/\/eur-lex.europa.eu\/eli\/reg\/2009\/976";"https:\/\/inspire.ec.europa.eu\/documents\/technical-guidance-implementation-inspire-download-services"",""Conform verordening; validatie uitgevoerd met de ETF Validator voor INSPIRE view en downloadservices versie 1.4.1";"Conform technische specificatie; validatie uitgevoerd met de ETF Validator voor INSPIRE view en downloadservices versie 1.4.1"",""true";"true""
"08a784fe-0da8-4ede-bec9-c28fa81fc11d","Provinciaal Landschapsbeleid (voorheen Nationale Landschappen) - Provincies (INSPIRE geharmoniseerd) ATOM","https://service.pdok.nl/provincies/provinciaal-landschapsbeleid/atom/index.xml","download",""https:\/\/eur-lex.europa.eu\/eli\/reg\/2009\/976";"https:\/\/inspire.ec.europa.eu\/documents\/technical-guidance-implementation-inspire-download-services"",""Conform verordening; validatie uitgevoerd met de ETF Validator voor INSPIRE view en downloadservices versie 1.4.1";"Conform technische specificatie; Validatie uitgevoerd met de ETF Validator voor INSPIRE view en downloadservices versie 1.4.1"",""true";"true""
"8a594e51-9dcf-4ef3-9f67-7d73bfd71d27","Nationale Parken ATOM","https://service.pdok.nl/rvo/nationale-parken/atom/index.xml","download",""https:\/\/eur-lex.europa.eu\/eli\/reg\/2009\/976";"https:\/\/inspire.ec.europa.eu\/documents\/technical-guidance-implementation-inspire-download-services"",""Conform verordening; validatie uitgevoerd met de ETF Validator voor INSPIRE view en downloadservices versie 1.4.1";"Conform technische specificatie; Validatie uitgevoerd met de ETF Validator voor INSPIRE view en downloadservices versie 1.4.1"",""true";"true""
"06ae1c76-3d13-4894-aa1b-1edae29cafc8","BRO Milieuhygiënisch bodemonderzoek (SAD) - Geologie (INSPIRE geharmoniseerd) ATOM","https://service.pdok.nl/tno/bro-milieuhygienisch-bodemonderzoek-geologie/atom/index.xml","download",""https:\/\/eur-lex.europa.eu\/eli\/reg\/2009\/976";"https:\/\/inspire.ec.europa.eu\/documents\/technical-guidance-implementation-inspire-download-services"",""Conform verordening; validatie uitgevoerd met de ETF Validator voor INSPIRE view en downloadservices versie 1.4.1";"Conform technische specificatie; validatie uitgevoerd met de ETF Validator voor INSPIRE view en downloadservices versie 1.4.1"",""true";"true""
"eba3f6ec-496c-40e3-9d33-c11315523f26","Vervoersnetwerken - Waterwegen - Netwerk (INSPIRE geharmoniseerd) ATOM","https://service.pdok.nl/rws/vervoersnetwerken-waterwegen-netwerk/atom/index.xml","download",""https:\/\/eur-lex.europa.eu\/eli\/reg\/2009\/976";"https:\/\/inspire.ec.europa.eu\/documents\/technical-guidance-implementation-inspire-download-services"",""Conform verordening; validatie uitgevoerd met de ETF Validator voor INSPIRE view en downloadservices versie 1.4.1";"Conform technische specificatie; validatie uitgevoerd met de ETF Validator voor INSPIRE view en downloadservices versie 1.4.1"",""true";"true""
"b914aa84-1a15-4d6c-950e-00c739946029","Potentiekaart Restwarmte ATOM","https://service.pdok.nl/rvo/potentiekaart-restwarmte/atom/index.xml","download",""https:\/\/eur-lex.europa.eu\/eli\/reg\/2009\/976";"https:\/\/inspire.ec.europa.eu\/documents\/technical-guidance-implementation-inspire-download-services"",""Conform verordening; validatie uitgevoerd met de ETF Validator voor INSPIRE view en downloadservices versie 1.4.1";"Conform technische specificatie; Validatie uitgevoerd met de ETF Validator voor INSPIRE view en downloadservices versie 1.4.1"",""true";"true""
"641afa9a-2816-40d6-80b4-6bf0f75dc415","BRO Grondwatergebruik (GU) - Milieubewakingsvoorzieningen (INSPIRE geharmoniseerd) ATOM","https://service.pdok.nl/tno/bro-grondwatergebruik-geharmoniseerd/atom/index.xml","download",""https:\/\/eur-lex.europa.eu\/eli\/reg\/2009\/976";"https:\/\/inspire.ec.europa.eu\/documents\/technical-guidance-implementation-inspire-download-services"",""Conform verordening; validatie uitgevoerd met de ETF Validator voor INSPIRE view en downloadservices versie 1.4.1";"Conform technische specificatie; validatie uitgevoerd met de ETF Validator voor INSPIRE view en downloadservices versie 1.4.1"",""true";"true""
"4c1a54dc-9c7c-4129-995d-5df1b689c1e0","CBS Vierkantstatistieken 500m 2018 WFS","https://service.pdok.nl/cbs/vierkantstatistieken500m/2018/wfs/v1_0?request=GetCapabilities&service=WFS","other",""https:\/\/eur-lex.europa.eu\/eli\/reg\/2010\/1089";"http:\/\/inspire.ec.europa.eu\/id\/ats\/metadata\/2.0\/sds-invocable";"http:\/\/www.opengis.net\/def\/serviceType\/ogc\/wfs"",""Conform verordening; validatie uitgevoerd met de ETF Validator voor INSPIRE view en downloadservices versie 1.4.1";"De service voldoet aan de requirements van de invocable conformance class";"De service voldoet aan de requirements van de WFS 2.0 conformance class"",""true";"true";"true""
"be97c150-0d1b-4c59-adbf-a2d8ebde019c","CBS Vierkantstatistieken 500m 2019 WMS","https://service.pdok.nl/cbs/vierkantstatistieken500m/2019/wms/v1_0?request=GetCapabilities&service=WMS","view",""https:\/\/eur-lex.europa.eu\/eli\/reg\/2009\/976";"https:\/\/inspire.ec.europa.eu\/documents\/technical-guidance-implementation-inspire-view-services"",""Conform verordening; validatie uitgevoerd met de ETF Validator voor INSPIRE view en downloadservices versie 1.4.1";"Conform technische specificatie; validatie uitgevoerd met de ETF Validator voor INSPIRE view en downloadservices versie 1.4.1"",""true";"true""
"634a11eb-d72b-4688-b978-2743b8d1688f","BRO Milieuhygiënisch Bodemonderzoek (SAD) WMS","https://service.pdok.nl/tno/bro-milieuhygienisch-bodemonderzoek/wms/v1_0?request=GetCapabilities&service=WMS","view",""https:\/\/eur-lex.europa.eu\/eli\/reg\/2009\/976";"https:\/\/inspire.ec.europa.eu\/documents\/technical-guidance-implementation-inspire-view-services";"http:\/\/inspire.ec.europa.eu\/metadata-codelist\/QualityOfServiceCriteria\/availability";""",""Conform verordening; validatie uitgevoerd met de ETF Validator voor INSPIRE view en downloadservices versie 1.4.1";"Conform technische specificatie; validatie uitgevoerd met de ETF Validator voor INSPIRE view en downloadservices versie 1.4.1";""",""true";"true""
"c0efb5f0-1595-4259-b72c-6a3f2eedc110","Vaarweg Netwerk Data Service (VNDS) - bevaarbaarheid OGC API Features","https://api.pdok.nl/rws/vaarweg-netwerk-data-service-bevaarbaarheid/ogc/v1","other",""https:\/\/data.europa.eu\/eli\/reg\/2010\/1089";"http:\/\/inspire.ec.europa.eu\/id\/ats\/metadata\/2.0\/sds-invocable";"http:\/\/www.opengis.net\/def\/interface\/ogcapi-features"",""Conform verordening";"De service voldoet aan de requirements van de invocable conformance class";"is conform OGC API features specificatie"",""true";"true";"true""
"7b8f44b5-6eae-4113-a835-84b8678c3dd5","Beschermde Gebieden - Cultuurhistorie (INSPIRE geharmoniseerd) WMS","https://service.pdok.nl/rce/beschermde-gebieden-cultuurhistorie/wms/v1_0?request=GetCapabilities&service=WMS","view","#notpresent",""VERORDENING (EG) Nr. 976\/2009 VAN DE COMMISSIE van 19 oktober 2009 tot uitvoering van Richtlijn 2007\/2\/EG van het Europees Parlement en de Raad wat betreft de netwerkdiensten";"Conform verordening; validatie uitgevoerd met de ETF Validator voor INSPIRE view en downloadservices versie 1.4.1";"Technical Guidance for the implementation of INSPIRE View Services v3.1";"Conform technische specificatie; Validatie uitgevoerd met de ETF Validator voor INSPIRE view en downloadservices versie 1.4.1"",""true";"true""
"a9fa7fff-6365-4885-950c-e9d9848359ee","NWB - Wegen (Nationaal Wegen Bestand) WFS","https://service.pdok.nl/rws/nationaal-wegenbestand-wegen/wfs/v1_0?request=GetCapabilities&service=WFS","other",""https:\/\/eur-lex.europa.eu\/eli\/reg\/2010\/1089";"http:\/\/inspire.ec.europa.eu\/id\/ats\/metadata\/2.0\/sds-invocable";"http:\/\/www.opengis.net\/def\/serviceType\/ogc\/wfs"",""Conform verordening; validatie uitgevoerd met de ETF Validator voor INSPIRE view en downloadservices versie 1.4.1";"De service voldoet aan de requirements van de invocable conformance class";"De service voldoet aan de requirements van de WFS 2.0 conformance class"",""true";"true";"true""
"b01df8ab-b84b-4f35-a899-d256eadb6d48","CBS Wijken en buurten 2024 versie 1 OGC API Features","https://api.pdok.nl/cbs/wijken-en-buurten-2024/ogc/v1","other",""https:\/\/data.europa.eu\/eli\/reg\/2010\/1089";"http:\/\/inspire.ec.europa.eu\/id\/ats\/metadata\/2.0\/sds-invocable";"http:\/\/www.opengis.net\/def\/interface\/ogcapi-features"",""Conform verordening";"De service voldoet aan de requirements van de invocable conformance class";"is conform OGC API features specificatie"",""true";"true";"true""
"3e65fa1b-9bb1-41bd-9760-76962751b839","Scheepvaart Verkeersscheidingsstelsel Noordzee (Nederlands Continentaal Plat) WMS","https://service.pdok.nl/rws/scheepvaart-verkeersscheidingsstelsel-noordzee/wms/v1_0?request=GetCapabilities&service=WMS","view",""https:\/\/eur-lex.europa.eu\/eli\/reg\/2009\/976";"https:\/\/inspire.ec.europa.eu\/documents\/technical-guidance-implementation-inspire-view-services"",""Conform verordening; validatie uitgevoerd met de ETF Validator voor INSPIRE view en downloadservices versie 1.4.1";"Conform technische specificatie; validatie uitgevoerd met de ETF Validator voor INSPIRE view en downloadservices versie 1.4.1"",""true";"true""
"56a3a4f1-c1a0-4eb7-9a2b-b84e41f8903b","Publiekrechtelijke beperkingen WMS","https://service.pdok.nl/kadaster/brk-publiekrechtelijke-beperkingen-wkpb/wms/v1_0?request=GetCapabilities&service=WMS","view",""http:\/\/data.europa.eu\/eli\/reg\/2009\/976";"https:\/\/inspire.ec.europa.eu\/documents\/technical-guidance-implementation-inspire-view-services-1"",""Conform verordening";"Conform technische specificatie"",""true";"true""
"0df47f0f-bac2-4283-acf8-970d1282fcbe","Richtlijn Stedelijk Afvalwater (RSA) OGC API Features","https://api.pdok.nl/rws/richtlijn-stedelijk-afvalwater/ogc/v1/","other",""https:\/\/data.europa.eu\/eli\/reg\/2010\/1089";"http:\/\/inspire.ec.europa.eu\/id\/ats\/metadata\/2.0\/sds-invocable";"http:\/\/www.opengis.net\/def\/interface\/ogcapi-features"",""Conform verordening";"De service voldoet aan de requirements van de invocable conformance class";"is conform OGC API features specificatie"",""true";"true";"true""
"101a2cc7-bb53-4a16-98f9-bab1f4745b01","Beschermde Gebieden - Cultuurhistorie (INSPIRE geharmoniseerd) WFS","https://service.pdok.nl/rce/beschermde-gebieden-cultuurhistorie/wfs/v1_0?request=GetCapabilities&service=WFS","other",""https:\/\/eur-lex.europa.eu\/eli\/reg\/2010\/1089";"http:\/\/inspire.ec.europa.eu\/id\/ats\/metadata\/2.0\/sds-interoperable";"http:\/\/www.opengis.net\/def\/serviceType\/ogc\/wfs";"http:\/\/inspire.ec.europa.eu\/metadata-codelist\/QualityOfServiceCriteria\/availability";"urn:ogc:def:uom:OGC::percent";"http:\/\/inspire.ec.europa.eu\/metadata-codelist\/QualityOfServiceCriteria\/performance";"http:\/\/www.opengis.net\/def\/uom\/SI\/second";"http:\/\/inspire.ec.europa.eu\/metadata-codelist\/QualityOfServiceCriteria\/capacity";"http:\/\/www.opengis.net\/def\/uom\/OGC\/1.0\/unity"",""Conform verordening; validatie uitgevoerd met de ETF Validator voor INSPIRE view en downloadservices versie 1.4.1";"De service voldoet aan de requirements van de interoperable conformance class";"De service voldoet aan de requirements van de WFS 2.0 conformance class";"Beschikbaarheid op jaarbasis; uitgedrukt in percentage in tijd";"Gemiddelde response tijd; uitgedrukt in seconden";"Maximum aantal gelijktijdige requests per seconde die aan de performance criteria voldoen; uitgedrukt als aantal requests per seconde"",""true";"true";"true""
"772bec8e-ae4f-4cc5-8d8c-e7e56d89c59a","CBS Vierkantstatistieken 500m 2005 WFS","https://service.pdok.nl/cbs/vierkantstatistieken500m/2005/wfs/v1_0?request=GetCapabilities&service=WFS","other",""https:\/\/eur-lex.europa.eu\/eli\/reg\/2010\/1089";"http:\/\/inspire.ec.europa.eu\/id\/ats\/metadata\/2.0\/sds-invocable";"http:\/\/www.opengis.net\/def\/serviceType\/ogc\/wfs"",""Conform verordening; validatie uitgevoerd met de ETF Validator voor INSPIRE view en downloadservices versie 1.4.1";"De service voldoet aan de requirements van de invocable conformance class";"De service voldoet aan de requirements van de WFS 2.0 conformance class"",""true";"true";"true""
"45f9ddb3-8929-4c6c-aa99-dc99f7cedb04","CBS Vierkantstatistieken 500m 2021 WMS","https://service.pdok.nl/cbs/vierkantstatistieken500m/2021/wms/v1_0?request=GetCapabilities&service=WMS","view",""https:\/\/eur-lex.europa.eu\/eli\/reg\/2009\/976";"https:\/\/inspire.ec.europa.eu\/documents\/technical-guidance-implementation-inspire-view-services"",""Conform verordening; validatie uitgevoerd met de ETF Validator voor INSPIRE view en downloadservices versie 1.4.1";"Conform technische specificatie; validatie uitgevoerd met de ETF Validator voor INSPIRE view en downloadservices versie 1.4.1"",""true";"true""
"651421b3-63a7-4388-8566-11119bdcb874","CBS Vierkantstatistieken 500m 2009 WFS","https://service.pdok.nl/cbs/vierkantstatistieken500m/2009/wfs/v1_0?request=GetCapabilities&service=WFS","other",""https:\/\/eur-lex.europa.eu\/eli\/reg\/2010\/1089";"http:\/\/inspire.ec.europa.eu\/id\/ats\/metadata\/2.0\/sds-invocable";"http:\/\/www.opengis.net\/def\/serviceType\/ogc\/wfs"",""Conform verordening; validatie uitgevoerd met de ETF Validator voor INSPIRE view en downloadservices versie 1.4.1";"De service voldoet aan de requirements van de invocable conformance class";"De service voldoet aan de requirements van de WFS 2.0 conformance class"",""true";"true";"true""
"2bb40c12-2e2f-456b-95c8-1e36fa974c4d","CBS Wijken en Buurten 2025 WFS","https://service.pdok.nl/cbs/wijkenbuurten/2025/wfs/v1_0?request=GetCapabilities&service=WFS","other",""https:\/\/eur-lex.europa.eu\/eli\/reg\/2010\/1089";"http:\/\/inspire.ec.europa.eu\/id\/ats\/metadata\/2.0\/sds-invocable";"http:\/\/www.opengis.net\/def\/serviceType\/ogc\/wfs"",""Conform verordening; validatie uitgevoerd met de ETF Validator voor INSPIRE view en downloadservices versie 1.4.1";"De service voldoet aan de requirements van de invocable conformance class";"De service voldoet aan de requirements van de WFS 2.0 conformance class"",""true";"true";"true""
"2148f2fa-ab3c-44df-b66f-ac42ce6f1eed","CBS Vierkantstatistieken 100m 2011 WMS","https://service.pdok.nl/cbs/vierkantstatistieken100m/2011/wms/v1_0?request=GetCapabilities&service=WMS","view",""https:\/\/eur-lex.europa.eu\/eli\/reg\/2009\/976";"https:\/\/inspire.ec.europa.eu\/documents\/technical-guidance-implementation-inspire-view-services-1"",""Conform verordening; validatie uitgevoerd met de ETF Validator voor INSPIRE view en downloadservices versie 1.4.1";"Conform technische specificatie; Validatie uitgevoerd met de ETF Validator voor INSPIRE view en downloadservices versie 1.4.1"",""true";"true""
"af4841b5-ce83-4edb-af41-429a21140316","Habitatrichtlijn verspreiding van habitattypen WFS","https://service.pdok.nl/rvo/habitatrichtlijn-verspreiding-typen/wfs/v1_0?request=GetCapabilities&service=WFS","other",""http:\/\/data.europa.eu\/eli\/reg\/2010\/1089";"http:\/\/inspire.ec.europa.eu\/id\/ats\/metadata\/2.0\/sds-invocable";"http:\/\/www.opengis.net\/def\/serviceType\/ogc\/wfs"",""Deze service voldoet aan de specificaties voor spatial data services";"De service voldoet aan de requirements van de invocable conformance class";"De service voldoet aan de requirements van de WFS 2.0 conformance class"",""true";"true";"true""
"8a1d1e07-ad95-40a4-adb1-23a3504543a4","CBS Vierkantstatistieken 100m 2021 WMS","https://service.pdok.nl/cbs/vierkantstatistieken100m/2021/wms/v1_0?request=GetCapabilities&service=WMS","view",""https:\/\/eur-lex.europa.eu\/eli\/reg\/2009\/976";"https:\/\/inspire.ec.europa.eu\/documents\/technical-guidance-implementation-inspire-view-services-1"",""Conform verordening; validatie uitgevoerd met de ETF Validator voor INSPIRE view en downloadservices versie 1.4.1";"Conform technische specificatie; Validatie uitgevoerd met de ETF Validator voor INSPIRE view en downloadservices versie 1.4.1"",""true";"true""
"deb81ebe-c7a7-42ba-bc21-f07cd348c3e8","CSW Nationaal Georegister (NGR)","https://nationaalgeoregister.nl/geonetwork/srv/dut/csw-inspire?request=GetCapabilities&Service=CSW&Version=2.0.1","discovery",""https:\/\/eur-lex.europa.eu\/eli\/reg\/2010\/1089";"https:\/\/inspire.ec.europa.eu\/documents\/technical-guidance-implementation-inspire-discovery-services-0"",""Deze service is conform INSPIRE richtlijn betreffende diensten met betrekking tot ruimtelijke gegevens";"Deze service is conform de Technical Guidance for INSPIRE Discovery Services"",""true";"true""
"9c80458b-12c6-4d38-8f6d-387ab6e4ed21","Natura2000 WMS","https://service.pdok.nl/rvo/natura2000/wms/v1_0?request=getcapabilities&service=wms","view","#notpresent",""VERORDENING (EG) Nr. 976\/2009 VAN DE COMMISSIE van 19 oktober 2009 tot uitvoering van Richtlijn 2007\/2\/EG van het Europees Parlement en de Raad wat betreft de netwerkdiensten";"Conform verordening; validatie uitgevoerd met de ETF Validator voor INSPIRE view en downloadservices versie 1.4.1";"Technical Guidance for the implementation of INSPIRE View Services v3.11";"Conform technische specificatie; Validatie uitgevoerd met de ETF Validator voor INSPIRE view en downloadservices versie 1.4.1"",""false";"false""
"f2437a92-ddd3-4777-a1bc-fdf4b4a7fcb8","NWB - Wegen (Nationaal Wegen Bestand) WMS","https://service.pdok.nl/rws/nationaal-wegenbestand-wegen/wms/v1_0?request=GetCapabilities&service=WMS","view",""https:\/\/eur-lex.europa.eu\/eli\/reg\/2009\/976";"https:\/\/inspire.ec.europa.eu\/documents\/technical-guidance-implementation-inspire-view-services"",""Conform verordening; validatie uitgevoerd met de ETF Validator voor INSPIRE view en downloadservices versie 1.4.1";"Conform technische specificatie; validatie uitgevoerd met de ETF Validator voor INSPIRE view en downloadservices versie 1.4.1"",""true";"true""
"a301ddc7-c26f-42d8-b367-509ae5ae47d0","Luchtfoto Beeldmateriaal 25cm en 8 en 5cm RGB WMS","https:\/\/service.pdok.nl\/hwh\/luchtfotorgb\/wms\/v1_0?request=GetCapabilities&service=wms","view","#notpresent",""VERORDENING (EG) Nr. 976\/2009 VAN DE COMMISSIE van 19 oktober 2009 tot uitvoering van Richtlijn 2007\/2\/EG van het Europees Parlement en de Raad wat betreft de netwerkdiensten";"Conform verordening; validatie uitgevoerd met de ETF Validator voor INSPIRE view en downloadservices versie 1.4.1";"Technical Guidance for the implementation of INSPIRE View Services";"Conform technische specificatie; Validatie uitgevoerd met de ETF Validator voor INSPIRE view en downloadservices versie 1.4.1"",""true";"true""
"94e5b115-bece-4140-99ed-93b8f363948e","Actueel Hoogtebestand Nederland (AHN) WMS","https://service.pdok.nl/rws/actueel-hoogtebestand-nederland/wms/v1_0?request=GetCapabilities&service=WMS","view",""http:\/\/data.europa.eu\/eli\/reg\/2009\/976";"https:\/\/inspire.ec.europa.eu\/documents\/technical-guidance-implementation-inspire-view-services-1"",""Conform verordening";"Conform technische specificatie"",""true";"true""
"03c48a93-1e31-4c69-92c6-9a7efecf67a9","Digitaal Topografisch Bestand (DTB) WFS","https://service.pdok.nl/rws/digitaal-topografisch-bestand/wfs/v1_0?request=GetCapabilities&service=WFS","other",""https:\/\/eur-lex.europa.eu\/eli\/reg\/2010\/1089";"http:\/\/inspire.ec.europa.eu\/id\/ats\/metadata\/2.0\/sds-invocable";"http:\/\/www.opengis.net\/def\/serviceType\/ogc\/wfs"",""Conform verordening; validatie uitgevoerd met de ETF Validator voor INSPIRE view en downloadservices versie 1.4.1";"De service voldoet aan de requirements van de invocable conformance class";"De service voldoet aan de requirements van de WFS 2.0 conformance class"",""true";"true";"true""
"b39970a9-e1d7-4a20-9fbd-57661f6d6849","CBS Gebiedsindelingen 2018 WFS","https://service.pdok.nl/cbs/gebiedsindelingen/2018/wfs/v1_0?request=GetCapabilities&service=WFS","other",""https:\/\/eur-lex.europa.eu\/eli\/reg\/2010\/1089";"http:\/\/inspire.ec.europa.eu\/id\/ats\/metadata\/2.0\/sds-invocable";"http:\/\/www.opengis.net\/def\/serviceType\/ogc\/wfs"",""Conform verordening; validatie uitgevoerd met de ETF Validator voor INSPIRE view en downloadservices versie 1.4.1";"De service voldoet aan de requirements van de invocable conformance class";"De service voldoet aan de requirements van de WFS 2.0 conformance class"",""true";"true";"true""
"8c280cce-ef1b-49b6-93dc-6cee38956101","CBS Gebiedsindelingen 2017 WFS","https://service.pdok.nl/cbs/gebiedsindelingen/2017/wfs/v1_0?request=GetCapabilities&service=WFS","other",""https:\/\/eur-lex.europa.eu\/eli\/reg\/2010\/1089";"http:\/\/inspire.ec.europa.eu\/id\/ats\/metadata\/2.0\/sds-invocable";"http:\/\/www.opengis.net\/def\/serviceType\/ogc\/wfs"",""Conform verordening; validatie uitgevoerd met de ETF Validator voor INSPIRE view en downloadservices versie 1.4.1";"De service voldoet aan de requirements van de invocable conformance class";"De service voldoet aan de requirements van de WFS 2.0 conformance class"",""true";"true";"true""
"b651f7a5-3387-4377-b9e4-2d1a29fa9707","CBS Gebiedsindelingen 2026 WFS","https://service.pdok.nl/cbs/gebiedsindelingen/2026/wfs/v1_0?request=GetCapabilities&service=WFS","other",""https:\/\/eur-lex.europa.eu\/eli\/reg\/2010\/1089";"http:\/\/inspire.ec.europa.eu\/id\/ats\/metadata\/2.0\/sds-invocable";"http:\/\/www.opengis.net\/def\/serviceType\/ogc\/wfs"",""Conform verordening; validatie uitgevoerd met de ETF Validator voor INSPIRE view en downloadservices versie 1.4.1";"De service voldoet aan de requirements van de invocable conformance class";"De service voldoet aan de requirements van de WFS 2.0 conformance class"",""true";"true";"true""
"8c61b066-de2a-4b80-bd20-c878e4edae86","CBS Gebiedsindelingen 2019 WFS","https://service.pdok.nl/cbs/gebiedsindelingen/2019/wfs/v1_0?request=GetCapabilities&service=WFS","other",""https:\/\/eur-lex.europa.eu\/eli\/reg\/2010\/1089";"http:\/\/inspire.ec.europa.eu\/id\/ats\/metadata\/2.0\/sds-invocable";"http:\/\/www.opengis.net\/def\/serviceType\/ogc\/wfs"",""Conform verordening; validatie uitgevoerd met de ETF Validator voor INSPIRE view en downloadservices versie 1.4.1";"De service voldoet aan de requirements van de invocable conformance class";"De service voldoet aan de requirements van de WFS 2.0 conformance class"",""true";"true";"true""
"a22e453d-2dfb-45b0-ae1b-afb813508ddb","CBS Vierkantstatistieken 500m 2020 WFS","https://service.pdok.nl/cbs/vierkantstatistieken500m/2020/wfs/v1_0?request=GetCapabilities&service=WFS","other",""https:\/\/eur-lex.europa.eu\/eli\/reg\/2010\/1089";"http:\/\/inspire.ec.europa.eu\/id\/ats\/metadata\/2.0\/sds-invocable";"http:\/\/www.opengis.net\/def\/serviceType\/ogc\/wfs"",""Conform verordening; validatie uitgevoerd met de ETF Validator voor INSPIRE view en downloadservices versie 1.4.1";"De service voldoet aan de requirements van de invocable conformance class";"De service voldoet aan de requirements van de WFS 2.0 conformance class"",""true";"true";"true""
"9b683a29-c99e-4699-9c21-abf330aeee48","Faciliteiten voor productie en industrie - Productiefaciliteiten - REV (INSPIRE geharmoniseerd) ATOM","https://service.pdok.nl/rws/productie-en-industrie-productiefaciliteiten/atom/index.xml","download",""https:\/\/eur-lex.europa.eu\/eli\/reg\/2009\/976";"https:\/\/inspire.ec.europa.eu\/documents\/technical-guidance-implementation-inspire-download-services"",""Conform verordening; validatie uitgevoerd met de ETF Validator voor INSPIRE view en downloadservices versie 1.4.1";"Conform technische specificatie; validatie uitgevoerd met de ETF Validator voor INSPIRE view en downloadservices versie 1.4.1"",""true";"true""
"7c651e06-858e-4184-8de3-da9def9c6fd0","BRO Bodemkaart (SGM) ATOM","https://service.pdok.nl/tno/bro-bodemkaart/atom/index.xml","download",""https:\/\/eur-lex.europa.eu\/eli\/reg\/2009\/976";"https:\/\/inspire.ec.europa.eu\/documents\/technical-guidance-implementation-inspire-download-services"",""Conform verordening; validatie uitgevoerd met de ETF Validator voor INSPIRE view en downloadservices versie 1.4.1";"Conform technische specificatie; validatie uitgevoerd met de ETF Validator voor INSPIRE view en downloadservices versie 1.4.1"",""true";"true""
"3e169cbc-b78d-473d-9f1d-34c3f629134a","CBS Vierkantstatistieken 100m 2002 WFS","https://service.pdok.nl/cbs/vierkantstatistieken100m/2002/wfs/v1_0?request=GetCapabilities&service=WFS","other",""https:\/\/eur-lex.europa.eu\/eli\/reg\/2010\/1089";"http:\/\/inspire.ec.europa.eu\/id\/ats\/metadata\/2.0\/sds-invocable";"http:\/\/www.opengis.net\/def\/serviceType\/ogc\/wfs"",""Conform verordening; validatie uitgevoerd met de ETF Validator voor INSPIRE view en downloadservices versie 1.4.1";"De service voldoet aan de requirements van de invocable conformance class";"De service voldoet aan de requirements van de WFS 2.0 conformance class"",""true";"true";"true""
"1b2e3afd-e5dd-4d05-aeee-a75091a76beb","CBS Gebiedsindelingen 2016 WMS","https://service.pdok.nl/cbs/gebiedsindelingen/2016/wms/v1_0?request=GetCapabilities&service=WMS","view",""https:\/\/eur-lex.europa.eu\/eli\/reg\/2009\/976";"https:\/\/inspire.ec.europa.eu\/documents\/technical-guidance-implementation-inspire-view-services-1"",""Conform verordening; validatie uitgevoerd met de ETF Validator voor INSPIRE view en downloadservices versie 1.4.1";"Conform technische specificatie; Validatie uitgevoerd met de ETF Validator voor INSPIRE view en downloadservices versie 1.4.1"",""true";"true""
"66b293b0-e9d4-4d6f-9f37-30d10af1d7db","CBS Vierkantstatistieken 500m 2021 WFS","https://service.pdok.nl/cbs/vierkantstatistieken500m/2021/wfs/v1_0?request=GetCapabilities&service=WFS","other",""https:\/\/eur-lex.europa.eu\/eli\/reg\/2010\/1089";"http:\/\/inspire.ec.europa.eu\/id\/ats\/metadata\/2.0\/sds-invocable";"http:\/\/www.opengis.net\/def\/serviceType\/ogc\/wfs"",""Conform verordening; validatie uitgevoerd met de ETF Validator voor INSPIRE view en downloadservices versie 1.4.1";"De service voldoet aan de requirements van de invocable conformance class";"De service voldoet aan de requirements van de WFS 2.0 conformance class"",""true";"true";"true""
"e79ffdbb-f5cf-44ce-b5c2-ff4cbdf0abf4","CBS Vierkantstatistieken 100m 2000 WFS","https://service.pdok.nl/cbs/vierkantstatistieken100m/2000/wfs/v1_0?request=GetCapabilities&service=WFS","other",""https:\/\/eur-lex.europa.eu\/eli\/reg\/2010\/1089";"http:\/\/inspire.ec.europa.eu\/id\/ats\/metadata\/2.0\/sds-invocable";"http:\/\/www.opengis.net\/def\/serviceType\/ogc\/wfs"",""Conform verordening; validatie uitgevoerd met de ETF Validator voor INSPIRE view en downloadservices versie 1.4.1";"De service voldoet aan de requirements van de invocable conformance class";"De service voldoet aan de requirements van de WFS 2.0 conformance class"",""true";"true";"true""
"3ebe56dc-5f09-4fb3-b224-55c2db4ca2fd","RD info WFS","https:\/\/service.pdok.nl\/kadaster\/rdinfo\/wfs\/v1_0?request=getcapabilities&service=WFS","download","#notpresent",""VERORDENING (EG) Nr. 976\/2009 VAN DE COMMISSIE van 19 oktober 2009 tot uitvoering van Richtlijn 2007\/2\/EG van het Europees Parlement en de Raad wat betreft de netwerkdiensten";"Conform verordening; validatie uitgevoerd met de ETF Validator voor INSPIRE view en downloadservices versie 1.4.1";"Technical Guidance for the implementation of INSPIRE Download Services v3.1";"Conform technische specificatie; Validatie uitgevoerd met de ETF Validator voor INSPIRE view en downloadservices versie 1.4.1"",""true";"true""
"2d9bc8cd-96ef-43e5-863e-cfc157a4bb36","CBS Wijken en buurten 2025 OGC API Features","https://api.pdok.nl/cbs/wijken-en-buurten-2025/ogc/v1","other",""https:\/\/data.europa.eu\/eli\/reg\/2010\/1089";"http:\/\/inspire.ec.europa.eu\/id\/ats\/metadata\/2.0\/sds-invocable";"http:\/\/www.opengis.net\/def\/interface\/ogcapi-features"",""Conform verordening";"De service voldoet aan de requirements van de invocable conformance class";"is conform OGC API features specificatie"",""true";"true";"true""
"db353b96-5d0b-453c-87c6-4466dfb65a9b","CBS Gebiedsindelingen 2020 WFS","https://service.pdok.nl/cbs/gebiedsindelingen/2020/wfs/v1_0?request=GetCapabilities&service=WFS","other",""https:\/\/eur-lex.europa.eu\/eli\/reg\/2010\/1089";"http:\/\/inspire.ec.europa.eu\/id\/ats\/metadata\/2.0\/sds-invocable";"http:\/\/www.opengis.net\/def\/serviceType\/ogc\/wfs"",""Conform verordening; validatie uitgevoerd met de ETF Validator voor INSPIRE view en downloadservices versie 1.4.1";"De service voldoet aan de requirements van de invocable conformance class";"De service voldoet aan de requirements van de WFS 2.0 conformance class"",""true";"true";"true""
"ab1c5d6a-c40f-4277-a9c0-a3e54f803c0f","Begrenzingen van vergunde ontgrondingsgebieden voor zand- en grindwinning (INSPIRE geharmoniseerd) ATOM","https://service.pdok.nl/provincies/begrenzingen-vergunde-ontgrondingsgebieden-zand-grindwinning/atom/index.xml","download",""https:\/\/eur-lex.europa.eu\/eli\/reg\/2009\/976";"https:\/\/inspire.ec.europa.eu\/documents\/technical-guidance-implementation-inspire-download-services"",""Conform verordening; validatie uitgevoerd met de ETF Validator voor INSPIRE view en downloadservices versie 1.4.1";"Conform technische specificatie; Validatie uitgevoerd met de ETF Validator voor INSPIRE view en downloadservices versie 1.4.1"",""true";"true""
"29986bd7-b5ce-4d0f-acdd-6b00ec84cfec","CBS Vierkantstatistieken 500m 2006 WFS","https://service.pdok.nl/cbs/vierkantstatistieken500m/2006/wfs/v1_0?request=GetCapabilities&service=WFS","other",""https:\/\/eur-lex.europa.eu\/eli\/reg\/2010\/1089";"http:\/\/inspire.ec.europa.eu\/id\/ats\/metadata\/2.0\/sds-invocable";"http:\/\/www.opengis.net\/def\/serviceType\/ogc\/wfs"",""Conform verordening; validatie uitgevoerd met de ETF Validator voor INSPIRE view en downloadservices versie 1.4.1";"De service voldoet aan de requirements van de invocable conformance class";"De service voldoet aan de requirements van de WFS 2.0 conformance class"",""true";"true";"true""
"55a77659-2021-4805-b4ee-4d9d123d8a52","CBS Vierkantstatistieken 100m 2007 WFS","https://service.pdok.nl/cbs/vierkantstatistieken100m/2007/wfs/v1_0?request=GetCapabilities&service=WFS","other",""https:\/\/eur-lex.europa.eu\/eli\/reg\/2010\/1089";"http:\/\/inspire.ec.europa.eu\/id\/ats\/metadata\/2.0\/sds-invocable";"http:\/\/www.opengis.net\/def\/serviceType\/ogc\/wfs"",""Conform verordening; validatie uitgevoerd met de ETF Validator voor INSPIRE view en downloadservices versie 1.4.1";"De service voldoet aan de requirements van de invocable conformance class";"De service voldoet aan de requirements van de WFS 2.0 conformance class"",""true";"true";"true""
"92397fc4-a24b-4530-9a01-18860e122246","BRO Geotechnisch sondeeronderzoek (CPT) ATOM","https://service.pdok.nl/tno/bro-geotechnischsondeeronderzoek/atom/index.xml","download",""https:\/\/data.europa.eu\/eli\/reg\/2009\/976";"https:\/\/inspire.ec.europa.eu\/documents\/technical-guidance-implementation-inspire-download-services"",""Conform verordening";"Conform technische specificatie"",""true";"true""
"8924a73f-0883-4432-af7e-f6823e098fdc","CBS Gebiedsindelingen 2023 WFS","https://service.pdok.nl/cbs/gebiedsindelingen/2023/wfs/v1_0?request=GetCapabilities&service=WFS","other",""https:\/\/eur-lex.europa.eu\/eli\/reg\/2010\/1089";"http:\/\/inspire.ec.europa.eu\/id\/ats\/metadata\/2.0\/sds-invocable";"http:\/\/www.opengis.net\/def\/serviceType\/ogc\/wfs"",""Conform verordening; validatie uitgevoerd met de ETF Validator voor INSPIRE view en downloadservices versie 1.4.1";"De service voldoet aan de requirements van de invocable conformance class";"De service voldoet aan de requirements van de WFS 2.0 conformance class"",""true";"true";"true""
"9c4c9bbc-4746-414b-9599-b67db6de1d6d","CBS Gebiedsindelingen 2021 WFS","https://service.pdok.nl/cbs/gebiedsindelingen/2021/wfs/v1_0?request=GetCapabilities&service=WFS","other",""https:\/\/eur-lex.europa.eu\/eli\/reg\/2010\/1089";"http:\/\/inspire.ec.europa.eu\/id\/ats\/metadata\/2.0\/sds-invocable";"http:\/\/www.opengis.net\/def\/serviceType\/ogc\/wfs"",""Conform verordening; validatie uitgevoerd met de ETF Validator voor INSPIRE view en downloadservices versie 1.4.1";"De service voldoet aan de requirements van de invocable conformance class";"De service voldoet aan de requirements van de WFS 2.0 conformance class"",""true";"true";"true""
"150e3a18-44ed-43bd-b0fd-70ff7a3e6906","CBS Gebiedsindelingen 2016 WFS","https://service.pdok.nl/cbs/gebiedsindelingen/2016/wfs/v1_0?request=GetCapabilities&service=WFS","other",""https:\/\/eur-lex.europa.eu\/eli\/reg\/2010\/1089";"http:\/\/inspire.ec.europa.eu\/id\/ats\/metadata\/2.0\/sds-invocable";"http:\/\/www.opengis.net\/def\/serviceType\/ogc\/wfs"",""Conform verordening; validatie uitgevoerd met de ETF Validator voor INSPIRE view en downloadservices versie 1.4.1";"De service voldoet aan de requirements van de invocable conformance class";"De service voldoet aan de requirements van de WFS 2.0 conformance class"",""true";"true";"true""
"1f1a61d1-5ba2-4464-baea-e7620f116d6c","CBS Vierkantstatistieken 100m 2022 WFS","https://service.pdok.nl/cbs/vierkantstatistieken100m/2022/wfs/v1_0?request=GetCapabilities&service=WFS","other",""https:\/\/eur-lex.europa.eu\/eli\/reg\/2010\/1089";"http:\/\/inspire.ec.europa.eu\/id\/ats\/metadata\/2.0\/sds-invocable";"http:\/\/www.opengis.net\/def\/serviceType\/ogc\/wfs"",""Conform verordening; validatie uitgevoerd met de ETF Validator voor INSPIRE view en downloadservices versie 1.4.1";"De service voldoet aan de requirements van de invocable conformance class";"De service voldoet aan de requirements van de WFS 2.0 conformance class"",""true";"true";"true""
"5dacef44-361e-4a3d-b86f-1d6d26297337","CBS Gebiedsindelingen 2022 WFS","https://service.pdok.nl/cbs/gebiedsindelingen/2022/wfs/v1_0?request=GetCapabilities&service=WFS","other",""https:\/\/eur-lex.europa.eu\/eli\/reg\/2010\/1089";"http:\/\/inspire.ec.europa.eu\/id\/ats\/metadata\/2.0\/sds-invocable";"http:\/\/www.opengis.net\/def\/serviceType\/ogc\/wfs"",""Conform verordening; validatie uitgevoerd met de ETF Validator voor INSPIRE view en downloadservices versie 1.4.1";"De service voldoet aan de requirements van de invocable conformance class";"De service voldoet aan de requirements van de WFS 2.0 conformance class"",""true";"true";"true""
"4497fd50-d8cb-4131-ba38-be3020f0b76b","CBS Gebiedsindelingen 2024 WFS","https://service.pdok.nl/cbs/gebiedsindelingen/2024/wfs/v1_0?request=GetCapabilities&service=WFS","other",""https:\/\/eur-lex.europa.eu\/eli\/reg\/2010\/1089";"http:\/\/inspire.ec.europa.eu\/id\/ats\/metadata\/2.0\/sds-invocable";"http:\/\/www.opengis.net\/def\/serviceType\/ogc\/wfs"",""Conform verordening; validatie uitgevoerd met de ETF Validator voor INSPIRE view en downloadservices versie 1.4.1";"De service voldoet aan de requirements van de invocable conformance class";"De service voldoet aan de requirements van de WFS 2.0 conformance class"",""true";"true";"true""
"9e2e977a-16a6-42a4-a208-c4f70704f383","BAG WMS","https:\/\/service.pdok.nl\/kadaster\/bag\/wms\/v2_0?request=getCapabilities&service=WMS","view","#notpresent",""VERORDENING (EG) Nr. 976\/2009 VAN DE COMMISSIE van 19 oktober 2009 tot uitvoering van Richtlijn 2007\/2\/EG van het Europees Parlement en de Raad wat betreft de netwerkdiensten";"Conform verordening; validatie uitgevoerd met de ETF Validator voor INSPIRE view en downloadservices versie 1.4.1";"Technical Guidance for the implementation of INSPIRE View Services v3.11";"Conform technische specificatie; Validatie uitgevoerd met de ETF Validator voor INSPIRE view en downloadservices versie 1.4.1"",""true";"true""
"6c62e0a5-c215-4e47-94b0-a239e264417d","Ruimtelijke plannen Wro: Ruimtelijkeplannen.nl WMS","https://service.pdok.nl/kadaster/ruimtelijke-plannen/wms/v1_0?request=getcapabilities&service=WMS","view","#notpresent",""VERORDENING (EG) Nr. 976\/2009 VAN DE COMMISSIE van 19 oktober 2009 tot uitvoering van Richtlijn 2007\/2\/EG van het Europees Parlement en de Raad wat betreft de netwerkdiensten";"Conform verordening; validatie uitgevoerd met de ETF Validator voor INSPIRE view en downloadservices versie 1.4.1";"Technical Guidance for the implementation of INSPIRE View Services v3.11";"Conform technische specificatie; Validatie uitgevoerd met de ETF Validator voor INSPIRE view en downloadservices versie 1.4.1"",""true";"true""
"734bdcf3-e825-48da-9872-46cb132ef763","BRO - Geologisch booronderzoek (BHR-G) WMS","https://service.pdok.nl/tno/bro-geologisch-booronderzoek/wms/v1_0?request=GetCapabilities&service=WMS","view",""https:\/\/eur-lex.europa.eu\/eli\/reg\/2009\/976";"https:\/\/inspire.ec.europa.eu\/documents\/technical-guidance-implementation-inspire-view-services"",""Conform verordening; validatie uitgevoerd met de ETF Validator voor INSPIRE view en downloadservices versie 1.4.1";"Conform technische specificatie; validatie uitgevoerd met de ETF Validator voor INSPIRE view en downloadservices versie 1.4.1"",""true";"true""
"a9065804-f397-43d7-a426-700bc43d0320","BRO Booronderzoek: Geotechnische boormonsterbeschrijving en boormonsteranalyse (BHR-GT) WMS","https://service.pdok.nl/tno/bro-geotechnisch-booronderzoek/wms/v1_0?request=GetCapabilities&service=WMS","view",""https:\/\/data.europa.eu\/eli\/reg\/2009\/976";"https:\/\/inspire.ec.europa.eu\/documents\/technical-guidance-implementation-inspire-view-services-1"",""Conform verordening";"Conform technische specificatie"",""true";"true""
"c1e28873-45a1-44c9-86b6-048a83c4816d","BRO Bodemkundig Booronderzoek (BHR-P) WMS","https://service.pdok.nl/tno/bro-bodemkundig-booronderzoek/wms/v1_0?request=GetCapabilities&service=WMS","view",""https:\/\/data.europa.eu\/eli\/reg\/2009\/976";"https:\/\/inspire.ec.europa.eu\/documents\/technical-guidance-implementation-inspire-view-services-1"",""Conform verordening";"Conform technische specificatie"",""true";"true""
"859f498e-4701-404b-983f-b8e437a1c14f","BRO - Mijnbouwconstructie (EPC) WMS","https://service.pdok.nl/tno/bro-mijnbouwconstructie/wms/v1_0?request=getCapabilities&service=WMS","view",""https:\/\/eur-lex.europa.eu\/eli\/reg\/2009\/976";"https:\/\/inspire.ec.europa.eu\/documents\/technical-guidance-implementation-inspire-view-services"",""Conform verordening; validatie uitgevoerd met de ETF Validator voor INSPIRE view en downloadservices versie 1.4.1";"Conform technische specificatie; validatie uitgevoerd met de ETF Validator voor INSPIRE view en downloadservices versie 1.4.1"",""true";"true""
"fceb610a-5d35-4a0c-a74b-3117b30b1533","BRO Wandonderzoek - bodemkunde (SFR) WMS","https://service.pdok.nl/tno/bro-wandonderzoek/wms/v1_0?request=getcapabilities&service=WMS","view",""https:\/\/data.europa.eu\/eli\/reg\/2009\/976";"https:\/\/inspire.ec.europa.eu\/documents\/technical-guidance-implementation-inspire-view-services-1"",""Conform verordening";"Conform technische specificatie"",""true";"true""
"b45e064c-a013-4a12-97fe-df751da9f5e3","BRO Geotechnisch sondeeronderzoek (CPT) WMS","https://service.pdok.nl/tno/bro-geotechnischsondeeronderzoek/wms/v1_0?request=GetCapabilities&service=WMS","view",""https:\/\/data.europa.eu\/eli\/reg\/2009\/976";"https:\/\/inspire.ec.europa.eu\/documents\/technical-guidance-implementation-inspire-view-services-1"",""Conform verordening";"Conform technische specificatie"",""true";"true""
"15796113-d46d-49db-8e22-0b0ab66e3d23","CBS Vierkantstatistieken 500m 2022 WMS","https://service.pdok.nl/cbs/vierkantstatistieken500m/2022/wms/v1_0?request=GetCapabilities&service=WMS","view",""https:\/\/eur-lex.europa.eu\/eli\/reg\/2009\/976";"https:\/\/inspire.ec.europa.eu\/documents\/technical-guidance-implementation-inspire-view-services"",""Conform verordening; validatie uitgevoerd met de ETF Validator voor INSPIRE view en downloadservices versie 1.4.1";"Conform technische specificatie; validatie uitgevoerd met de ETF Validator voor INSPIRE view en downloadservices versie 1.4.1"",""true";"true""
"180b6682-5d6f-429d-abb7-32f7d6253787","Windsnelheden op 100m hoogte (m/s) WFS","https://service.pdok.nl/rvo/windsnelheden/wfs/v1_0?request=getcapabilities&service=WFS","other",""https:\/\/eur-lex.europa.eu\/eli\/reg\/2010\/1089";"http:\/\/inspire.ec.europa.eu\/id\/ats\/metadata\/2.0\/sds-invocable";"http:\/\/www.opengis.net\/def\/serviceType\/ogc\/wfs"",""Conform verordening; validatie uitgevoerd met de ETF Validator voor INSPIRE view en downloadservices versie 1.4.1";"De service voldoet aan de requirements van de invocable conformance class";"De service voldoet aan de requirements van de WFS 2.0 conformance class"",""true";"true";"true""
"b9fa42a0-41f9-4405-a593-d51721939222","CBS Bestand bodemgebruik 2017 WFS","https://service.pdok.nl/cbs/bestand-bodemgebruik-2017/wfs/v1_0?request=getCapabilities&service=WFS","other",""https:\/\/eur-lex.europa.eu\/eli\/reg\/2010\/1089";"http:\/\/inspire.ec.europa.eu\/id\/ats\/metadata\/2.0\/sds-invocable";"http:\/\/www.opengis.net\/def\/serviceType\/ogc\/wfs"",""Conform verordening; validatie uitgevoerd met de ETF Validator voor INSPIRE view en downloadservices versie 1.4.1";"De service voldoet aan de requirements van de invocable conformance class";"De service voldoet aan de requirements van de WFS 2.0 conformance class"",""true";"true";"true""
"ff5d850a-727b-4d44-911d-c7906f282bea","BRO Grondwatergebruiksysteem (GUF) ATOM","https://service.pdok.nl/tno/bro-grondwatergebruiksysteem/atom/index.xml","download",""https:\/\/eur-lex.europa.eu\/eli\/reg\/2009\/976";"https:\/\/inspire.ec.europa.eu\/documents\/technical-guidance-implementation-inspire-download-services"",""Conform verordening; validatie uitgevoerd met de ETF Validator voor INSPIRE view en downloadservices versie 1.4.1";"Conform technische specificatie; validatie uitgevoerd met de ETF Validator voor INSPIRE view en downloadservices versie 1.4.1"",""true";"true""
"a41a3281-ea54-46c6-a01f-a7b0d4f7720a","CBS Wijken en Buurten 2025 WMS","https://service.pdok.nl/cbs/wijkenbuurten/2025/wms/v1_0?request=GetCapabilities&service=WMS","view",""https:\/\/eur-lex.europa.eu\/eli\/reg\/2009\/976";"https:\/\/inspire.ec.europa.eu\/documents\/technical-guidance-implementation-inspire-view-services"",""Conform verordening; validatie uitgevoerd met de ETF Validator voor INSPIRE view en downloadservices versie 1.4.1";"Conform technische specificatie; validatie uitgevoerd met de ETF Validator voor INSPIRE view en downloadservices versie 1.4.1"",""true";"true""
"23708dc7-0f29-485c-aaa2-2b7266124b2b","CBS Gebiedsindelingen 2025 WFS","https://service.pdok.nl/cbs/gebiedsindelingen/2025/wfs/v1_0?request=GetCapabilities&service=WFS","other",""https:\/\/eur-lex.europa.eu\/eli\/reg\/2010\/1089";"http:\/\/inspire.ec.europa.eu\/id\/ats\/metadata\/2.0\/sds-invocable";"http:\/\/www.opengis.net\/def\/serviceType\/ogc\/wfs"",""Conform verordening; validatie uitgevoerd met de ETF Validator voor INSPIRE view en downloadservices versie 1.4.1";"De service voldoet aan de requirements van de invocable conformance class";"De service voldoet aan de requirements van de WFS 2.0 conformance class"",""true";"true";"true""
"1c0dcc64-91aa-4d44-a9e3-54355556f5e7","BAG WFS","https:\/\/service.pdok.nl\/kadaster\/bag\/wfs\/v2_0?request=getCapabilities&service=WFS","other",""http:\/\/";"";"http:\/\/data.europa.eu\/eli\/reg\/2010\/1089";"http:\/\/inspire.ec.europa.eu\/id\/ats\/metadata\/2.0\/sds-invocable";"http:\/\/www.opengis.net\/def\/serviceType\/ogc\/wfs"",""";"Deze service voldoet aan de specificaties voor spatial data services";"De service voldoet aan de requirements van de invocable conformance class";"De service voldoet aan de requirements van de WFS 2.0 conformance class"",""true";"true";"true""
"35ebe5b7-510a-462d-8dbb-0bc45f07dc23","CBS Vierkantstatistieken 500m 2002 WFS","https://service.pdok.nl/cbs/vierkantstatistieken500m/2002/wfs/v1_0?request=GetCapabilities&service=WFS","other",""https:\/\/eur-lex.europa.eu\/eli\/reg\/2010\/1089";"http:\/\/inspire.ec.europa.eu\/id\/ats\/metadata\/2.0\/sds-invocable";"http:\/\/www.opengis.net\/def\/serviceType\/ogc\/wfs"",""Conform verordening; validatie uitgevoerd met de ETF Validator voor INSPIRE view en downloadservices versie 1.4.1";"De service voldoet aan de requirements van de invocable conformance class";"De service voldoet aan de requirements van de WFS 2.0 conformance class"",""true";"true";"true""
"82677435-ce93-4a79-94dd-bbc87fb61f36","Vaarwegmarkeringen Nederland WFS","https://service.pdok.nl/rws/vaarwegmarkeringen-nederland/wfs/v1_0?request=GetCapabilities&service=WFS","other",""https:\/\/eur-lex.europa.eu\/eli\/reg\/2010\/1089";"http:\/\/inspire.ec.europa.eu\/id\/ats\/metadata\/2.0\/sds-invocable";"http:\/\/www.opengis.net\/def\/serviceType\/ogc\/wfs"",""Conform verordening; validatie uitgevoerd met de ETF Validator voor INSPIRE view en downloadservices versie 1.4.1";"De service voldoet aan de requirements van de invocable conformance class";"De service voldoet aan de requirements van de WFS 2.0 conformance class"",""true";"true";"true""
"918388cf-9d8c-4264-b108-3e375bde0d52","Vaarwegmarkeringen Nederland WMS","https://service.pdok.nl/rws/vaarwegmarkeringen-nederland/wms/v1_0?request=GetCapabilities&service=WMS","view","#notpresent",""VERORDENING (EG) Nr. 976\/2009 VAN DE COMMISSIE van 19 oktober 2009 tot uitvoering van Richtlijn 2007\/2\/EG van het Europees Parlement en de Raad wat betreft de netwerkdiensten";"Conform verordening; validatie uitgevoerd met de ETF Validator voor INSPIRE view en downloadservices versie 1.4.1";"Technical Guidance for the implementation of INSPIRE View Services v3.1";"Conform technische specificatie; Validatie uitgevoerd met de ETF Validator voor INSPIRE view en downloadservices versie 1.4.1"",""true";"true""
"252db472-201d-430b-9c55-4d37563787bc","Vaarwegmarkeringen Nederland ATOM","https://service.pdok.nl/rws/vaarwegmarkeringen-nederland/atom/index.xml","download",""https:\/\/eur-lex.europa.eu\/eli\/reg\/2009\/976";"https:\/\/inspire.ec.europa.eu\/documents\/technical-guidance-implementation-inspire-download-services"",""Conform verordening; validatie uitgevoerd met de ETF Validator voor INSPIRE view en downloadservices versie 1.4.1";"Conform technische specificatie; Validatie uitgevoerd met de ETF Validator voor INSPIRE view en downloadservices versie 1.4.1"",""true";"true""
"3ea94c61-36b7-4774-928d-432238b48945","Vaarwegmarkeringen Nederland OGC API Features","https://api.pdok.nl/rws/vaarwegmarkeringen-nederland/ogc/v1","other",""https:\/\/data.europa.eu\/eli\/reg\/2010\/1089";"http:\/\/inspire.ec.europa.eu\/id\/ats\/metadata\/2.0\/sds-invocable";"http:\/\/www.opengis.net\/def\/interface\/ogcapi-features"",""Conform verordening";"De service voldoet aan de requirements van de invocable conformance class";"is conform OGC API features specificatie"",""true";"true";"true""
"5c075a13-9194-4ad3-bf37-e46a0f4727bc","BAG OGC API Features","https://api.pdok.nl/kadaster/bag/ogc/v2","other",""https:\/\/data.europa.eu\/eli\/reg\/2010\/1089";"http:\/\/inspire.ec.europa.eu\/id\/ats\/metadata\/2.0\/sds-invocable";"http:\/\/www.opengis.net\/def\/interface\/ogcapi-features"",""Conform verordening";"De service voldoet aan de requirements van de invocable conformance class";"is conform OGC API features specificatie"",""true";"true";"true""
"b0f20313-2892-415e-82c1-bf77a984e8d8","BAG OGC API (Vector) Tiles","https://api.pdok.nl/kadaster/bag/ogc/v2","other",""https:\/\/data.europa.eu\/eli\/reg\/2010\/1089";"http:\/\/inspire.ec.europa.eu\/id\/ats\/metadata\/2.0\/sds-invocable";"http:\/\/www.opengis.net\/def\/interface\/ogcapi-tiles"",""Conform verordening";"De service voldoet aan de requirements van de invocable conformance class";"is conform OGC API tiles specificatie"",""true";"true";"true""
"061ff1ce-12db-4555-821e-6f63abccd114","CBS Wijken en Buurten 2024 versie 1 WMS","https://service.pdok.nl/cbs/wijkenbuurten/2024/wms/v1_0?request=GetCapabilities&service=WMS","view",""https:\/\/eur-lex.europa.eu\/eli\/reg\/2009\/976";"https:\/\/inspire.ec.europa.eu\/documents\/technical-guidance-implementation-inspire-view-services"",""Conform verordening; validatie uitgevoerd met de ETF Validator voor INSPIRE view en downloadservices versie 1.4.1";"Conform technische specificatie; validatie uitgevoerd met de ETF Validator voor INSPIRE view en downloadservices versie 1.4.1"",""true";"true""
"a6341e75-0dff-4948-9317-433324ab483b","Natuurnetwerk Nederland - Provincies (INSPIRE geharmoniseerd) WMS","https://service.pdok.nl/provincies/natuurnetwerk-nederland/wms/v1_0?request=getcapabilities&service=WMS","view",""https:\/\/eur-lex.europa.eu\/eli\/reg\/2009\/976";"https:\/\/inspire.ec.europa.eu\/documents\/technical-guidance-implementation-inspire-view-services-1"",""Conform verordening; validatie uitgevoerd met de ETF Validator voor INSPIRE view en downloadservices versie 1.4.1";"Conform technische specificatie; Validatie uitgevoerd met de ETF Validator voor INSPIRE view en downloadservices versie 1.4.1"",""true";"true""
"94f241c2-43a2-42c3-8e9e-71976605aa0e","BRT TOP10NL WMS","https://service.pdok.nl/brt/top10nl/wms/v1_0?service=wms&request=getCapabilities","view","#notpresent",""VERORDENING (EG) Nr. 976\/2009 VAN DE COMMISSIE van 19 oktober 2009 tot uitvoering van Richtlijn 2007\/2\/EG van het Europees Parlement en de Raad wat betreft de netwerkdiensten";"Conform verordening; validatie uitgevoerd met de ETF Validator voor INSPIRE view en downloadservices versie 1.4.1";"Technical Guidance for the implementation of INSPIRE View Services v3.11";"Conform technische specificatie; Validatie uitgevoerd met de ETF Validator voor INSPIRE view en downloadservices versie 1.4.1"",""true";"true""
